tid,round,table,p1,p2,result,winner_games,loser_games,both_decklists
set-pass-friday,1,1,b70fc9eca706,f7e22d9a73f9,p2,2,0,False
set-pass-friday,1,2,208af305dfda,27f1fb038b29,p1,2,0,False
set-pass-friday,1,3,09d5586e38d3,0cbc01e460f0,p2,2,0,False
set-pass-friday,1,4,a26099b8d4ef,b2c622dff924,p2,2,0,False
set-pass-friday,1,5,84b2a8d92f13,2484b586c479,p2,2,0,False
set-pass-friday,2,1,2484b586c479,b2c622dff924,p2,2,0,False
set-pass-friday,2,2,0cbc01e460f0,f7e22d9a73f9,p2,2,1,False
set-pass-friday,2,3,208af305dfda,b70fc9eca706,p2,2,0,False
set-pass-friday,2,4,84b2a8d92f13,a26099b8d4ef,p1,2,0,False
set-pass-friday,2,5,09d5586e38d3,27f1fb038b29,p2,2,1,False
set-pass-friday,3,1,f7e22d9a73f9,b2c622dff924,p1,2,1,False
set-pass-friday,3,2,0cbc01e460f0,27f1fb038b29,p1,2,1,False
set-pass-friday,3,3,b70fc9eca706,2484b586c479,p1,2,1,False
set-pass-friday,3,4,208af305dfda,09d5586e38d3,p1,2,0,False
set-pass-friday,3,5,a26099b8d4ef,84b2a8d92f13,p1,2,0,False
legacy-edison-5,1,1,ccba6b43a764,09d5586e38d3,p2,2,0,False
legacy-edison-5,1,2,27f1fb038b29,208af305dfda,p1,2,0,False
legacy-edison-5,1,3,f7e22d9a73f9,7f17ec52aed4,p1,2,0,False
legacy-edison-5,1,4,b2c622dff924,0cbc01e460f0,p1,2,0,False
legacy-edison-5,1,5,145e60c97fcc,84efaae813e1,p2,2,0,False
legacy-edison-5,2,1,84efaae813e1,27f1fb038b29,p1,2,1,False
legacy-edison-5,2,2,b2c622dff924,f7e22d9a73f9,p2,2,1,False
legacy-edison-5,2,3,09d5586e38d3,145e60c97fcc,p1,2,1,False
legacy-edison-5,2,4,0cbc01e460f0,208af305dfda,p1,2,1,False
legacy-edison-5,2,5,ccba6b43a764,7f17ec52aed4,p1,2,0,False
legacy-edison-5,3,1,84efaae813e1,09d5586e38d3,p1,2,1,False
legacy-edison-5,3,2,0cbc01e460f0,7f17ec52aed4,p2,2,1,False
legacy-edison-5,3,3,27f1fb038b29,b2c622dff924,p2,2,0,False
legacy-edison-5,3,4,ccba6b43a764,145e60c97fcc,p1,2,0,False
legacy-edison-5,3,5,208af305dfda,f7e22d9a73f9,p2,2,0,False
legacy-edison-5,4,1,84efaae813e1,f7e22d9a73f9,p1,2,0,False
legacy-edison-5,4,2,b2c622dff924,ccba6b43a764,p2,2,0,False
legacy-edison-5,4,3,09d5586e38d3,7f17ec52aed4,p2,2,0,False
legacy-edison-5,4,4,27f1fb038b29,0cbc01e460f0,p1,2,0,False
the-geekerys-yu-gi-oh-edison-tournament-920,1,1,ae4d18a03f4e,1e8d534677b5,p1,2,1,False
the-geekerys-yu-gi-oh-edison-tournament-920,1,2,24965e5c43ed,9db531f98883,p1,2,1,False
the-geekerys-yu-gi-oh-edison-tournament-920,1,3,ec9edf0fb720,3aa1f1f5d6f3,p1,2,1,False
the-geekerys-yu-gi-oh-edison-tournament-920,1,4,d291288405b5,2e568654220a,p2,2,0,False
the-geekerys-yu-gi-oh-edison-tournament-920,1,5,8316a658620b,f69d636d88b0,p1,2,0,False
the-geekerys-yu-gi-oh-edison-tournament-920,1,6,4264e3c19cef,6d3c8dc34ab6,p1,2,1,False
the-geekerys-yu-gi-oh-edison-tournament-920,2,1,8316a658620b,4264e3c19cef,p1,2,1,False
the-geekerys-yu-gi-oh-edison-tournament-920,2,2,24965e5c43ed,2e568654220a,p1,2,1,False
the-geekerys-yu-gi-oh-edison-tournament-920,2,3,ec9edf0fb720,ae4d18a03f4e,p2,2,1,False
the-geekerys-yu-gi-oh-edison-tournament-920,2,4,3aa1f1f5d6f3,d291288405b5,p2,2,1,False
the-geekerys-yu-gi-oh-edison-tournament-920,2,5,1e8d534677b5,6d3c8dc34ab6,p1,2,1,False
the-geekerys-yu-gi-oh-edison-tournament-920,2,6,f69d636d88b0,9db531f98883,p2,2,1,False
the-geekerys-yu-gi-oh-edison-tournament-920,3,1,ae4d18a03f4e,24965e5c43ed,p1,2,0,False
the-geekerys-yu-gi-oh-edison-tournament-920,3,2,8316a658620b,2e568654220a,p1,2,1,False
the-geekerys-yu-gi-oh-edison-tournament-920,3,3,1e8d534677b5,4264e3c19cef,p2,2,1,False
the-geekerys-yu-gi-oh-edison-tournament-920,3,4,9db531f98883,ec9edf0fb720,p2,2,1,False
the-geekerys-yu-gi-oh-edison-tournament-920,3,5,d291288405b5,f69d636d88b0,p2,2,1,False
the-geekerys-yu-gi-oh-edison-tournament-920,3,6,3aa1f1f5d6f3,6d3c8dc34ab6,p2,2,1,False
the-geekerys-yu-gi-oh-edison-tournament-920,4,1,ae4d18a03f4e,8316a658620b,p2,2,0,False
the-geekerys-yu-gi-oh-edison-tournament-920,4,2,ec9edf0fb720,4264e3c19cef,p1,2,0,False
the-geekerys-yu-gi-oh-edison-tournament-920,4,3,24965e5c43ed,6d3c8dc34ab6,p2,2,1,False
the-geekerys-yu-gi-oh-edison-tournament-920,4,4,2e568654220a,f69d636d88b0,p1,2,1,False
the-geekerys-yu-gi-oh-edison-tournament-920,4,5,1e8d534677b5,9db531f98883,p2,2,0,False
yugioh-edison-after-dark-3,1,1,e7a8166882a5,ab6bcd78b9b0,p2,2,1,False
yugioh-edison-after-dark-3,1,2,d6c0e2b510e8,bbcc88c0bf98,p1,2,1,False
yugioh-edison-after-dark-3,1,3,8f0519cc91f9,22d4226b26f1,p1,2,1,False
yugioh-edison-after-dark-3,2,1,8f0519cc91f9,16e974b88884,p2,2,1,False
yugioh-edison-after-dark-3,2,2,d6c0e2b510e8,ab6bcd78b9b0,p2,2,1,False
yugioh-edison-after-dark-3,2,3,e7a8166882a5,22d4226b26f1,p2,2,0,False
yugioh-edison-after-dark-3,3,1,16e974b88884,ab6bcd78b9b0,p2,2,1,False
yugioh-edison-after-dark-3,3,2,bbcc88c0bf98,22d4226b26f1,p2,2,1,False
yugioh-edison-after-dark-3,3,3,d6c0e2b510e8,8f0519cc91f9,p1,2,1,False
yu-gi-oh-edison-format-tournament,1,1,0a72ad698f9b,d2625ff7b57a,p2,2,1,False
yu-gi-oh-edison-format-tournament,1,2,8596a3ea947b,7989f409a42b,p2,2,1,False
yu-gi-oh-edison-format-tournament,1,3,2d49a7a618d6,45cd9c0d7f4c,p1,2,0,True
yu-gi-oh-edison-format-tournament,1,4,50f28c3c0afd,f7e42b2639ee,p1,2,0,False
yu-gi-oh-edison-format-tournament,1,5,c7016dfb5074,8dfb26fdaad4,p1,2,1,False
yu-gi-oh-edison-format-tournament,1,6,9e224b31e22e,be2f9b4f46b2,p2,2,0,False
yu-gi-oh-edison-format-tournament,1,7,b6712ce9efbc,c05a6e862215,p1,2,1,False
yu-gi-oh-edison-format-tournament,1,8,ca6a093c7cab,474dc3ec37fe,p1,2,1,False
yu-gi-oh-edison-format-tournament,1,9,9f34671a13f2,8883c67b7383,p1,2,1,False
yu-gi-oh-edison-format-tournament,1,10,2883ee03af57,a811b0b754ec,p2,2,0,False
yu-gi-oh-edison-format-tournament,1,11,27da43677430,dc26f495d5ea,p1,2,1,False
yu-gi-oh-edison-format-tournament,1,12,1853531bc63b,1c367a65ef5a,p2,2,1,False
yu-gi-oh-edison-format-tournament,1,13,e53799904a2b,34c4ffbdfbd5,p1,2,1,False
yu-gi-oh-edison-format-tournament,1,14,a85318df229d,3b602a34133d,p1,2,1,False
yu-gi-oh-edison-format-tournament,1,15,c142d3dd3ca2,c9cd2e497ba2,p1,2,0,False
yu-gi-oh-edison-format-tournament,1,16,c73766c3a1b5,02118816704a,p1,2,0,False
yu-gi-oh-edison-format-tournament,1,17,9e6987241bf3,c0701e87069b,p1,2,0,False
yu-gi-oh-edison-format-tournament,1,18,aaa88e8d2e89,de83aa3cbb2c,p2,2,0,False
yu-gi-oh-edison-format-tournament,2,1,e53799904a2b,c7016dfb5074,p1,1,0,False
yu-gi-oh-edison-format-tournament,2,2,c73766c3a1b5,b6712ce9efbc,p1,2,0,False
yu-gi-oh-edison-format-tournament,2,3,27da43677430,7989f409a42b,p1,2,1,False
yu-gi-oh-edison-format-tournament,2,4,1c367a65ef5a,d2625ff7b57a,p2,2,0,False
yu-gi-oh-edison-format-tournament,2,5,be2f9b4f46b2,de83aa3cbb2c,p1,2,0,False
yu-gi-oh-edison-format-tournament,2,6,c142d3dd3ca2,2d49a7a618d6,p1,2,0,False
yu-gi-oh-edison-format-tournament,2,7,a85318df229d,9e6987241bf3,p2,2,1,False
yu-gi-oh-edison-format-tournament,2,8,ca6a093c7cab,50f28c3c0afd,p2,2,1,False
yu-gi-oh-edison-format-tournament,2,9,a811b0b754ec,32be50b8ee2a,p2,2,1,False
yu-gi-oh-edison-format-tournament,2,10,9f34671a13f2,1853531bc63b,p2,2,1,False
yu-gi-oh-edison-format-tournament,2,11,34c4ffbdfbd5,c9cd2e497ba2,p2,2,0,False
yu-gi-oh-edison-format-tournament,2,12,8dfb26fdaad4,9e224b31e22e,p1,2,0,False
yu-gi-oh-edison-format-tournament,2,13,2883ee03af57,c05a6e862215,p1,2,1,False
yu-gi-oh-edison-format-tournament,2,14,02118816704a,3b602a34133d,p2,2,0,False
yu-gi-oh-edison-format-tournament,2,15,474dc3ec37fe,45cd9c0d7f4c,p1,2,0,True
yu-gi-oh-edison-format-tournament,2,16,c0701e87069b,dc26f495d5ea,p2,2,0,False
yu-gi-oh-edison-format-tournament,2,17,aaa88e8d2e89,8883c67b7383,p2,2,0,False
yu-gi-oh-edison-format-tournament,2,18,0a72ad698f9b,f7e42b2639ee,p1,2,0,False
yu-gi-oh-edison-format-tournament,3,1,e53799904a2b,27da43677430,p1,1,0,False
yu-gi-oh-edison-format-tournament,3,2,c142d3dd3ca2,50f28c3c0afd,p1,2,1,False
yu-gi-oh-edison-format-tournament,3,3,c73766c3a1b5,d2625ff7b57a,p1,2,0,False
yu-gi-oh-edison-format-tournament,3,4,32be50b8ee2a,9e6987241bf3,p1,2,1,False
yu-gi-oh-edison-format-tournament,3,5,be2f9b4f46b2,8883c67b7383,p1,2,1,False
yu-gi-oh-edison-format-tournament,3,6,2883ee03af57,3b602a34133d,p1,2,1,False
yu-gi-oh-edison-format-tournament,3,7,c7016dfb5074,1c367a65ef5a,p1,2,1,False
yu-gi-oh-edison-format-tournament,3,8,0a72ad698f9b,de83aa3cbb2c,p2,2,0,False
yu-gi-oh-edison-format-tournament,3,9,c9cd2e497ba2,dc26f495d5ea,p1,2,1,False
yu-gi-oh-edison-format-tournament,3,10,1853531bc63b,b6712ce9efbc,p1,2,1,False
yu-gi-oh-edison-format-tournament,3,11,8596a3ea947b,9f34671a13f2,p2,2,1,False
yu-gi-oh-edison-format-tournament,3,12,7989f409a42b,2d49a7a618d6,p2,2,0,False
yu-gi-oh-edison-format-tournament,3,13,a811b0b754ec,474dc3ec37fe,p2,2,1,False
yu-gi-oh-edison-format-tournament,3,14,8dfb26fdaad4,a85318df229d,p2,2,0,False
yu-gi-oh-edison-format-tournament,3,15,ca6a093c7cab,c0701e87069b,p2,2,1,False
yu-gi-oh-edison-format-tournament,3,16,02118816704a,45cd9c0d7f4c,p2,2,0,False
yu-gi-oh-edison-format-tournament,3,17,c05a6e862215,aaa88e8d2e89,p1,2,1,False
yu-gi-oh-edison-format-tournament,3,18,f7e42b2639ee,34c4ffbdfbd5,p2,2,0,False
yu-gi-oh-edison-format-tournament,4,1,e53799904a2b,be2f9b4f46b2,p1,2,0,False
yu-gi-oh-edison-format-tournament,4,2,32be50b8ee2a,c142d3dd3ca2,p1,2,1,False
yu-gi-oh-edison-format-tournament,4,3,c73766c3a1b5,9e6987241bf3,p2,2,1,False
yu-gi-oh-edison-format-tournament,4,4,d2625ff7b57a,de83aa3cbb2c,p1,2,0,False
yu-gi-oh-edison-format-tournament,4,5,2d49a7a618d6,9f34671a13f2,p2,2,1,False
yu-gi-oh-edison-format-tournament,4,6,c7016dfb5074,1853531bc63b,p1,2,1,False
yu-gi-oh-edison-format-tournament,4,7,2883ee03af57,50f28c3c0afd,p2,2,0,False
yu-gi-oh-edison-format-tournament,4,8,c9cd2e497ba2,27da43677430,p2,2,1,False
yu-gi-oh-edison-format-tournament,4,9,474dc3ec37fe,a85318df229d,p1,2,1,False
yu-gi-oh-edison-format-tournament,4,10,34c4ffbdfbd5,b6712ce9efbc,p1,2,0,False
yu-gi-oh-edison-format-tournament,4,11,1c367a65ef5a,45cd9c0d7f4c,p1,2,1,False
yu-gi-oh-edison-format-tournament,4,12,9e224b31e22e,3b602a34133d,p2,2,0,False
yu-gi-oh-edison-format-tournament,4,13,8dfb26fdaad4,7989f409a42b,p1,2,1,False
yu-gi-oh-edison-format-tournament,4,14,8883c67b7383,c05a6e862215,p2,2,1,False
yu-gi-oh-edison-format-tournament,4,15,c0701e87069b,a811b0b754ec,p2,2,0,False
yu-gi-oh-edison-format-tournament,4,16,ca6a093c7cab,8596a3ea947b,p2,2,0,False
yu-gi-oh-edison-format-tournament,4,17,aaa88e8d2e89,02118816704a,p2,2,0,False
yu-gi-oh-edison-format-tournament,5,1,32be50b8ee2a,e53799904a2b,p2,2,1,False
yu-gi-oh-edison-format-tournament,5,2,c7016dfb5074,9e6987241bf3,p1,2,0,False
yu-gi-oh-edison-format-tournament,5,3,d2625ff7b57a,474dc3ec37fe,p1,2,0,False
yu-gi-oh-edison-format-tournament,5,4,9f34671a13f2,be2f9b4f46b2,p1,2,1,False
yu-gi-oh-edison-format-tournament,5,5,c73766c3a1b5,c142d3dd3ca2,p1,2,1,False
yu-gi-oh-edison-format-tournament,5,6,27da43677430,50f28c3c0afd,p1,2,1,False
yu-gi-oh-edison-format-tournament,5,7,8dfb26fdaad4,1853531bc63b,p2,2,1,False
yu-gi-oh-edison-format-tournament,5,8,1c367a65ef5a,3b602a34133d,p2,2,0,False
yu-gi-oh-edison-format-tournament,5,9,c9cd2e497ba2,8596a3ea947b,p1,2,1,False
yu-gi-oh-edison-format-tournament,5,10,a811b0b754ec,a85318df229d,p2,2,1,False
yu-gi-oh-edison-format-tournament,5,11,c05a6e862215,34c4ffbdfbd5,p2,2,0,False
yu-gi-oh-edison-format-tournament,5,12,2d49a7a618d6,02118816704a,p1,2,0,False
yu-gi-oh-edison-format-tournament,5,13,8883c67b7383,45cd9c0d7f4c,p1,2,0,False
yu-gi-oh-edison-format-tournament,5,14,b6712ce9efbc,9e224b31e22e,p1,2,0,False
yu-gi-oh-edison-format-tournament,5,15,ca6a093c7cab,7989f409a42b,p2,2,1,False
yu-gi-oh-edison-format-tournament,6,1,e53799904a2b,d2625ff7b57a,p2,2,1,False
yu-gi-oh-edison-format-tournament,6,2,c7016dfb5074,32be50b8ee2a,p1,2,0,False
yu-gi-oh-edison-format-tournament,6,3,c73766c3a1b5,27da43677430,p1,2,0,False
yu-gi-oh-edison-format-tournament,6,4,9f34671a13f2,a85318df229d,p1,2,0,False
yu-gi-oh-edison-format-tournament,6,5,be2f9b4f46b2,9e6987241bf3,p1,2,0,False
yu-gi-oh-edison-format-tournament,6,6,474dc3ec37fe,2d49a7a618d6,p2,2,0,True
yu-gi-oh-edison-format-tournament,6,7,1853531bc63b,50f28c3c0afd,p1,2,1,False
yu-gi-oh-edison-format-tournament,6,8,c9cd2e497ba2,3b602a34133d,p2,2,1,False
yu-gi-oh-edison-format-tournament,6,9,c142d3dd3ca2,34c4ffbdfbd5,p1,2,0,False
yu-gi-oh-edison-format-tournament,6,10,a811b0b754ec,1c367a65ef5a,p1,2,0,False
yu-gi-oh-edison-format-tournament,6,11,b6712ce9efbc,8dfb26fdaad4,p1,2,0,False
yu-gi-oh-edison-format-tournament,6,12,8883c67b7383,8596a3ea947b,p2,2,0,False
yu-gi-oh-edison-format-tournament,6,13,7989f409a42b,9e224b31e22e,p1,2,1,False
yu-gi-oh-edison-format-tournament,6,14,ca6a093c7cab,02118816704a,p1,2,0,False
yu-gi-oh-edison-format-tournament,Finals,1,c7016dfb5074,c142d3dd3ca2,p1,2,0,False
yu-gi-oh-edison-format-tournament,Top 4,1,27da43677430,c7016dfb5074,p2,2,1,False
yu-gi-oh-edison-format-tournament,Top 4,2,c142d3dd3ca2,d2625ff7b57a,p1,2,0,False
yu-gi-oh-edison-format-tournament,Top 8,1,e53799904a2b,27da43677430,p2,2,1,False
yu-gi-oh-edison-format-tournament,Top 8,2,c7016dfb5074,9f34671a13f2,p1,2,1,False
yu-gi-oh-edison-format-tournament,Top 8,3,d2625ff7b57a,32be50b8ee2a,p1,2,0,False
yu-gi-oh-edison-format-tournament,Top 8,4,c73766c3a1b5,c142d3dd3ca2,p2,2,0,False
edison-clash-series-ecs-vol2,1,1,16c4883eb0ed,3e52c215c000,p2,2,0,True
edison-clash-series-ecs-vol2,1,2,34179c685aa8,ec7c406dfcbe,p2,2,1,True
edison-clash-series-ecs-vol2,1,3,2a40272f8916,d1640557d770,p1,2,1,True
edison-clash-series-ecs-vol2,1,4,fc2a07ec1c4c,dc2897ac3919,p1,2,0,True
edison-clash-series-ecs-vol2,1,5,ca55979e9aa1,ddd03a3f5126,p2,2,1,True
edison-clash-series-ecs-vol2,1,6,b7ea61b30a83,48101cac39e3,p1,2,1,True
edison-clash-series-ecs-vol2,1,7,1010dd607edd,b75a32aef6cc,p1,2,0,True
edison-clash-series-ecs-vol2,1,8,de0a9fbab2e5,3bcff2d057bb,p2,2,1,True
edison-clash-series-ecs-vol2,1,9,cb8e99cc810f,7ef5a13abc0d,p1,2,1,True
edison-clash-series-ecs-vol2,1,10,b78dbe9d0057,d8f54ac3a98b,p2,2,1,True
edison-clash-series-ecs-vol2,1,11,fcd88aee2980,313875189d3f,p1,2,0,True
edison-clash-series-ecs-vol2,1,12,ba17610367da,9358cb606568,p1,2,1,True
edison-clash-series-ecs-vol2,1,13,08be6065af8a,9fee3a165155,p2,2,0,True
edison-clash-series-ecs-vol2,1,14,283b2c2f53db,f32b8996c820,p2,2,0,True
edison-clash-series-ecs-vol2,1,15,2699fe41a5ad,71bc1254d96a,p2,2,1,True
edison-clash-series-ecs-vol2,1,16,d9e1a66d8d36,b9f9400f3deb,p2,2,0,True
edison-clash-series-ecs-vol2,1,17,276cb6d5374f,e73c6d7cdf28,p1,2,1,True
edison-clash-series-ecs-vol2,1,18,72867248e69b,aad3e0f4c162,p2,2,0,True
edison-clash-series-ecs-vol2,1,19,5b059689c633,2a55b77d0cca,p2,2,0,True
edison-clash-series-ecs-vol2,1,20,935f0f7de34c,43745f3b588b,p1,2,1,True
edison-clash-series-ecs-vol2,1,21,357979800b22,dfd57273adea,p2,2,1,True
edison-clash-series-ecs-vol2,1,22,963898c7d3a4,54f12868a61c,p1,2,0,True
edison-clash-series-ecs-vol2,1,23,f864275a4fbc,441c9ed8c1d7,p1,2,1,True
edison-clash-series-ecs-vol2,1,24,1089a106e3ba,246a624af7b1,p2,2,0,True
edison-clash-series-ecs-vol2,2,1,b7ea61b30a83,fcd88aee2980,p2,2,0,True
edison-clash-series-ecs-vol2,2,2,cb8e99cc810f,aad3e0f4c162,p1,2,1,True
edison-clash-series-ecs-vol2,2,3,1010dd607edd,b9f9400f3deb,p2,2,1,True
edison-clash-series-ecs-vol2,2,4,276cb6d5374f,3bcff2d057bb,p2,2,1,True
edison-clash-series-ecs-vol2,2,5,246a624af7b1,935f0f7de34c,p1,2,0,True
edison-clash-series-ecs-vol2,2,6,963898c7d3a4,f864275a4fbc,p1,2,1,True
edison-clash-series-ecs-vol2,2,7,0714d3e043b8,fc2a07ec1c4c,p1,2,1,True
edison-clash-series-ecs-vol2,2,8,71bc1254d96a,2a40272f8916,p1,2,0,True
edison-clash-series-ecs-vol2,2,9,3e52c215c000,ec7c406dfcbe,p2,2,1,True
edison-clash-series-ecs-vol2,2,10,2a55b77d0cca,ddd03a3f5126,p2,2,1,True
edison-clash-series-ecs-vol2,2,11,d8f54ac3a98b,9fee3a165155,p2,2,0,True
edison-clash-series-ecs-vol2,2,12,dfd57273adea,ba17610367da,p1,2,0,True
edison-clash-series-ecs-vol2,2,13,f32b8996c820,43745f3b588b,p1,2,0,True
edison-clash-series-ecs-vol2,2,14,b75a32aef6cc,54f12868a61c,p2,2,1,True
edison-clash-series-ecs-vol2,2,15,283b2c2f53db,16c4883eb0ed,p2,2,1,True
edison-clash-series-ecs-vol2,2,16,441c9ed8c1d7,48101cac39e3,p2,2,0,True
edison-clash-series-ecs-vol2,2,17,1089a106e3ba,08be6065af8a,p1,2,1,True
edison-clash-series-ecs-vol2,2,18,7ef5a13abc0d,2699fe41a5ad,p2,2,0,True
edison-clash-series-ecs-vol2,2,19,9358cb606568,d1640557d770,p1,2,0,True
edison-clash-series-ecs-vol2,2,20,dc2897ac3919,d9e1a66d8d36,p2,2,1,True
edison-clash-series-ecs-vol2,2,21,e73c6d7cdf28,313875189d3f,p1,2,0,True
edison-clash-series-ecs-vol2,2,22,ca55979e9aa1,357979800b22,p2,2,1,True
edison-clash-series-ecs-vol2,2,23,72867248e69b,b78dbe9d0057,p1,2,1,True
edison-clash-series-ecs-vol2,2,24,de0a9fbab2e5,5b059689c633,p2,2,1,True
edison-clash-series-ecs-vol2,3,1,71bc1254d96a,9fee3a165155,p1,2,1,True
edison-clash-series-ecs-vol2,3,2,f32b8996c820,0714d3e043b8,p1,2,0,True
edison-clash-series-ecs-vol2,3,3,246a624af7b1,dfd57273adea,p2,2,1,True
edison-clash-series-ecs-vol2,3,4,963898c7d3a4,ec7c406dfcbe,p2,2,0,True
edison-clash-series-ecs-vol2,3,5,fcd88aee2980,b9f9400f3deb,p1,2,0,True
edison-clash-series-ecs-vol2,3,6,3bcff2d057bb,cb8e99cc810f,p2,2,1,True
edison-clash-series-ecs-vol2,3,7,ddd03a3f5126,b7ea61b30a83,p1,2,0,True
edison-clash-series-ecs-vol2,3,8,f864275a4fbc,16c4883eb0ed,p1,2,1,True
edison-clash-series-ecs-vol2,3,9,1010dd607edd,5b059689c633,p2,2,1,True
edison-clash-series-ecs-vol2,3,10,d8f54ac3a98b,54f12868a61c,p2,2,0,True
edison-clash-series-ecs-vol2,3,11,72867248e69b,fc2a07ec1c4c,p2,2,1,True
edison-clash-series-ecs-vol2,3,12,ba17610367da,935f0f7de34c,p2,2,1,True
edison-clash-series-ecs-vol2,3,13,276cb6d5374f,2a40272f8916,p2,2,1,True
edison-clash-series-ecs-vol2,3,14,d9e1a66d8d36,2a55b77d0cca,p2,2,1,True
edison-clash-series-ecs-vol2,3,15,9358cb606568,2699fe41a5ad,p1,2,1,True
edison-clash-series-ecs-vol2,3,16,1089a106e3ba,e73c6d7cdf28,p2,2,0,True
edison-clash-series-ecs-vol2,3,17,3e52c215c000,aad3e0f4c162,p2,2,1,True
edison-clash-series-ecs-vol2,3,18,34179c685aa8,48101cac39e3,p1,2,1,True
edison-clash-series-ecs-vol2,3,19,357979800b22,7ef5a13abc0d,p1,2,1,True
edison-clash-series-ecs-vol2,3,20,441c9ed8c1d7,313875189d3f,p1,2,0,True
edison-clash-series-ecs-vol2,3,21,d1640557d770,08be6065af8a,p2,2,1,True
edison-clash-series-ecs-vol2,3,22,b75a32aef6cc,43745f3b588b,p1,2,0,True
edison-clash-series-ecs-vol2,3,23,dc2897ac3919,de0a9fbab2e5,p2,2,1,True
edison-clash-series-ecs-vol2,3,24,b78dbe9d0057,283b2c2f53db,p2,2,0,True
edison-clash-series-ecs-vol2,4,1,ddd03a3f5126,cb8e99cc810f,p2,2,1,True
edison-clash-series-ecs-vol2,4,2,ec7c406dfcbe,71bc1254d96a,p1,2,1,True
edison-clash-series-ecs-vol2,4,3,dfd57273adea,f32b8996c820,p1,2,1,True
edison-clash-series-ecs-vol2,4,4,fcd88aee2980,f864275a4fbc,p2,2,1,True
edison-clash-series-ecs-vol2,4,5,9fee3a165155,fc2a07ec1c4c,p1,2,1,True
edison-clash-series-ecs-vol2,4,6,5b059689c633,3bcff2d057bb,p1,2,0,True
edison-clash-series-ecs-vol2,4,7,34179c685aa8,0714d3e043b8,p2,2,1,True
edison-clash-series-ecs-vol2,4,8,aad3e0f4c162,b9f9400f3deb,p2,2,1,True
edison-clash-series-ecs-vol2,4,9,246a624af7b1,e73c6d7cdf28,p1,2,0,True
edison-clash-series-ecs-vol2,4,10,935f0f7de34c,357979800b22,p1,2,1,True
edison-clash-series-ecs-vol2,4,11,2a55b77d0cca,2a40272f8916,p1,2,0,True
edison-clash-series-ecs-vol2,4,12,9358cb606568,54f12868a61c,p2,2,0,True
edison-clash-series-ecs-vol2,4,13,963898c7d3a4,b7ea61b30a83,p2,2,1,True
edison-clash-series-ecs-vol2,4,14,d8f54ac3a98b,2699fe41a5ad,p2,2,0,True
edison-clash-series-ecs-vol2,4,15,ba17610367da,16c4883eb0ed,p1,2,0,True
edison-clash-series-ecs-vol2,4,16,1089a106e3ba,de0a9fbab2e5,p2,2,1,True
edison-clash-series-ecs-vol2,4,17,48101cac39e3,d9e1a66d8d36,p2,2,0,True
edison-clash-series-ecs-vol2,4,18,1010dd607edd,ca55979e9aa1,p2,2,0,True
edison-clash-series-ecs-vol2,4,19,72867248e69b,283b2c2f53db,p1,2,0,True
edison-clash-series-ecs-vol2,4,20,276cb6d5374f,441c9ed8c1d7,p1,2,1,True
edison-clash-series-ecs-vol2,4,21,3e52c215c000,08be6065af8a,p1,2,1,True
edison-clash-series-ecs-vol2,4,22,b75a32aef6cc,313875189d3f,p1,2,0,True
edison-clash-series-ecs-vol2,4,23,7ef5a13abc0d,43745f3b588b,p2,2,1,True
edison-clash-series-ecs-vol2,5,1,dfd57273adea,ec7c406dfcbe,p2,2,0,True
edison-clash-series-ecs-vol2,5,2,cb8e99cc810f,935f0f7de34c,p2,2,1,True
edison-clash-series-ecs-vol2,5,3,f32b8996c820,54f12868a61c,p2,2,1,True
edison-clash-series-ecs-vol2,5,4,b9f9400f3deb,71bc1254d96a,p1,2,0,True
edison-clash-series-ecs-vol2,5,5,9fee3a165155,5b059689c633,p1,2,1,True
edison-clash-series-ecs-vol2,5,6,ddd03a3f5126,fcd88aee2980,p1,2,1,True
edison-clash-series-ecs-vol2,5,7,2a55b77d0cca,f864275a4fbc,p2,2,1,True
edison-clash-series-ecs-vol2,5,8,0714d3e043b8,246a624af7b1,p2,2,0,True
edison-clash-series-ecs-vol2,5,9,ca55979e9aa1,d9e1a66d8d36,p2,2,0,True
edison-clash-series-ecs-vol2,5,10,fc2a07ec1c4c,ba17610367da,p1,2,0,True
edison-clash-series-ecs-vol2,5,11,9358cb606568,b75a32aef6cc,p1,2,0,True
edison-clash-series-ecs-vol2,5,12,276cb6d5374f,963898c7d3a4,p2,2,0,True
edison-clash-series-ecs-vol2,5,13,3bcff2d057bb,b7ea61b30a83,p2,2,1,True
edison-clash-series-ecs-vol2,5,14,de0a9fbab2e5,2699fe41a5ad,p2,2,1,True
edison-clash-series-ecs-vol2,5,15,3e52c215c000,2a40272f8916,p2,2,0,True
edison-clash-series-ecs-vol2,5,16,aad3e0f4c162,e73c6d7cdf28,p2,2,0,True
edison-clash-series-ecs-vol2,5,17,357979800b22,43745f3b588b,p1,2,1,True
edison-clash-series-ecs-vol2,5,18,08be6065af8a,1010dd607edd,p2,2,1,True
edison-clash-series-ecs-vol2,5,19,48101cac39e3,16c4883eb0ed,p1,2,1,True
edison-clash-series-ecs-vol2,6,1,ec7c406dfcbe,f864275a4fbc,p1,2,1,True
edison-clash-series-ecs-vol2,6,2,ddd03a3f5126,54f12868a61c,p1,2,1,True
edison-clash-series-ecs-vol2,6,3,246a624af7b1,b9f9400f3deb,p1,2,1,True
edison-clash-series-ecs-vol2,6,4,dfd57273adea,935f0f7de34c,p2,2,1,True
edison-clash-series-ecs-vol2,6,5,cb8e99cc810f,9fee3a165155,p2,2,0,True
edison-clash-series-ecs-vol2,6,6,2a40272f8916,b7ea61b30a83,p1,2,1,True
edison-clash-series-ecs-vol2,6,7,fcd88aee2980,fc2a07ec1c4c,p1,2,1,True
edison-clash-series-ecs-vol2,6,8,d9e1a66d8d36,5b059689c633,p1,2,1,True
edison-clash-series-ecs-vol2,6,9,f32b8996c820,9358cb606568,p1,2,0,True
edison-clash-series-ecs-vol2,6,10,963898c7d3a4,357979800b22,p2,2,1,True
edison-clash-series-ecs-vol2,6,11,71bc1254d96a,0714d3e043b8,p1,2,1,True
edison-clash-series-ecs-vol2,6,12,2699fe41a5ad,e73c6d7cdf28,p1,2,0,True
edison-clash-series-ecs-vol2,6,13,2a55b77d0cca,48101cac39e3,p1,2,0,True
edison-clash-series-ecs-vol2,6,14,3bcff2d057bb,1010dd607edd,p2,2,0,True
edison-clash-series-ecs-vol2,6,15,aad3e0f4c162,de0a9fbab2e5,p2,2,0,True
edison-clash-series-ecs-vol2,6,16,ca55979e9aa1,43745f3b588b,p2,2,1,True
edison-clash-series-ecs-vol2,6,17,313875189d3f,16c4883eb0ed,p2,2,0,True
edison-clash-series-ecs-vol2,Finals,1,246a624af7b1,dfd57273adea,p2,2,1,True
edison-clash-series-ecs-vol2,Top 4,1,ec7c406dfcbe,246a624af7b1,p2,2,1,True
edison-clash-series-ecs-vol2,Top 4,2,71bc1254d96a,dfd57273adea,p2,2,0,True
edison-clash-series-ecs-vol2,Top 8,1,ec7c406dfcbe,2a55b77d0cca,p1,2,0,True
edison-clash-series-ecs-vol2,Top 8,2,246a624af7b1,9fee3a165155,p1,2,0,True
edison-clash-series-ecs-vol2,Top 8,3,ddd03a3f5126,dfd57273adea,p2,2,0,True
edison-clash-series-ecs-vol2,Top 8,4,935f0f7de34c,71bc1254d96a,p2,2,0,True
mrgattis-lock-in,1,1,84884157d2cb,2423477b6d75,p2,2,1,False
mrgattis-lock-in,1,2,c43cd0f0cddd,a72ba43b8ff4,p2,2,0,False
mrgattis-lock-in,1,3,2ceacba6f284,c6da4b4072ff,p2,2,0,False
mrgattis-lock-in,1,4,0c50ca8cbcab,8d4cd2b7f60c,p1,2,0,False
mrgattis-lock-in,1,5,35efd7eb2d42,6a551557806d,p1,2,0,False
mrgattis-lock-in,2,1,c6da4b4072ff,2423477b6d75,p2,2,1,False
mrgattis-lock-in,2,2,a72ba43b8ff4,0c50ca8cbcab,p1,2,0,False
mrgattis-lock-in,2,3,35efd7eb2d42,2ceacba6f284,p1,2,1,False
mrgattis-lock-in,2,4,6a551557806d,8d4cd2b7f60c,p2,2,0,False
mrgattis-lock-in,2,5,84884157d2cb,c43cd0f0cddd,p1,2,1,False
mrgattis-lock-in,3,1,a72ba43b8ff4,2423477b6d75,p1,2,0,False
mrgattis-lock-in,3,2,35efd7eb2d42,0c50ca8cbcab,p1,1,0,False
mrgattis-lock-in,3,3,8d4cd2b7f60c,c6da4b4072ff,p1,2,0,False
mrgattis-lock-in,3,4,84884157d2cb,6a551557806d,p1,2,0,False
mrgattis-lock-in,3,5,c43cd0f0cddd,2ceacba6f284,p1,2,0,False
mrgattis-lock-in,4,1,35efd7eb2d42,a72ba43b8ff4,p2,2,0,False
mrgattis-lock-in,4,2,8d4cd2b7f60c,84884157d2cb,p1,2,0,False
mrgattis-lock-in,4,3,2423477b6d75,c43cd0f0cddd,p2,2,1,False
mrgattis-lock-in,4,4,0c50ca8cbcab,c6da4b4072ff,p1,2,0,False
mrgattis-lock-in,4,5,6a551557806d,2ceacba6f284,p2,2,0,False
wolfdog-edison-weekly-776,1,1,b15bee688551,dc6dabd2aa53,p2,2,0,False
wolfdog-edison-weekly-776,1,2,70f0a6d87d63,a71d7566a6d6,p1,2,0,False
wolfdog-edison-weekly-776,1,3,4fc65517e5ff,0f6b8baa73b0,p2,2,0,False
wolfdog-edison-weekly-776,1,4,fa4d9b733dd6,922e42b620f3,p1,2,0,False
wolfdog-edison-weekly-776,2,1,70f0a6d87d63,0f6b8baa73b0,p1,2,0,False
wolfdog-edison-weekly-776,2,2,fa4d9b733dd6,dc6dabd2aa53,p2,2,1,False
wolfdog-edison-weekly-776,2,3,b15bee688551,a71d7566a6d6,p2,2,0,False
wolfdog-edison-weekly-776,2,4,922e42b620f3,4fc65517e5ff,p2,2,0,False
wolfdog-edison-weekly-776,3,1,dc6dabd2aa53,70f0a6d87d63,p1,2,1,False
wolfdog-edison-weekly-776,3,2,4fc65517e5ff,fa4d9b733dd6,p1,2,1,False
wolfdog-edison-weekly-776,3,3,a71d7566a6d6,0f6b8baa73b0,p2,2,1,False
wolfdog-edison-weekly-776,3,4,b15bee688551,922e42b620f3,p1,2,0,False
ukaypro-edison-jank-format-custom-banlist,1,1,b21badfef7a7,6a86ff030e16,p1,2,1,True
ukaypro-edison-jank-format-custom-banlist,1,2,237a403e41cf,15aed1895af1,p1,2,1,True
ukaypro-edison-jank-format-custom-banlist,1,3,7920341aa858,23fb186acb25,p2,2,1,True
ukaypro-edison-jank-format-custom-banlist,1,4,bf3f6c4f189c,4d00d952219f,p2,2,1,True
ukaypro-edison-jank-format-custom-banlist,1,5,a45a17c84e7a,bcc6ecd308d8,p1,2,0,True
ukaypro-edison-jank-format-custom-banlist,1,6,8c51aa1359f8,bc35a3f45435,p2,2,1,True
ukaypro-edison-jank-format-custom-banlist,2,1,a45a17c84e7a,4d00d952219f,p2,2,1,True
ukaypro-edison-jank-format-custom-banlist,2,2,bc35a3f45435,23fb186acb25,p1,2,1,True
ukaypro-edison-jank-format-custom-banlist,2,3,b21badfef7a7,85e26a795e41,p1,2,0,True
ukaypro-edison-jank-format-custom-banlist,2,4,237a403e41cf,6a86ff030e16,p1,2,0,True
ukaypro-edison-jank-format-custom-banlist,2,5,bcc6ecd308d8,8c51aa1359f8,p2,2,1,True
ukaypro-edison-jank-format-custom-banlist,2,6,15aed1895af1,bf3f6c4f189c,p1,2,0,True
ukaypro-edison-jank-format-custom-banlist,3,1,b21badfef7a7,237a403e41cf,p2,2,1,True
ukaypro-edison-jank-format-custom-banlist,3,2,bc35a3f45435,4d00d952219f,p1,2,1,True
ukaypro-edison-jank-format-custom-banlist,3,3,23fb186acb25,8c51aa1359f8,p1,2,0,True
ukaypro-edison-jank-format-custom-banlist,3,4,7920341aa858,85e26a795e41,p2,2,1,True
ukaypro-edison-jank-format-custom-banlist,3,5,a45a17c84e7a,15aed1895af1,p2,2,0,True
ukaypro-edison-jank-format-custom-banlist,3,6,6a86ff030e16,bcc6ecd308d8,p1,2,0,True
ukaypro-edison-jank-format-custom-banlist,4,1,237a403e41cf,bc35a3f45435,p2,2,1,True
ukaypro-edison-jank-format-custom-banlist,4,2,85e26a795e41,23fb186acb25,p2,2,1,True
ukaypro-edison-jank-format-custom-banlist,4,3,4d00d952219f,15aed1895af1,p2,2,1,True
ukaypro-edison-jank-format-custom-banlist,4,4,b21badfef7a7,a45a17c84e7a,p2,2,1,True
ukaypro-edison-jank-format-custom-banlist,4,5,6a86ff030e16,8c51aa1359f8,p2,2,0,True
ukaypro-edison-jank-format-custom-banlist,4,6,7920341aa858,bcc6ecd308d8,p1,2,1,True
legacy-edison-4,1,1,84efaae813e1,c6641f3c7c49,p1,2,0,False
legacy-edison-4,1,2,145e60c97fcc,f7e22d9a73f9,p2,2,0,False
legacy-edison-4,1,3,09d5586e38d3,a26099b8d4ef,p2,2,0,False
legacy-edison-4,1,4,7f17ec52aed4,208af305dfda,p1,2,0,False
legacy-edison-4,1,5,0cbc01e460f0,ccba6b43a764,p1,2,1,False
legacy-edison-4,1,6,b2c622dff924,27f1fb038b29,p1,2,1,False
legacy-edison-4,2,1,84efaae813e1,7f17ec52aed4,p1,2,1,False
legacy-edison-4,2,2,a26099b8d4ef,b2c622dff924,p2,2,0,False
legacy-edison-4,2,3,f7e22d9a73f9,0cbc01e460f0,p1,2,0,False
legacy-edison-4,2,4,145e60c97fcc,09d5586e38d3,p1,2,1,False
legacy-edison-4,2,5,208af305dfda,27f1fb038b29,p1,2,0,False
legacy-edison-4,2,6,c6641f3c7c49,ccba6b43a764,p2,2,0,False
legacy-edison-4,3,1,b2c622dff924,f7e22d9a73f9,p1,2,1,False
legacy-edison-4,3,2,84efaae813e1,09d5586e38d3,p2,2,1,False
legacy-edison-4,3,3,0cbc01e460f0,145e60c97fcc,p1,2,1,False
legacy-edison-4,3,4,7f17ec52aed4,ccba6b43a764,p1,2,0,False
legacy-edison-4,3,5,208af305dfda,a26099b8d4ef,p1,2,1,False
legacy-edison-4,3,6,27f1fb038b29,c6641f3c7c49,p1,2,1,False
legacy-edison-4,4,1,b2c622dff924,0cbc01e460f0,p2,2,0,False
legacy-edison-4,4,2,7f17ec52aed4,f7e22d9a73f9,p1,2,0,False
legacy-edison-4,4,3,84efaae813e1,145e60c97fcc,p1,2,1,False
legacy-edison-4,4,4,27f1fb038b29,09d5586e38d3,p2,2,0,False
the-geekerys-yu-gi-oh-edison-tournament-913,1,1,a5ac3fd0eee3,ae5ab26cc9ec,p1,2,0,False
the-geekerys-yu-gi-oh-edison-tournament-913,1,2,0973b559598f,ad790861805c,p1,2,0,False
the-geekerys-yu-gi-oh-edison-tournament-913,1,3,440b101c8db7,2d7f58ae8a5b,p1,2,1,False
the-geekerys-yu-gi-oh-edison-tournament-913,2,1,cca7a86ded8b,0973b559598f,p2,2,1,False
the-geekerys-yu-gi-oh-edison-tournament-913,2,2,a5ac3fd0eee3,440b101c8db7,p1,2,0,False
the-geekerys-yu-gi-oh-edison-tournament-913,2,3,ae5ab26cc9ec,ad790861805c,p2,2,1,False
the-geekerys-yu-gi-oh-edison-tournament-913,3,1,a5ac3fd0eee3,0973b559598f,p1,2,0,False
the-geekerys-yu-gi-oh-edison-tournament-913,3,2,2d7f58ae8a5b,cca7a86ded8b,p2,2,1,False
the-geekerys-yu-gi-oh-edison-tournament-913,3,3,ad790861805c,440b101c8db7,p2,2,1,False
yugioh-edison-weekly-copy-3,1,1,97e977592443,338dd9f6c5c8,p1,2,0,False
yugioh-edison-weekly-copy-3,1,2,ab6bcd78b9b0,d6c0e2b510e8,p2,2,1,False
yugioh-edison-weekly-copy-3,1,3,acdb30828541,dc845723afc9,p2,2,1,False
yugioh-edison-weekly-copy-3,1,4,feee9cfda4a4,30720b28dd5b,p2,2,0,False
yugioh-edison-weekly-copy-3,2,1,30720b28dd5b,d6c0e2b510e8,p1,2,0,False
yugioh-edison-weekly-copy-3,2,2,dc845723afc9,97e977592443,p2,2,0,False
yugioh-edison-weekly-copy-3,2,3,ab6bcd78b9b0,feee9cfda4a4,p2,2,0,False
yugioh-edison-weekly-copy-3,2,4,338dd9f6c5c8,acdb30828541,p1,2,0,False
yugioh-edison-weekly-copy-3,3,1,30720b28dd5b,97e977592443,p2,2,1,False
yugioh-edison-weekly-copy-3,3,2,dc845723afc9,feee9cfda4a4,p2,2,0,False
yugioh-edison-weekly-copy-3,3,3,d6c0e2b510e8,338dd9f6c5c8,p1,2,0,False
yugioh-edison-weekly-copy-3,3,4,ab6bcd78b9b0,acdb30828541,draw,,,False
scottie-scrims-2,1,1,3d861fc367d4,331fa8f08102,p2,2,0,False
scottie-scrims-2,1,2,a193a792f28b,972d6ecd5ad5,p2,2,0,False
scottie-scrims-2,1,3,585692ec0f75,a9714eb8a68f,p2,2,0,False
scottie-scrims-2,1,4,ed4232140b55,ad61587ae58a,p2,2,0,False
scottie-scrims-2,2,1,331fa8f08102,ad61587ae58a,p1,2,1,False
scottie-scrims-2,2,2,972d6ecd5ad5,a9714eb8a68f,p2,2,1,False
scottie-scrims-2,2,3,3d861fc367d4,a193a792f28b,p1,2,0,False
scottie-scrims-2,2,4,ed4232140b55,585692ec0f75,p1,2,1,False
scottie-scrims-2,3,1,a9714eb8a68f,331fa8f08102,p2,2,1,False
scottie-scrims-2,3,2,3d861fc367d4,ed4232140b55,p1,2,1,False
scottie-scrims-2,3,3,ad61587ae58a,972d6ecd5ad5,p2,2,1,False
scottie-scrims-2,3,4,585692ec0f75,a193a792f28b,p2,2,0,False
wolfdog-edison-weekly-885,1,1,a71d7566a6d6,fa4d9b733dd6,p1,2,1,False
wolfdog-edison-weekly-885,1,2,bcf913003182,0f6b8baa73b0,p1,2,1,False
wolfdog-edison-weekly-885,1,3,dc6dabd2aa53,4fc65517e5ff,p1,2,0,False
wolfdog-edison-weekly-885,2,1,a71d7566a6d6,bcf913003182,p1,2,0,False
wolfdog-edison-weekly-885,2,2,dc6dabd2aa53,0f6b8baa73b0,p2,2,0,False
wolfdog-edison-weekly-885,2,3,fa4d9b733dd6,4fc65517e5ff,p1,2,0,False
wolfdog-edison-weekly-885,3,1,a71d7566a6d6,dc6dabd2aa53,p1,2,1,False
wolfdog-edison-weekly-885,3,2,0f6b8baa73b0,fa4d9b733dd6,p1,2,0,False
wolfdog-edison-weekly-885,3,3,bcf913003182,4fc65517e5ff,p2,2,0,False
legacy-edison-3,1,1,09d5586e38d3,b2c622dff924,p2,2,0,False
legacy-edison-3,1,2,7f17ec52aed4,0cbc01e460f0,p1,2,0,False
legacy-edison-3,1,3,84efaae813e1,f7e22d9a73f9,p2,2,1,False
legacy-edison-3,1,4,208af305dfda,145e60c97fcc,p1,2,0,False
legacy-edison-3,2,1,f7e22d9a73f9,208af305dfda,p1,2,0,False
legacy-edison-3,2,2,b2c622dff924,7f17ec52aed4,p2,2,0,False
legacy-edison-3,2,3,27f1fb038b29,145e60c97fcc,p1,2,1,False
legacy-edison-3,2,4,09d5586e38d3,84efaae813e1,p2,2,0,False
legacy-edison-3,3,1,f7e22d9a73f9,7f17ec52aed4,p2,2,1,False
legacy-edison-3,3,2,27f1fb038b29,b2c622dff924,p2,2,1,False
legacy-edison-3,3,3,208af305dfda,84efaae813e1,p2,2,1,False
legacy-edison-3,3,4,145e60c97fcc,09d5586e38d3,p2,2,1,False
legacy-edison-3,4,1,7f17ec52aed4,84efaae813e1,p1,2,0,False
legacy-edison-3,4,2,f7e22d9a73f9,27f1fb038b29,p1,2,0,False
legacy-edison-3,4,3,b2c622dff924,145e60c97fcc,p1,2,0,False
legacy-edison-3,4,4,09d5586e38d3,208af305dfda,p1,2,0,False
ukaypro-edison-highlander-format,1,1,15aed1895af1,dc646fe348d5,p1,2,1,False
ukaypro-edison-highlander-format,1,2,8c51aa1359f8,b1ff747b32b0,p1,2,0,False
ukaypro-edison-highlander-format,1,3,6a86ff030e16,a0bddd239d27,p2,2,1,False
ukaypro-edison-highlander-format,1,4,d0712ed0a262,270887a37c55,p1,2,0,False
ukaypro-edison-highlander-format,1,5,bcc6ecd308d8,85e26a795e41,p2,2,1,False
ukaypro-edison-highlander-format,1,6,237a403e41cf,23fb186acb25,p1,2,1,False
ukaypro-edison-highlander-format,2,1,85e26a795e41,a0bddd239d27,p2,2,1,False
ukaypro-edison-highlander-format,2,2,d0712ed0a262,15aed1895af1,p2,2,0,False
ukaypro-edison-highlander-format,2,3,8c51aa1359f8,237a403e41cf,p1,2,0,False
ukaypro-edison-highlander-format,2,4,784cfd65dacc,dc646fe348d5,p2,2,0,False
ukaypro-edison-highlander-format,2,5,6a86ff030e16,bcc6ecd308d8,p1,2,0,False
ukaypro-edison-highlander-format,3,1,8c51aa1359f8,a0bddd239d27,p1,2,1,False
ukaypro-edison-highlander-format,3,2,15aed1895af1,237a403e41cf,p1,2,0,False
ukaypro-edison-highlander-format,3,3,dc646fe348d5,6a86ff030e16,p2,2,0,False
ukaypro-edison-highlander-format,3,4,784cfd65dacc,85e26a795e41,p2,2,1,False
ukaypro-edison-highlander-format,3,5,b1ff747b32b0,bcc6ecd308d8,p2,2,0,False
ukaypro-edison-highlander-format,4,1,15aed1895af1,8c51aa1359f8,p1,2,0,False
ukaypro-edison-highlander-format,4,2,a0bddd239d27,784cfd65dacc,p1,2,0,False
ukaypro-edison-highlander-format,4,3,6a86ff030e16,85e26a795e41,p1,2,1,False
the-geekerys-yu-gi-oh-edison-tournament-96-the-runback,1,1,f7c8d12cc331,b28349fa5421,p1,2,1,False
the-geekerys-yu-gi-oh-edison-tournament-96-the-runback,1,2,475b9ce6e3ed,2f791f0d0868,p1,2,0,False
the-geekerys-yu-gi-oh-edison-tournament-96-the-runback,1,3,ffe24d96b858,b7950da517c4,p1,2,1,False
the-geekerys-yu-gi-oh-edison-tournament-96-the-runback,2,1,fa35b4a8d747,ffe24d96b858,p1,2,1,False
the-geekerys-yu-gi-oh-edison-tournament-96-the-runback,2,2,475b9ce6e3ed,f7c8d12cc331,p2,2,0,False
the-geekerys-yu-gi-oh-edison-tournament-96-the-runback,2,3,2f791f0d0868,b7950da517c4,p1,2,1,False
the-geekerys-yu-gi-oh-edison-tournament-96-the-runback,3,1,f7c8d12cc331,fa35b4a8d747,p2,2,1,False
the-geekerys-yu-gi-oh-edison-tournament-96-the-runback,3,2,b28349fa5421,2f791f0d0868,p2,2,1,False
the-geekerys-yu-gi-oh-edison-tournament-96-the-runback,3,3,ffe24d96b858,475b9ce6e3ed,p2,2,0,False
gm-best-of-the-best-1,1,1,9df587203aa4,2ec7c90d1b56,p1,1,0,True
gm-best-of-the-best-1,1,2,7e3d4ed38b0f,80739436fe31,p1,1,0,True
gm-best-of-the-best-1,1,3,fcca093a3bd0,67f48168fa59,p2,1,0,True
gm-best-of-the-best-1,1,4,a177e2344ca2,2b6992f88b0d,p2,1,0,True
gm-best-of-the-best-1,1,5,4a9b3436654a,2761f8b46dbb,p1,1,0,True
gm-best-of-the-best-1,1,6,311b7366a0a9,31c8e0762d75,p2,1,0,True
gm-best-of-the-best-1,1,7,bc9cd455f270,87bc94140811,p1,1,0,True
gm-best-of-the-best-1,1,8,b95a691bc10f,78c6c28efc96,p1,1,0,True
gm-best-of-the-best-1,1,9,9ba6a44e9373,882c5c101058,p2,1,0,True
gm-best-of-the-best-1,1,10,e944389d4076,647a3c0fa4d3,p2,1,0,True
gm-best-of-the-best-1,1,11,ccef79f70326,e30d9e0380db,p1,1,0,True
gm-best-of-the-best-1,1,12,9049ee96f981,c3fc13578ba5,p2,1,0,True
gm-best-of-the-best-1,1,13,5f31b4bf662c,3d4020934593,p2,1,0,True
gm-best-of-the-best-1,1,14,d8dd12fba0d6,c5ab443612de,p1,1,0,True
gm-best-of-the-best-1,1,15,7d288f1061e7,dab4572443b4,p1,1,0,True
gm-best-of-the-best-1,1,16,75a9907a783b,e595f1be67cd,p1,1,0,True
gm-best-of-the-best-1,1,17,e39f0725a095,bdca99430d5c,p1,1,0,True
gm-best-of-the-best-1,1,18,e5f02f448996,b935c691ab27,p2,1,0,True
gm-best-of-the-best-1,1,19,3241ae961f30,8f419bdd4199,p2,1,0,True
gm-best-of-the-best-1,1,20,246009fd4cbd,7c90acfd1bb0,p1,1,0,True
gm-best-of-the-best-1,1,21,3cad6727c183,a4d59ca603a6,p2,1,0,True
gm-best-of-the-best-1,1,22,4dd027d4957b,5bb6657562bb,p1,1,0,False
gm-best-of-the-best-1,1,23,c4bfea592250,a74c6973110e,p2,1,0,True
gm-best-of-the-best-1,1,24,29987471b114,7899006845dd,p1,1,0,True
gm-best-of-the-best-1,2,1,67f48168fa59,4dd027d4957b,p1,1,0,True
gm-best-of-the-best-1,2,2,2b6992f88b0d,ccef79f70326,p1,1,0,True
gm-best-of-the-best-1,2,3,7d288f1061e7,246009fd4cbd,p2,1,0,True
gm-best-of-the-best-1,2,4,9df587203aa4,8f419bdd4199,p1,1,0,True
gm-best-of-the-best-1,2,5,a4d59ca603a6,bc9cd455f270,p1,1,0,True
gm-best-of-the-best-1,2,6,882c5c101058,3d4020934593,p1,1,0,True
gm-best-of-the-best-1,2,7,b935c691ab27,e39f0725a095,p1,1,0,True
gm-best-of-the-best-1,2,8,275e56ba7da9,b95a691bc10f,p2,1,0,True
gm-best-of-the-best-1,2,9,c3fc13578ba5,4a9b3436654a,p2,1,0,True
gm-best-of-the-best-1,2,10,a74c6973110e,d8dd12fba0d6,p2,1,0,True
gm-best-of-the-best-1,2,11,31c8e0762d75,75a9907a783b,p1,1,0,True
gm-best-of-the-best-1,2,12,29987471b114,647a3c0fa4d3,p2,1,0,True
gm-best-of-the-best-1,2,13,7e3d4ed38b0f,311b7366a0a9,p1,1,0,True
gm-best-of-the-best-1,2,14,3241ae961f30,e944389d4076,p1,1,0,True
gm-best-of-the-best-1,2,15,80739436fe31,dab4572443b4,p1,1,0,True
gm-best-of-the-best-1,2,16,e595f1be67cd,7c90acfd1bb0,p2,1,0,True
gm-best-of-the-best-1,2,17,2ec7c90d1b56,2761f8b46dbb,p2,1,0,True
gm-best-of-the-best-1,2,18,a177e2344ca2,87bc94140811,p2,1,0,True
gm-best-of-the-best-1,2,19,78c6c28efc96,e30d9e0380db,p1,1,0,True
gm-best-of-the-best-1,2,20,9ba6a44e9373,c5ab443612de,p2,1,0,True
gm-best-of-the-best-1,2,21,7899006845dd,c4bfea592250,p1,1,0,True
gm-best-of-the-best-1,2,22,9049ee96f981,fcca093a3bd0,p2,1,0,True
gm-best-of-the-best-1,2,23,e5f02f448996,5bb6657562bb,p2,1,0,False
gm-best-of-the-best-1,2,24,5f31b4bf662c,bdca99430d5c,p2,1,0,True
gm-best-of-the-best-1,3,1,31c8e0762d75,a4d59ca603a6,p2,1,0,True
gm-best-of-the-best-1,3,2,67f48168fa59,9df587203aa4,p2,1,0,True
gm-best-of-the-best-1,3,3,2b6992f88b0d,d8dd12fba0d6,p2,1,0,True
gm-best-of-the-best-1,3,4,7e3d4ed38b0f,4a9b3436654a,p1,1,0,True
gm-best-of-the-best-1,3,5,b935c691ab27,b95a691bc10f,p2,1,0,True
gm-best-of-the-best-1,3,6,882c5c101058,647a3c0fa4d3,p2,1,0,True
gm-best-of-the-best-1,3,7,246009fd4cbd,c5ab443612de,p1,1,0,True
gm-best-of-the-best-1,3,8,75a9907a783b,7899006845dd,p1,1,0,True
gm-best-of-the-best-1,3,9,a74c6973110e,ccef79f70326,p2,1,0,True
gm-best-of-the-best-1,3,10,80739436fe31,78c6c28efc96,p1,1,0,True
gm-best-of-the-best-1,3,11,7d288f1061e7,c3fc13578ba5,p1,1,0,True
gm-best-of-the-best-1,3,12,8f419bdd4199,bc9cd455f270,p1,1,0,True
gm-best-of-the-best-1,3,13,fcca093a3bd0,5bb6657562bb,p1,1,0,False
gm-best-of-the-best-1,3,14,4dd027d4957b,29987471b114,p2,1,0,True
gm-best-of-the-best-1,3,15,275e56ba7da9,87bc94140811,p2,1,0,True
gm-best-of-the-best-1,3,16,3241ae961f30,2761f8b46dbb,p2,1,0,True
gm-best-of-the-best-1,3,17,7c90acfd1bb0,e39f0725a095,p1,1,0,True
gm-best-of-the-best-1,3,18,3cad6727c183,bdca99430d5c,p2,1,0,True
gm-best-of-the-best-1,3,19,3d4020934593,e944389d4076,p1,1,0,True
gm-best-of-the-best-1,3,20,e30d9e0380db,9ba6a44e9373,p1,1,0,True
gm-best-of-the-best-1,3,21,9049ee96f981,311b7366a0a9,p2,1,0,True
gm-best-of-the-best-1,3,22,a177e2344ca2,e595f1be67cd,p1,1,0,True
gm-best-of-the-best-1,3,23,2ec7c90d1b56,c4bfea592250,p2,1,0,True
gm-best-of-the-best-1,4,1,7e3d4ed38b0f,246009fd4cbd,p2,1,0,True
gm-best-of-the-best-1,4,2,d8dd12fba0d6,647a3c0fa4d3,p2,1,0,True
gm-best-of-the-best-1,4,3,a4d59ca603a6,b95a691bc10f,p1,1,0,True
gm-best-of-the-best-1,4,4,9df587203aa4,ccef79f70326,p2,1,0,True
gm-best-of-the-best-1,4,5,8f419bdd4199,67f48168fa59,p1,1,0,True
gm-best-of-the-best-1,4,6,3d4020934593,31c8e0762d75,p1,1,0,True
gm-best-of-the-best-1,4,7,882c5c101058,80739436fe31,p2,1,0,True
gm-best-of-the-best-1,4,8,75a9907a783b,29987471b114,p2,1,0,True
gm-best-of-the-best-1,4,9,b935c691ab27,7c90acfd1bb0,p1,1,0,True
gm-best-of-the-best-1,4,10,2761f8b46dbb,87bc94140811,p2,1,0,True
gm-best-of-the-best-1,4,11,2b6992f88b0d,bdca99430d5c,p2,1,0,True
gm-best-of-the-best-1,4,12,4a9b3436654a,7d288f1061e7,p1,1,0,True
gm-best-of-the-best-1,4,13,fcca093a3bd0,a74c6973110e,p1,1,0,True
gm-best-of-the-best-1,4,14,c5ab443612de,c4bfea592250,p2,1,0,True
gm-best-of-the-best-1,4,15,dab4572443b4,a177e2344ca2,p1,1,0,True
gm-best-of-the-best-1,4,16,e30d9e0380db,275e56ba7da9,p1,1,0,True
gm-best-of-the-best-1,4,17,3cad6727c183,311b7366a0a9,p1,1,0,True
gm-best-of-the-best-1,4,18,78c6c28efc96,7899006845dd,p2,1,0,True
gm-best-of-the-best-1,4,19,3241ae961f30,5bb6657562bb,p2,1,0,False
gm-best-of-the-best-1,4,20,4dd027d4957b,c3fc13578ba5,p2,1,0,True
gm-best-of-the-best-1,4,21,bc9cd455f270,e39f0725a095,p1,1,0,True
gm-best-of-the-best-1,4,22,e595f1be67cd,9ba6a44e9373,p2,1,0,True
gm-best-of-the-best-1,5,1,246009fd4cbd,647a3c0fa4d3,p1,1,0,True
gm-best-of-the-best-1,5,2,a4d59ca603a6,4a9b3436654a,p2,1,0,True
gm-best-of-the-best-1,5,3,9df587203aa4,80739436fe31,p1,1,0,True
gm-best-of-the-best-1,5,4,29987471b114,8f419bdd4199,p1,1,0,True
gm-best-of-the-best-1,5,5,b95a691bc10f,d8dd12fba0d6,p2,1,0,True
gm-best-of-the-best-1,5,6,fcca093a3bd0,b935c691ab27,p1,1,0,True
gm-best-of-the-best-1,5,7,bdca99430d5c,3d4020934593,p1,1,0,True
gm-best-of-the-best-1,5,8,7e3d4ed38b0f,ccef79f70326,p1,1,0,True
gm-best-of-the-best-1,5,9,87bc94140811,75a9907a783b,p2,1,0,True
gm-best-of-the-best-1,5,10,2761f8b46dbb,67f48168fa59,p1,1,0,True
gm-best-of-the-best-1,5,11,7899006845dd,5bb6657562bb,p2,1,0,False
gm-best-of-the-best-1,5,12,bc9cd455f270,c3fc13578ba5,p1,1,0,True
gm-best-of-the-best-1,5,13,3cad6727c183,882c5c101058,p2,1,0,True
gm-best-of-the-best-1,5,14,7c90acfd1bb0,31c8e0762d75,p2,1,0,True
gm-best-of-the-best-1,5,15,2b6992f88b0d,dab4572443b4,p2,1,0,True
gm-best-of-the-best-1,5,16,c4bfea592250,e30d9e0380db,p1,1,0,True
gm-best-of-the-best-1,5,17,7d288f1061e7,e39f0725a095,p1,1,0,True
gm-best-of-the-best-1,5,18,275e56ba7da9,3241ae961f30,p2,1,0,True
gm-best-of-the-best-1,5,19,a74c6973110e,78c6c28efc96,p1,1,0,True
gm-best-of-the-best-1,6,1,246009fd4cbd,bdca99430d5c,p2,1,0,True
gm-best-of-the-best-1,6,2,9df587203aa4,d8dd12fba0d6,p1,1,0,True
gm-best-of-the-best-1,6,3,4a9b3436654a,647a3c0fa4d3,p1,1,0,True
gm-best-of-the-best-1,6,4,29987471b114,fcca093a3bd0,p1,1,0,True
gm-best-of-the-best-1,6,5,a4d59ca603a6,7e3d4ed38b0f,p2,1,0,True
gm-best-of-the-best-1,6,6,7d288f1061e7,80739436fe31,p2,1,0,True
gm-best-of-the-best-1,6,7,2761f8b46dbb,b95a691bc10f,p1,1,0,True
gm-best-of-the-best-1,6,8,3d4020934593,dab4572443b4,p2,1,0,True
gm-best-of-the-best-1,6,9,c4bfea592250,882c5c101058,p2,1,0,True
gm-best-of-the-best-1,6,10,5bb6657562bb,b935c691ab27,p2,1,0,False
gm-best-of-the-best-1,6,11,31c8e0762d75,bc9cd455f270,p2,1,0,True
gm-best-of-the-best-1,6,12,87bc94140811,8f419bdd4199,p2,1,0,True
gm-best-of-the-best-1,6,13,75a9907a783b,ccef79f70326,p2,1,0,True
gm-best-of-the-best-1,6,14,67f48168fa59,3cad6727c183,p1,1,0,True
gm-best-of-the-best-1,6,15,3241ae961f30,2b6992f88b0d,p2,1,0,True
gm-best-of-the-best-1,6,16,e30d9e0380db,a74c6973110e,p1,1,0,True
gm-best-of-the-best-1,6,17,4dd027d4957b,e39f0725a095,p1,1,0,True
gm-best-of-the-best-1,6,18,275e56ba7da9,78c6c28efc96,p1,1,0,True
gm-best-of-the-best-1,Finals,1,7e3d4ed38b0f,246009fd4cbd,p2,1,0,True
gm-best-of-the-best-1,Top 4,1,7e3d4ed38b0f,9df587203aa4,p1,1,0,True
gm-best-of-the-best-1,Top 4,2,647a3c0fa4d3,246009fd4cbd,p2,1,0,True
gm-best-of-the-best-1,Top 8,1,7e3d4ed38b0f,80739436fe31,p1,1,0,True
gm-best-of-the-best-1,Top 8,2,9df587203aa4,29987471b114,p1,1,0,True
gm-best-of-the-best-1,Top 8,3,246009fd4cbd,bdca99430d5c,p1,1,0,True
gm-best-of-the-best-1,Top 8,4,4a9b3436654a,647a3c0fa4d3,p2,1,0,True
the-geekerys-yu-gi-oh-edison-tournament-96,1,1,efbae8b8f083,287a1a1fec9f,p2,2,0,False
the-geekerys-yu-gi-oh-edison-tournament-96,1,2,6c1ad985427e,97270878ef02,p1,2,0,False
the-geekerys-yu-gi-oh-edison-tournament-96,1,3,8ca0e05d8384,a0b6258f1f1a,p1,2,1,False
the-geekerys-yu-gi-oh-edison-tournament-96,1,4,7d0fff3abafa,0c93b7729be6,p1,2,1,False
the-geekerys-yu-gi-oh-edison-tournament-96,1,5,24718b450355,7eaf8c51dc4e,p2,2,1,False
the-geekerys-yu-gi-oh-edison-tournament-96,1,6,50e877fddb40,a393968debc7,p1,2,1,False
the-geekerys-yu-gi-oh-edison-tournament-96,2,1,7eaf8c51dc4e,50e877fddb40,p2,2,0,False
the-geekerys-yu-gi-oh-edison-tournament-96,2,2,8ca0e05d8384,6c1ad985427e,p1,2,0,False
the-geekerys-yu-gi-oh-edison-tournament-96,2,3,4a1bc9f59116,7d0fff3abafa,p1,2,1,False
the-geekerys-yu-gi-oh-edison-tournament-96,2,4,287a1a1fec9f,a393968debc7,p2,2,1,False
the-geekerys-yu-gi-oh-edison-tournament-96,2,5,efbae8b8f083,0c93b7729be6,p2,2,1,False
the-geekerys-yu-gi-oh-edison-tournament-96,2,6,a0b6258f1f1a,24718b450355,p1,2,1,False
the-geekerys-yu-gi-oh-edison-tournament-96,3,1,50e877fddb40,4a1bc9f59116,p2,2,1,False
the-geekerys-yu-gi-oh-edison-tournament-96,3,2,8ca0e05d8384,287a1a1fec9f,p2,2,0,False
the-geekerys-yu-gi-oh-edison-tournament-96,3,3,97270878ef02,0c93b7729be6,p2,2,1,False
the-geekerys-yu-gi-oh-edison-tournament-96,3,4,a393968debc7,a0b6258f1f1a,p2,2,1,False
the-geekerys-yu-gi-oh-edison-tournament-96,3,5,6c1ad985427e,7eaf8c51dc4e,p2,2,0,False
the-geekerys-yu-gi-oh-edison-tournament-96,3,6,7d0fff3abafa,24718b450355,p2,2,1,False
the-geekerys-yu-gi-oh-edison-tournament-96,4,1,4a1bc9f59116,287a1a1fec9f,p2,2,1,False
the-geekerys-yu-gi-oh-edison-tournament-96,4,2,0c93b7729be6,8ca0e05d8384,p2,2,1,False
the-geekerys-yu-gi-oh-edison-tournament-96,4,3,50e877fddb40,a0b6258f1f1a,p1,2,0,False
the-geekerys-yu-gi-oh-edison-tournament-96,4,4,7eaf8c51dc4e,97270878ef02,p1,2,1,False
the-geekerys-yu-gi-oh-edison-tournament-96,4,5,a393968debc7,6c1ad985427e,p1,2,1,False
the-geekerys-yu-gi-oh-edison-tournament-96,4,6,efbae8b8f083,7d0fff3abafa,p2,2,0,False
yugioh-edison-weekly-140,1,1,d6c0e2b510e8,ec86928f94e4,p1,2,0,False
yugioh-edison-weekly-140,1,2,ab6bcd78b9b0,16e974b88884,p2,2,0,False
yugioh-edison-weekly-140,2,1,16e974b88884,d6c0e2b510e8,p2,2,1,False
yugioh-edison-weekly-140,2,2,97e977592443,ab6bcd78b9b0,p1,2,1,False
yugioh-edison-weekly-140,2,3,acdb30828541,ec86928f94e4,p1,2,0,False
yugioh-edison-weekly-140,3,1,d6c0e2b510e8,97e977592443,p2,2,0,False
yugioh-edison-weekly-140,3,2,acdb30828541,16e974b88884,p2,2,0,False
yugioh-edison-weekly-140,3,3,ec86928f94e4,ab6bcd78b9b0,p1,2,0,False
poyo-monthly-morning-star,1,1,13a66546291b,104ed1396046,p2,2,0,False
poyo-monthly-morning-star,1,2,9da56f40a898,e82d7d02189d,p1,2,1,False
poyo-monthly-morning-star,1,3,6b20d6889c27,1eaa5af35058,p2,2,1,False
poyo-monthly-morning-star,1,4,3d4bd7052415,a44f5a59b055,p2,2,0,False
poyo-monthly-morning-star,1,5,8712b3365d85,9ae145ec9fc5,p2,2,1,False
poyo-monthly-morning-star,1,6,e36ee64542d7,5a92e077d22d,p1,2,1,False
poyo-monthly-morning-star,2,1,7f15a76b7061,e36ee64542d7,p2,2,0,False
poyo-monthly-morning-star,2,2,1eaa5af35058,104ed1396046,p2,2,1,False
poyo-monthly-morning-star,2,3,9da56f40a898,9ae145ec9fc5,p1,2,0,False
poyo-monthly-morning-star,2,4,a44f5a59b055,8712b3365d85,p1,2,1,False
poyo-monthly-morning-star,2,5,5a92e077d22d,6b20d6889c27,p1,2,1,False
poyo-monthly-morning-star,2,6,e82d7d02189d,3d4bd7052415,p1,2,0,False
poyo-monthly-morning-star,3,1,a44f5a59b055,104ed1396046,p1,2,1,False
poyo-monthly-morning-star,3,2,e36ee64542d7,9da56f40a898,p1,2,1,False
poyo-monthly-morning-star,3,3,e82d7d02189d,9ae145ec9fc5,p1,2,0,False
poyo-monthly-morning-star,3,4,7f15a76b7061,1eaa5af35058,p1,2,0,False
poyo-monthly-morning-star,3,5,5a92e077d22d,8712b3365d85,p2,2,1,False
poyo-monthly-morning-star,3,6,6b20d6889c27,3d4bd7052415,p2,2,1,False
poyo-monthly-morning-star,4,1,a44f5a59b055,e36ee64542d7,p1,2,0,False
poyo-monthly-morning-star,4,2,9da56f40a898,7f15a76b7061,p1,2,1,False
poyo-monthly-morning-star,4,3,104ed1396046,e82d7d02189d,p1,2,1,False
poyo-monthly-morning-star,4,4,3d4bd7052415,9ae145ec9fc5,p1,2,1,False
poyo-monthly-morning-star,4,5,5a92e077d22d,1eaa5af35058,p1,2,0,False
poyo-monthly-morning-star,4,6,8712b3365d85,6b20d6889c27,p2,2,1,False
poyo-monthly-morning-star,Finals,1,a44f5a59b055,e36ee64542d7,p1,2,1,False
poyo-monthly-morning-star,Top 4,1,a44f5a59b055,9da56f40a898,p1,2,1,False
poyo-monthly-morning-star,Top 4,2,e36ee64542d7,104ed1396046,p1,2,1,False
wolfdog-edison-weekly-662,1,1,fa4d9b733dd6,4fc65517e5ff,p1,2,0,False
wolfdog-edison-weekly-662,1,2,70f0a6d87d63,922e42b620f3,p1,2,1,False
wolfdog-edison-weekly-662,1,3,a71d7566a6d6,dc6dabd2aa53,p2,2,1,False
wolfdog-edison-weekly-662,2,1,70f0a6d87d63,0f6b8baa73b0,p1,2,1,False
wolfdog-edison-weekly-662,2,2,dc6dabd2aa53,fa4d9b733dd6,p2,2,1,False
wolfdog-edison-weekly-662,2,3,922e42b620f3,4fc65517e5ff,p1,2,1,False
wolfdog-edison-weekly-662,3,1,fa4d9b733dd6,70f0a6d87d63,p1,2,0,False
wolfdog-edison-weekly-662,3,2,dc6dabd2aa53,922e42b620f3,p2,2,1,False
wolfdog-edison-weekly-662,3,3,0f6b8baa73b0,4fc65517e5ff,p1,2,0,False
yugioh-edison-4,1,1,2ef36884fa7a,f94e00cdcc2c,p2,2,1,False
yugioh-edison-4,1,2,3e89556f499a,0db509c343fb,p1,2,0,False
yugioh-edison-4,1,3,6964abed7855,a4b071e563f7,p2,2,1,False
yugioh-edison-4,2,1,f94e00cdcc2c,3e89556f499a,p2,2,1,False
yugioh-edison-4,2,2,a4b071e563f7,6260856655db,p2,2,1,False
yugioh-edison-4,2,3,6964abed7855,2ef36884fa7a,p1,2,0,False
yugioh-edison-4,3,1,3e89556f499a,a4b071e563f7,p2,2,0,False
yugioh-edison-4,3,2,0db509c343fb,6964abed7855,p2,2,0,False
yugioh-edison-4,3,3,6260856655db,f94e00cdcc2c,p2,2,0,False
yugioh-edison-4,4,1,3e89556f499a,6964abed7855,p2,2,0,False
yugioh-edison-4,4,2,a4b071e563f7,f94e00cdcc2c,p2,2,1,False
yugioh-edison-4,4,3,6260856655db,2ef36884fa7a,p2,2,1,False
yugioh-edison-4,5,1,f94e00cdcc2c,6964abed7855,p2,2,0,False
yugioh-edison-4,5,2,2ef36884fa7a,a4b071e563f7,p1,2,0,False
ukaypro-dice-event-2,1,1,8c51aa1359f8,d0712ed0a262,p1,2,1,True
ukaypro-dice-event-2,1,2,237a403e41cf,dc646fe348d5,p2,2,0,True
ukaypro-dice-event-2,1,3,ca1a9318efd2,bcc6ecd308d8,p1,2,1,False
ukaypro-dice-event-2,1,4,bf3f6c4f189c,c29b7346fb0a,p2,2,1,True
ukaypro-dice-event-2,1,5,b1ff747b32b0,abb539d20250,p2,2,0,True
ukaypro-dice-event-2,1,6,6a86ff030e16,a45a17c84e7a,p1,2,0,True
ukaypro-dice-event-2,1,7,0c5a86bfa9be,15aed1895af1,p1,2,0,True
ukaypro-dice-event-2,1,8,4d00d952219f,600d41256934,p2,2,0,True
ukaypro-dice-event-2,1,9,270887a37c55,a0bddd239d27,p2,2,1,True
ukaypro-dice-event-2,1,10,85e26a795e41,b21badfef7a7,p2,2,0,True
ukaypro-dice-event-2,2,1,a0bddd239d27,0c5a86bfa9be,p2,2,0,True
ukaypro-dice-event-2,2,2,8c51aa1359f8,abb539d20250,p2,2,1,True
ukaypro-dice-event-2,2,3,b21badfef7a7,c29b7346fb0a,p1,2,0,True
ukaypro-dice-event-2,2,4,600d41256934,dc646fe348d5,p2,2,1,True
ukaypro-dice-event-2,2,5,ca1a9318efd2,6a86ff030e16,p1,2,0,True
ukaypro-dice-event-2,2,6,bf3f6c4f189c,a45a17c84e7a,p1,2,0,True
ukaypro-dice-event-2,2,7,270887a37c55,bcc6ecd308d8,p2,2,1,False
ukaypro-dice-event-2,2,8,85e26a795e41,4d00d952219f,p2,2,1,True
ukaypro-dice-event-2,2,9,b1ff747b32b0,237a403e41cf,p2,2,0,True
ukaypro-dice-event-2,2,10,d0712ed0a262,15aed1895af1,p2,2,0,True
ukaypro-dice-event-2,3,1,abb539d20250,0c5a86bfa9be,p1,2,1,True
ukaypro-dice-event-2,3,2,ca1a9318efd2,dc646fe348d5,p1,2,1,True
ukaypro-dice-event-2,3,3,b21badfef7a7,bf3f6c4f189c,p1,2,0,True
ukaypro-dice-event-2,3,4,15aed1895af1,8c51aa1359f8,p1,2,1,True
ukaypro-dice-event-2,3,5,237a403e41cf,bcc6ecd308d8,p2,2,0,False
ukaypro-dice-event-2,3,6,6a86ff030e16,c29b7346fb0a,p2,2,1,True
ukaypro-dice-event-2,3,7,a0bddd239d27,4d00d952219f,p1,2,0,True
ukaypro-dice-event-2,3,8,600d41256934,a45a17c84e7a,p2,2,0,True
ukaypro-dice-event-2,4,1,ca1a9318efd2,abb539d20250,p2,2,1,True
ukaypro-dice-event-2,4,2,b21badfef7a7,0c5a86bfa9be,p2,2,1,True
ukaypro-dice-event-2,4,3,c29b7346fb0a,dc646fe348d5,p1,2,0,True
ukaypro-dice-event-2,4,4,15aed1895af1,bcc6ecd308d8,p2,2,0,False
ukaypro-dice-event-2,4,5,a0bddd239d27,bf3f6c4f189c,p2,2,1,True
ukaypro-dice-event-2,4,6,4d00d952219f,8c51aa1359f8,p1,2,1,True
ukaypro-dice-event-2,4,7,600d41256934,6a86ff030e16,p2,2,1,True
ukaypro-dice-event-2,4,8,85e26a795e41,a45a17c84e7a,p2,2,1,True
ukaypro-dice-event-2,5,1,abb539d20250,bcc6ecd308d8,p1,2,1,False
ukaypro-dice-event-2,5,2,0c5a86bfa9be,c29b7346fb0a,p1,2,1,True
ukaypro-dice-event-2,5,3,ca1a9318efd2,b21badfef7a7,p2,2,0,True
ukaypro-dice-event-2,5,4,6a86ff030e16,15aed1895af1,p2,2,0,True
ukaypro-dice-event-2,5,5,bf3f6c4f189c,dc646fe348d5,p2,2,1,True
ukaypro-dice-event-2,5,6,a0bddd239d27,8c51aa1359f8,p2,2,0,True
ukaypro-dice-event-2,5,7,a45a17c84e7a,4d00d952219f,p1,2,1,True
ukaypro-dice-event-2,5,8,600d41256934,85e26a795e41,p2,2,0,True
legacy-edison-2,1,1,145e60c97fcc,208af305dfda,p1,2,0,False
legacy-edison-2,1,2,b2c622dff924,09d5586e38d3,p1,2,1,False
legacy-edison-2,1,3,27f1fb038b29,7f17ec52aed4,p2,2,0,False
legacy-edison-2,1,4,0cbc01e460f0,ccba6b43a764,p1,2,0,False
legacy-edison-2,2,1,7f17ec52aed4,b2c622dff924,p1,2,1,False
legacy-edison-2,2,2,145e60c97fcc,0cbc01e460f0,p2,2,1,False
legacy-edison-2,2,3,09d5586e38d3,208af305dfda,p1,2,1,False
legacy-edison-2,2,4,27f1fb038b29,ccba6b43a764,p1,2,0,False
legacy-edison-2,3,1,0cbc01e460f0,7f17ec52aed4,p1,2,1,False
legacy-edison-2,3,2,27f1fb038b29,09d5586e38d3,p2,2,0,False
legacy-edison-2,3,3,b2c622dff924,145e60c97fcc,p1,2,0,False
legacy-edison-2,3,4,208af305dfda,ccba6b43a764,p2,2,0,False
legacy-edison-2,4,1,0cbc01e460f0,b2c622dff924,p2,2,1,False
legacy-edison-2,4,2,09d5586e38d3,7f17ec52aed4,p2,2,0,False
legacy-edison-2,4,3,ccba6b43a764,145e60c97fcc,p2,2,0,False
legacy-edison-2,4,4,27f1fb038b29,208af305dfda,p1,2,0,False
yugioh-edison-weekly-940,1,1,acdb30828541,d6c0e2b510e8,p2,2,1,False
yugioh-edison-weekly-940,1,2,97e977592443,dc845723afc9,p1,2,0,False
yugioh-edison-weekly-940,1,3,16e974b88884,feee9cfda4a4,p2,2,1,False
yugioh-edison-weekly-940,2,1,97e977592443,d6c0e2b510e8,p1,2,1,False
yugioh-edison-weekly-940,2,2,ecf531f1040d,feee9cfda4a4,p2,2,1,False
yugioh-edison-weekly-940,2,3,dc845723afc9,16e974b88884,p1,2,1,False
yugioh-edison-weekly-940,3,1,feee9cfda4a4,97e977592443,p2,2,1,False
yugioh-edison-weekly-940,3,2,ecf531f1040d,acdb30828541,p2,2,0,False
yugioh-edison-weekly-940,3,3,d6c0e2b510e8,dc845723afc9,p2,2,1,False
scottie-scrims,1,1,a9714eb8a68f,ad61587ae58a,p1,2,0,False
scottie-scrims,1,2,972d6ecd5ad5,2e807e44d652,p1,2,1,False
scottie-scrims,1,3,3d861fc367d4,82bd64f11984,p1,2,1,False
scottie-scrims,1,4,a193a792f28b,585692ec0f75,p2,2,0,False
scottie-scrims,2,1,585692ec0f75,a9714eb8a68f,p1,2,1,False
scottie-scrims,2,2,972d6ecd5ad5,3d861fc367d4,p2,2,1,False
scottie-scrims,2,3,82bd64f11984,a193a792f28b,p1,2,1,False
scottie-scrims,2,4,2e807e44d652,ad61587ae58a,p2,2,1,False
scottie-scrims,3,1,585692ec0f75,3d861fc367d4,p2,2,0,False
scottie-scrims,3,2,972d6ecd5ad5,ad61587ae58a,p1,2,1,False
scottie-scrims,3,3,82bd64f11984,a9714eb8a68f,p2,2,1,False
scottie-scrims,3,4,a193a792f28b,2e807e44d652,p1,2,1,False
wolfdog-edison-weekly-702,1,1,b15bee688551,70f0a6d87d63,p2,2,0,False
wolfdog-edison-weekly-702,1,2,922e42b620f3,fa4d9b733dd6,p2,2,0,False
wolfdog-edison-weekly-702,1,3,06048e7279be,dc6dabd2aa53,p2,2,1,False
wolfdog-edison-weekly-702,1,4,a71d7566a6d6,0f6b8baa73b0,p1,2,1,False
wolfdog-edison-weekly-702,2,1,a71d7566a6d6,dc6dabd2aa53,p1,2,0,False
wolfdog-edison-weekly-702,2,2,fa4d9b733dd6,70f0a6d87d63,p2,2,0,False
wolfdog-edison-weekly-702,2,3,b15bee688551,06048e7279be,p1,2,0,False
wolfdog-edison-weekly-702,2,4,0f6b8baa73b0,922e42b620f3,p1,2,1,False
wolfdog-edison-weekly-702,3,1,a71d7566a6d6,70f0a6d87d63,p1,2,1,False
wolfdog-edison-weekly-702,3,2,b15bee688551,dc6dabd2aa53,p2,2,0,False
wolfdog-edison-weekly-702,3,3,0f6b8baa73b0,fa4d9b733dd6,p1,2,0,False
wolfdog-edison-weekly-702,3,4,922e42b620f3,06048e7279be,p1,2,0,False
legacy-edison-tournament,1,1,a26099b8d4ef,f7e22d9a73f9,p2,2,0,False
legacy-edison-tournament,1,2,09d5586e38d3,ccba6b43a764,p2,2,1,False
legacy-edison-tournament,1,3,e0a5ff891616,0cbc01e460f0,p1,2,1,False
legacy-edison-tournament,1,4,145e60c97fcc,b2c622dff924,p2,2,1,False
legacy-edison-tournament,2,1,b2c622dff924,ccba6b43a764,p1,2,1,False
legacy-edison-tournament,2,2,e0a5ff891616,f7e22d9a73f9,p2,2,0,False
legacy-edison-tournament,2,3,09d5586e38d3,0cbc01e460f0,p2,2,0,False
legacy-edison-tournament,2,4,a26099b8d4ef,145e60c97fcc,p1,2,1,False
legacy-edison-tournament,3,1,f7e22d9a73f9,b2c622dff924,p1,2,1,False
legacy-edison-tournament,3,2,ccba6b43a764,0cbc01e460f0,p1,2,1,False
legacy-edison-tournament,3,3,a26099b8d4ef,e0a5ff891616,p2,2,0,False
legacy-edison-tournament,3,4,145e60c97fcc,09d5586e38d3,p2,2,0,False
ukaypro-edison-whatsapp-challenge,1,1,abb539d20250,bf3f6c4f189c,p1,2,0,False
ukaypro-edison-whatsapp-challenge,1,2,4d00d952219f,dc646fe348d5,p2,2,0,True
ukaypro-edison-whatsapp-challenge,1,3,a45a17c84e7a,6a86ff030e16,p2,2,0,True
ukaypro-edison-whatsapp-challenge,1,4,b1ff747b32b0,119da0c5188f,p2,2,0,True
ukaypro-edison-whatsapp-challenge,1,5,270887a37c55,15aed1895af1,p1,2,1,True
ukaypro-edison-whatsapp-challenge,1,6,b21badfef7a7,aab7a1995f6c,p2,2,1,True
ukaypro-edison-whatsapp-challenge,1,7,8c51aa1359f8,a0bddd239d27,p2,2,0,True
ukaypro-edison-whatsapp-challenge,1,8,856323743b9a,512f70fffcfb,p2,2,1,True
ukaypro-edison-whatsapp-challenge,2,1,abb539d20250,aab7a1995f6c,p1,2,0,True
ukaypro-edison-whatsapp-challenge,2,2,dc646fe348d5,6a86ff030e16,p2,2,0,True
ukaypro-edison-whatsapp-challenge,2,3,512f70fffcfb,a0bddd239d27,p2,2,1,True
ukaypro-edison-whatsapp-challenge,2,4,119da0c5188f,270887a37c55,p2,2,0,True
ukaypro-edison-whatsapp-challenge,2,5,8c51aa1359f8,b21badfef7a7,p2,2,1,True
ukaypro-edison-whatsapp-challenge,2,6,a45a17c84e7a,15aed1895af1,p2,2,1,True
ukaypro-edison-whatsapp-challenge,2,7,bf3f6c4f189c,4d00d952219f,p1,2,1,False
ukaypro-edison-whatsapp-challenge,2,8,856323743b9a,b1ff747b32b0,p2,2,0,True
ukaypro-edison-whatsapp-challenge,3,1,6a86ff030e16,270887a37c55,p1,2,0,True
ukaypro-edison-whatsapp-challenge,3,2,abb539d20250,a0bddd239d27,p2,2,0,True
ukaypro-edison-whatsapp-challenge,3,3,bf3f6c4f189c,b21badfef7a7,p2,2,1,False
ukaypro-edison-whatsapp-challenge,3,4,dc646fe348d5,b1ff747b32b0,p2,2,1,True
ukaypro-edison-whatsapp-challenge,3,5,512f70fffcfb,aab7a1995f6c,p1,2,0,True
ukaypro-edison-whatsapp-challenge,3,6,15aed1895af1,8c51aa1359f8,p1,2,1,True
ukaypro-edison-whatsapp-challenge,3,7,a45a17c84e7a,856323743b9a,p1,2,1,True
ukaypro-edison-whatsapp-challenge,4,1,a0bddd239d27,6a86ff030e16,p2,2,1,True
ukaypro-edison-whatsapp-challenge,4,2,512f70fffcfb,b1ff747b32b0,p1,2,0,True
ukaypro-edison-whatsapp-challenge,4,3,abb539d20250,15aed1895af1,p1,2,1,True
ukaypro-edison-whatsapp-challenge,4,4,b21badfef7a7,270887a37c55,p1,2,0,True
ukaypro-edison-whatsapp-challenge,4,5,dc646fe348d5,a45a17c84e7a,p2,2,0,True
ukaypro-edison-whatsapp-challenge,4,6,4d00d952219f,aab7a1995f6c,p1,2,0,True
ukaypro-edison-whatsapp-challenge,4,7,bf3f6c4f189c,856323743b9a,p2,2,1,False
ukaypro-edison-whatsapp-challenge,Finals,1,abb539d20250,512f70fffcfb,p1,2,0,True
ukaypro-edison-whatsapp-challenge,Top 4,1,6a86ff030e16,abb539d20250,p2,2,1,True
ukaypro-edison-whatsapp-challenge,Top 4,2,a0bddd239d27,512f70fffcfb,p2,2,0,True
the-geekerys-yu-gi-oh-edison-tournament-816-the-runback,1,1,931393e4d593,0892a7a22e87,p2,2,1,False
the-geekerys-yu-gi-oh-edison-tournament-816-the-runback,1,2,8241f8d44546,983020563cce,p2,2,0,False
the-geekerys-yu-gi-oh-edison-tournament-816-the-runback,1,3,32f0c70f1d30,00d8cce58682,p1,2,0,False
the-geekerys-yu-gi-oh-edison-tournament-816-the-runback,1,4,3d5117c10523,6f41f7878f1e,p2,2,0,False
the-geekerys-yu-gi-oh-edison-tournament-816-the-runback,2,1,983020563cce,555f8f7d6baa,p1,2,0,False
the-geekerys-yu-gi-oh-edison-tournament-816-the-runback,2,2,0892a7a22e87,32f0c70f1d30,p1,2,1,False
the-geekerys-yu-gi-oh-edison-tournament-816-the-runback,2,3,6f41f7878f1e,931393e4d593,p2,2,1,False
the-geekerys-yu-gi-oh-edison-tournament-816-the-runback,2,4,3d5117c10523,00d8cce58682,p2,2,1,False
the-geekerys-yu-gi-oh-edison-tournament-816-the-runback,3,1,983020563cce,0892a7a22e87,p2,2,1,False
the-geekerys-yu-gi-oh-edison-tournament-816-the-runback,3,2,32f0c70f1d30,6f41f7878f1e,p1,2,1,False
the-geekerys-yu-gi-oh-edison-tournament-816-the-runback,3,3,931393e4d593,00d8cce58682,p2,2,0,False
the-geekerys-yu-gi-oh-edison-tournament-816-the-runback,3,4,555f8f7d6baa,3d5117c10523,p1,2,1,False
the-geekerys-yu-gi-oh-edison-tournament-816-copy,1,1,28d5ecd63f10,d6796f32a19a,p2,2,1,False
the-geekerys-yu-gi-oh-edison-tournament-816-copy,1,2,06dac57c8530,472a54d9fa1d,p1,2,0,False
the-geekerys-yu-gi-oh-edison-tournament-816-copy,1,3,c241c2a790e0,a4ca8c8df3ee,p2,2,1,False
the-geekerys-yu-gi-oh-edison-tournament-816-copy,1,4,35e673968bc9,02366e8fa22c,p1,2,1,False
the-geekerys-yu-gi-oh-edison-tournament-816-copy,2,1,a4ca8c8df3ee,06dac57c8530,p1,2,0,False
the-geekerys-yu-gi-oh-edison-tournament-816-copy,2,2,35e673968bc9,d6796f32a19a,p2,2,0,False
the-geekerys-yu-gi-oh-edison-tournament-816-copy,2,3,472a54d9fa1d,e718dbec859a,p2,2,0,False
the-geekerys-yu-gi-oh-edison-tournament-816-copy,2,4,28d5ecd63f10,02366e8fa22c,p1,2,1,False
the-geekerys-yu-gi-oh-edison-tournament-816-copy,3,1,a4ca8c8df3ee,d6796f32a19a,p1,2,0,False
the-geekerys-yu-gi-oh-edison-tournament-816-copy,3,2,e718dbec859a,06dac57c8530,p2,2,0,False
the-geekerys-yu-gi-oh-edison-tournament-816-copy,3,3,c241c2a790e0,35e673968bc9,p1,2,1,False
the-geekerys-yu-gi-oh-edison-tournament-816-copy,3,4,28d5ecd63f10,472a54d9fa1d,p2,2,1,False
tvbs-retro-yugioh-monthly,1,1,c92d5c1b8236,f619cc756140,p1,2,0,False
tvbs-retro-yugioh-monthly,1,2,1df5840ffe4d,9efedcb54c8f,p2,2,0,False
tvbs-retro-yugioh-monthly,1,3,c83bf60e3c05,f781e5ff287a,p1,2,1,False
tvbs-retro-yugioh-monthly,1,4,4483f7690c0c,eca60b911267,p1,2,1,False
tvbs-retro-yugioh-monthly,1,5,a58fb29d0d6c,5fcb1e01b134,p2,2,0,False
tvbs-retro-yugioh-monthly,1,6,ea50b177821d,c01701c27999,p1,2,0,False
tvbs-retro-yugioh-monthly,2,1,4483f7690c0c,c83bf60e3c05,p1,2,1,False
tvbs-retro-yugioh-monthly,2,2,5fcb1e01b134,9efedcb54c8f,p1,2,1,False
tvbs-retro-yugioh-monthly,2,3,ea50b177821d,c92d5c1b8236,p2,2,0,False
tvbs-retro-yugioh-monthly,2,4,f992cc72d827,f781e5ff287a,p2,2,0,False
tvbs-retro-yugioh-monthly,2,5,f619cc756140,eca60b911267,p1,2,1,False
tvbs-retro-yugioh-monthly,2,6,c01701c27999,a58fb29d0d6c,p1,2,1,False
tvbs-retro-yugioh-monthly,3,1,5fcb1e01b134,4483f7690c0c,p2,2,1,False
tvbs-retro-yugioh-monthly,3,2,c92d5c1b8236,9efedcb54c8f,p1,2,0,False
tvbs-retro-yugioh-monthly,3,3,c01701c27999,f619cc756140,p2,2,1,False
tvbs-retro-yugioh-monthly,3,4,f992cc72d827,c83bf60e3c05,p2,2,1,False
tvbs-retro-yugioh-monthly,3,5,f781e5ff287a,ea50b177821d,p2,2,1,False
tvbs-retro-yugioh-monthly,3,6,a58fb29d0d6c,eca60b911267,p2,2,0,False
jcs-edison-league-822,1,1,33e68d2fc2c4,6ebb88fce270,p1,1,0,False
jcs-edison-league-822,1,2,5ecbaab75254,167fdea215ce,p2,1,0,False
jcs-edison-league-822,2,1,33e68d2fc2c4,167fdea215ce,p2,1,0,False
jcs-edison-league-822,2,2,22c4a5497c7a,5ecbaab75254,p2,1,0,False
jcs-edison-league-822,3,1,167fdea215ce,6ebb88fce270,p1,1,0,False
jcs-edison-league-822,3,2,33e68d2fc2c4,22c4a5497c7a,p1,1,0,False
wolfdog-edison-weekly-205,1,1,aa955256ea11,db51231b89df,p1,2,1,False
wolfdog-edison-weekly-205,1,2,a71d7566a6d6,dc6dabd2aa53,p2,2,0,False
wolfdog-edison-weekly-205,1,3,0f6b8baa73b0,7406a2665759,p2,2,0,False
wolfdog-edison-weekly-205,1,4,b15bee688551,fa4d9b733dd6,p1,2,1,False
wolfdog-edison-weekly-205,2,1,7406a2665759,b15bee688551,p1,2,1,False
wolfdog-edison-weekly-205,2,2,70f0a6d87d63,aa955256ea11,p1,2,1,False
wolfdog-edison-weekly-205,2,3,dc6dabd2aa53,db51231b89df,p2,2,1,False
wolfdog-edison-weekly-205,2,4,0f6b8baa73b0,fa4d9b733dd6,p2,2,1,False
wolfdog-edison-weekly-205,3,1,7406a2665759,70f0a6d87d63,p2,2,1,False
wolfdog-edison-weekly-205,3,2,aa955256ea11,b15bee688551,p2,2,0,False
wolfdog-edison-weekly-205,3,3,db51231b89df,a71d7566a6d6,p2,2,0,False
wolfdog-edison-weekly-205,3,4,dc6dabd2aa53,fa4d9b733dd6,p1,2,0,False
friday-edison,1,1,87741deb1461,ac133c00da77,p2,2,1,False
friday-edison,1,2,4f719494bbd7,85d63740da5f,p2,2,0,False
friday-edison,1,3,1177675be632,bc216543dc5b,p2,2,1,False
friday-edison,2,1,ac133c00da77,85d63740da5f,p1,2,1,False
friday-edison,2,2,bc216543dc5b,4f719494bbd7,p2,2,0,False
friday-edison,2,3,1177675be632,87741deb1461,p2,2,0,False
friday-edison,3,1,ac133c00da77,4f719494bbd7,p1,2,1,False
friday-edison,3,2,85d63740da5f,bc216543dc5b,p2,2,1,False
the-geekerys-yu-gi-oh-edison-tournament-816,1,1,b5df3a0aa04a,93ffec23f612,p1,2,0,False
the-geekerys-yu-gi-oh-edison-tournament-816,1,2,e7b3046f36cc,d1ec70553843,p2,2,1,False
the-geekerys-yu-gi-oh-edison-tournament-816,1,3,341550ffd5dc,e4c611474352,p1,2,1,False
the-geekerys-yu-gi-oh-edison-tournament-816,1,4,c571dcb95324,9e18c8e01839,p2,2,0,False
the-geekerys-yu-gi-oh-edison-tournament-816,1,5,5109d0af2fa2,379adcbe2ef7,p1,2,1,False
the-geekerys-yu-gi-oh-edison-tournament-816,1,6,39b1f57b873e,2eabb8d78099,p1,2,0,False
the-geekerys-yu-gi-oh-edison-tournament-816,2,1,9e18c8e01839,b5df3a0aa04a,p1,2,0,False
the-geekerys-yu-gi-oh-edison-tournament-816,2,2,341550ffd5dc,046e52fe4f68,p2,2,0,False
the-geekerys-yu-gi-oh-edison-tournament-816,2,3,39b1f57b873e,5109d0af2fa2,p2,2,1,False
the-geekerys-yu-gi-oh-edison-tournament-816,2,4,d1ec70553843,e4c611474352,p2,2,1,False
the-geekerys-yu-gi-oh-edison-tournament-816,2,5,2eabb8d78099,c571dcb95324,p1,2,1,False
the-geekerys-yu-gi-oh-edison-tournament-816,2,6,93ffec23f612,e7b3046f36cc,p1,2,0,False
the-geekerys-yu-gi-oh-edison-tournament-816,3,1,9e18c8e01839,046e52fe4f68,p2,2,1,False
the-geekerys-yu-gi-oh-edison-tournament-816,3,2,5109d0af2fa2,b5df3a0aa04a,p2,2,1,False
the-geekerys-yu-gi-oh-edison-tournament-816,3,3,341550ffd5dc,d1ec70553843,p1,2,0,False
the-geekerys-yu-gi-oh-edison-tournament-816,3,4,93ffec23f612,39b1f57b873e,p1,2,0,False
the-geekerys-yu-gi-oh-edison-tournament-816,3,5,2eabb8d78099,379adcbe2ef7,p2,2,1,False
the-geekerys-yu-gi-oh-edison-tournament-816,3,6,e4c611474352,c571dcb95324,p2,2,1,False
the-geekerys-yu-gi-oh-edison-tournament-816,4,1,046e52fe4f68,379adcbe2ef7,p1,2,0,False
the-geekerys-yu-gi-oh-edison-tournament-816,4,2,b5df3a0aa04a,341550ffd5dc,p1,2,1,False
the-geekerys-yu-gi-oh-edison-tournament-816,4,3,9e18c8e01839,5109d0af2fa2,p2,2,0,False
the-geekerys-yu-gi-oh-edison-tournament-816,4,4,93ffec23f612,e4c611474352,p1,2,0,False
the-geekerys-yu-gi-oh-edison-tournament-816,4,5,39b1f57b873e,c571dcb95324,p2,2,1,False
the-geekerys-yu-gi-oh-edison-tournament-816,4,6,d1ec70553843,2eabb8d78099,p2,2,0,False
yugioh-edison-weekly-3,1,1,30720b28dd5b,97e977592443,p2,2,1,False
yugioh-edison-weekly-3,1,2,acdb30828541,d6c0e2b510e8,p2,2,0,False
yugioh-edison-weekly-3,1,3,e7a8166882a5,90f95142f37a,p2,2,0,False
yugioh-edison-weekly-3,1,4,8f0519cc91f9,ccd2776ab07a,p2,2,0,False
yugioh-edison-weekly-3,2,1,d6c0e2b510e8,90f95142f37a,p1,2,1,False
yugioh-edison-weekly-3,2,2,97e977592443,ccd2776ab07a,p1,2,1,False
yugioh-edison-weekly-3,2,3,e7a8166882a5,acdb30828541,p2,2,0,False
yugioh-edison-weekly-3,2,4,8f0519cc91f9,30720b28dd5b,p2,2,0,False
yugioh-edison-weekly-3,3,1,97e977592443,d6c0e2b510e8,p2,2,1,False
yugioh-edison-weekly-3,3,2,ccd2776ab07a,e7a8166882a5,p1,2,0,False
yugioh-edison-weekly-3,3,3,90f95142f37a,acdb30828541,p1,2,0,False
jcs-league-815,1,1,5ecbaab75254,4639b39ea35b,p1,2,0,False
jcs-league-815,1,2,6ebb88fce270,f66a9b95b967,p2,2,0,False
jcs-league-815,2,1,5ecbaab75254,f66a9b95b967,p2,2,0,False
jcs-league-815,2,2,6ebb88fce270,4639b39ea35b,p1,2,1,False
retro-reborn-circuit-fort-myers-day-1-edison,1,1,13b1a0f56e8b,520ea5b0fd06,p1,1,0,True
retro-reborn-circuit-fort-myers-day-1-edison,1,2,393312612887,1ee8c8ef6bb3,p1,1,0,True
retro-reborn-circuit-fort-myers-day-1-edison,1,3,d7c9cc72220d,f9ff4ae105e6,p2,1,0,True
retro-reborn-circuit-fort-myers-day-1-edison,1,4,78035d12f4f0,90db7faaa710,p1,1,0,True
retro-reborn-circuit-fort-myers-day-1-edison,1,5,6cd72107d9ec,fe3e0e52845a,p1,1,0,True
retro-reborn-circuit-fort-myers-day-1-edison,1,6,2d86f9c2040c,b593880993f1,p1,1,0,True
retro-reborn-circuit-fort-myers-day-1-edison,1,7,0f2d14b7cb3e,f06b9c61386a,p2,1,0,True
retro-reborn-circuit-fort-myers-day-1-edison,1,8,f7e22d9a73f9,150524b501d9,p2,1,0,True
retro-reborn-circuit-fort-myers-day-1-edison,1,9,3179bb49d9fa,ce2b368d4ee0,p1,1,0,True
retro-reborn-circuit-fort-myers-day-1-edison,1,10,1b4f69247dc4,56265aed2c1e,p1,1,0,True
retro-reborn-circuit-fort-myers-day-1-edison,1,11,a62800a43a00,9e03010dc476,p1,1,0,True
retro-reborn-circuit-fort-myers-day-1-edison,1,12,f387659943c8,f9dc78520400,p2,1,0,True
retro-reborn-circuit-fort-myers-day-1-edison,1,13,cef39b01d3f0,623c7d580257,p2,1,0,True
retro-reborn-circuit-fort-myers-day-1-edison,1,14,ff70e6eb0ab8,f044e1e4022f,p1,1,0,True
retro-reborn-circuit-fort-myers-day-1-edison,1,15,c384cac3ebc7,a02bff3f971d,p2,1,0,True
retro-reborn-circuit-fort-myers-day-1-edison,1,16,4c33a2edb672,d51c358ed9fc,p1,1,0,True
retro-reborn-circuit-fort-myers-day-1-edison,1,17,4b242e9280c2,0edf28b0ea46,p2,1,0,True
retro-reborn-circuit-fort-myers-day-1-edison,1,18,29b386c1c224,613ebda0aefa,p2,1,0,True
retro-reborn-circuit-fort-myers-day-1-edison,1,19,6aa915645af0,77b6dea373af,p1,1,0,True
retro-reborn-circuit-fort-myers-day-1-edison,1,20,a226bf44352d,b9ced1f206f3,p1,1,0,True
retro-reborn-circuit-fort-myers-day-1-edison,1,21,67023c66665b,4f80ed3fc4cf,p2,1,0,True
retro-reborn-circuit-fort-myers-day-1-edison,1,22,3beba59ddb77,fba5bceb277b,p2,1,0,True
retro-reborn-circuit-fort-myers-day-1-edison,1,23,0153aa54e58f,c59846d47d8d,p2,1,0,True
retro-reborn-circuit-fort-myers-day-1-edison,1,24,a0ee10269cf8,cec40b4369c3,p1,1,0,True
retro-reborn-circuit-fort-myers-day-1-edison,1,25,d632a5cf8765,195531307f71,p2,1,0,True
retro-reborn-circuit-fort-myers-day-1-edison,1,26,41c368ee9f90,b6ccba629912,p2,1,0,True
retro-reborn-circuit-fort-myers-day-1-edison,1,27,d012e55c0272,a0d433848a79,p1,1,0,True
retro-reborn-circuit-fort-myers-day-1-edison,1,28,ba49f2c86ea7,eb99e0db7063,p1,1,0,True
retro-reborn-circuit-fort-myers-day-1-edison,1,29,970ba126e017,ed4232140b55,p2,1,0,True
retro-reborn-circuit-fort-myers-day-1-edison,1,30,20b986fb8991,7f17ec52aed4,p2,1,0,True
retro-reborn-circuit-fort-myers-day-1-edison,1,31,1f0eeef05754,007c90071700,p1,1,0,True
retro-reborn-circuit-fort-myers-day-1-edison,1,32,7db5ea5e5f08,adfbed321385,p1,1,0,True
retro-reborn-circuit-fort-myers-day-1-edison,1,33,1eb41f6f3369,0c6e1c3eb277,p2,1,0,True
retro-reborn-circuit-fort-myers-day-1-edison,1,34,f1dcb9e99bfd,2f0931c705df,p2,1,0,True
retro-reborn-circuit-fort-myers-day-1-edison,1,35,e37d35d5a9b5,bb9b2472ded1,p2,1,0,True
retro-reborn-circuit-fort-myers-day-1-edison,1,36,df081174f033,c2618dcd1423,p1,1,0,True
retro-reborn-circuit-fort-myers-day-1-edison,1,37,e0a5ff891616,900d1f64949d,p1,1,0,True
retro-reborn-circuit-fort-myers-day-1-edison,1,38,f771aa0cb275,fc5e6d95e661,p1,1,0,True
retro-reborn-circuit-fort-myers-day-1-edison,1,39,98ffe6ca37f7,73f22ef89cbf,p2,1,0,True
retro-reborn-circuit-fort-myers-day-1-edison,1,40,188880d67ae0,09692516115e,p1,1,0,True
retro-reborn-circuit-fort-myers-day-1-edison,1,41,731788f68327,27da43677430,p1,1,0,True
retro-reborn-circuit-fort-myers-day-1-edison,1,42,2258858d86bc,b6f80b1ee5e6,p1,1,0,True
retro-reborn-circuit-fort-myers-day-1-edison,1,43,0397b92a09bc,8f5429d9da8e,p2,1,0,True
retro-reborn-circuit-fort-myers-day-1-edison,1,44,299f2ec852bb,26076e3f1259,p2,1,0,True
retro-reborn-circuit-fort-myers-day-1-edison,1,45,cc601aa2b82e,520f76a522c3,p2,1,0,True
retro-reborn-circuit-fort-myers-day-1-edison,1,46,286a7ff93a4e,722f0998cc35,p1,1,0,True
retro-reborn-circuit-fort-myers-day-1-edison,1,47,6a7e896dc3c8,8dd3003bfa7a,p2,1,0,True
retro-reborn-circuit-fort-myers-day-1-edison,1,48,f663252e1e61,c2f6732c85bc,p1,1,0,True
retro-reborn-circuit-fort-myers-day-1-edison,1,49,51628cb97730,09d5586e38d3,p1,1,0,True
retro-reborn-circuit-fort-myers-day-1-edison,1,50,5d98013615d1,899c68d531ef,p1,1,0,True
retro-reborn-circuit-fort-myers-day-1-edison,1,51,55436152ef2e,05bf4555469a,p1,1,0,True
retro-reborn-circuit-fort-myers-day-1-edison,1,52,8650fcf16465,08641d11b934,p2,1,0,True
retro-reborn-circuit-fort-myers-day-1-edison,1,53,7571c77616ea,b6a9c284db95,p2,1,0,True
retro-reborn-circuit-fort-myers-day-1-edison,1,54,2d49a7a618d6,8d78a0d0d9a1,p2,1,0,True
retro-reborn-circuit-fort-myers-day-1-edison,1,55,2893bd881164,9207c656e040,p1,1,0,True
retro-reborn-circuit-fort-myers-day-1-edison,1,56,4c53527b2bad,bd77951829cb,p1,1,0,True
retro-reborn-circuit-fort-myers-day-1-edison,1,57,095376250df6,b41d2921a15d,p2,1,0,True
retro-reborn-circuit-fort-myers-day-1-edison,1,58,368594f0ba7e,7e294dd09a28,p2,1,0,True
retro-reborn-circuit-fort-myers-day-1-edison,1,59,fc4ff218c3aa,7a06a7885e42,p1,1,0,True
retro-reborn-circuit-fort-myers-day-1-edison,2,1,df081174f033,188880d67ae0,p2,1,0,True
retro-reborn-circuit-fort-myers-day-1-edison,2,2,6aa915645af0,7f17ec52aed4,p2,1,0,True
retro-reborn-circuit-fort-myers-day-1-edison,2,3,2d86f9c2040c,51628cb97730,p2,1,0,True
retro-reborn-circuit-fort-myers-day-1-edison,2,4,0c6e1c3eb277,ed4232140b55,p2,1,0,True
retro-reborn-circuit-fort-myers-day-1-edison,2,5,f06b9c61386a,520f76a522c3,p2,1,0,True
retro-reborn-circuit-fort-myers-day-1-edison,2,6,a02bff3f971d,c59846d47d8d,p2,1,0,True
retro-reborn-circuit-fort-myers-day-1-edison,2,7,2258858d86bc,7e294dd09a28,p2,1,0,True
retro-reborn-circuit-fort-myers-day-1-edison,2,8,d012e55c0272,b41d2921a15d,p1,1,0,True
retro-reborn-circuit-fort-myers-day-1-edison,2,9,2f0931c705df,8f5429d9da8e,p1,1,0,True
retro-reborn-circuit-fort-myers-day-1-edison,2,10,fba5bceb277b,f771aa0cb275,p2,1,0,True
retro-reborn-circuit-fort-myers-day-1-edison,2,11,5d98013615d1,2893bd881164,p1,1,0,True
retro-reborn-circuit-fort-myers-day-1-edison,2,12,13b1a0f56e8b,8d78a0d0d9a1,p1,1,0,True
retro-reborn-circuit-fort-myers-day-1-edison,2,13,bb9b2472ded1,623c7d580257,p2,1,0,True
retro-reborn-circuit-fort-myers-day-1-edison,2,14,1f0eeef05754,b6ccba629912,p1,1,0,True
retro-reborn-circuit-fort-myers-day-1-edison,2,15,4f80ed3fc4cf,fc4ff218c3aa,p1,1,0,True
retro-reborn-circuit-fort-myers-day-1-edison,2,16,a226bf44352d,3179bb49d9fa,p2,1,0,True
retro-reborn-circuit-fort-myers-day-1-edison,2,17,78035d12f4f0,731788f68327,p1,1,0,True
retro-reborn-circuit-fort-myers-day-1-edison,2,18,f9ff4ae105e6,8dd3003bfa7a,p1,1,0,True
retro-reborn-circuit-fort-myers-day-1-edison,2,19,ba49f2c86ea7,08641d11b934,p1,1,0,True
retro-reborn-circuit-fort-myers-day-1-edison,2,20,f663252e1e61,150524b501d9,p1,1,0,True
retro-reborn-circuit-fort-myers-day-1-edison,2,21,b6a9c284db95,ff70e6eb0ab8,p2,1,0,True
retro-reborn-circuit-fort-myers-day-1-edison,2,22,a0ee10269cf8,0edf28b0ea46,p1,1,0,True
retro-reborn-circuit-fort-myers-day-1-edison,2,23,195531307f71,26076e3f1259,p2,1,0,True
retro-reborn-circuit-fort-myers-day-1-edison,2,24,4c53527b2bad,6cd72107d9ec,p2,1,0,True
retro-reborn-circuit-fort-myers-day-1-edison,2,25,393312612887,e0a5ff891616,p2,1,0,True
retro-reborn-circuit-fort-myers-day-1-edison,2,26,4c33a2edb672,1b4f69247dc4,p2,1,0,True
retro-reborn-circuit-fort-myers-day-1-edison,2,27,7db5ea5e5f08,a62800a43a00,p2,1,0,True
retro-reborn-circuit-fort-myers-day-1-edison,2,28,73f22ef89cbf,55436152ef2e,p1,1,0,True
retro-reborn-circuit-fort-myers-day-1-edison,2,29,613ebda0aefa,286a7ff93a4e,p2,1,0,True
retro-reborn-circuit-fort-myers-day-1-edison,2,30,f9dc78520400,0f2d14b7cb3e,p2,1,0,True
retro-reborn-circuit-fort-myers-day-1-edison,2,31,c2f6732c85bc,c2618dcd1423,p1,1,0,True
retro-reborn-circuit-fort-myers-day-1-edison,2,32,09692516115e,f044e1e4022f,p2,1,0,True
retro-reborn-circuit-fort-myers-day-1-edison,2,33,20b986fb8991,4b242e9280c2,p1,1,0,True
retro-reborn-circuit-fort-myers-day-1-edison,2,34,d51c358ed9fc,cef39b01d3f0,p2,1,0,True
retro-reborn-circuit-fort-myers-day-1-edison,2,35,d632a5cf8765,c384cac3ebc7,p1,1,0,True
retro-reborn-circuit-fort-myers-day-1-edison,2,36,27da43677430,09d5586e38d3,p1,1,0,True
retro-reborn-circuit-fort-myers-day-1-edison,2,37,05bf4555469a,6a7e896dc3c8,p2,1,0,True
retro-reborn-circuit-fort-myers-day-1-edison,2,38,8650fcf16465,fe3e0e52845a,p2,1,0,True
retro-reborn-circuit-fort-myers-day-1-edison,2,39,2d49a7a618d6,77b6dea373af,p1,1,0,True
retro-reborn-circuit-fort-myers-day-1-edison,2,40,cec40b4369c3,56265aed2c1e,p2,1,0,True
retro-reborn-circuit-fort-myers-day-1-edison,2,41,90db7faaa710,f387659943c8,p1,1,0,True
retro-reborn-circuit-fort-myers-day-1-edison,2,42,f7e22d9a73f9,9207c656e040,p2,1,0,True
retro-reborn-circuit-fort-myers-day-1-edison,2,43,e37d35d5a9b5,29b386c1c224,p2,1,0,True
retro-reborn-circuit-fort-myers-day-1-edison,2,44,cc601aa2b82e,899c68d531ef,p2,1,0,True
retro-reborn-circuit-fort-myers-day-1-edison,2,45,970ba126e017,368594f0ba7e,p2,1,0,True
retro-reborn-circuit-fort-myers-day-1-edison,2,46,adfbed321385,095376250df6,p2,1,0,True
retro-reborn-circuit-fort-myers-day-1-edison,2,47,a0d433848a79,67023c66665b,p2,1,0,True
retro-reborn-circuit-fort-myers-day-1-edison,2,48,bd77951829cb,520ea5b0fd06,p1,1,0,True
retro-reborn-circuit-fort-myers-day-1-edison,2,49,3beba59ddb77,f1dcb9e99bfd,p1,1,0,True
retro-reborn-circuit-fort-myers-day-1-edison,2,50,9e03010dc476,1ee8c8ef6bb3,p2,1,0,True
retro-reborn-circuit-fort-myers-day-1-edison,2,51,007c90071700,299f2ec852bb,p2,1,0,True
retro-reborn-circuit-fort-myers-day-1-edison,2,52,ce2b368d4ee0,b6f80b1ee5e6,p2,1,0,True
retro-reborn-circuit-fort-myers-day-1-edison,2,53,1eb41f6f3369,722f0998cc35,p1,1,0,True
retro-reborn-circuit-fort-myers-day-1-edison,2,54,fc5e6d95e661,d7c9cc72220d,p2,1,0,True
retro-reborn-circuit-fort-myers-day-1-edison,2,55,b593880993f1,0397b92a09bc,p1,1,0,True
retro-reborn-circuit-fort-myers-day-1-edison,2,56,eb99e0db7063,b9ced1f206f3,p2,1,0,True
retro-reborn-circuit-fort-myers-day-1-edison,2,57,7a06a7885e42,41c368ee9f90,p1,1,0,True
retro-reborn-circuit-fort-myers-day-1-edison,2,58,0153aa54e58f,900d1f64949d,p2,1,0,True
retro-reborn-circuit-fort-myers-day-1-edison,2,59,7571c77616ea,98ffe6ca37f7,p2,1,0,True
retro-reborn-circuit-fort-myers-day-1-edison,3,1,7e294dd09a28,4f80ed3fc4cf,p2,1,0,True
retro-reborn-circuit-fort-myers-day-1-edison,3,2,520f76a522c3,c59846d47d8d,p2,1,0,True
retro-reborn-circuit-fort-myers-day-1-edison,3,3,5d98013615d1,1f0eeef05754,p2,1,0,True
retro-reborn-circuit-fort-myers-day-1-edison,3,4,188880d67ae0,f663252e1e61,p2,1,0,True
retro-reborn-circuit-fort-myers-day-1-edison,3,5,73f22ef89cbf,ba49f2c86ea7,p1,1,0,True
retro-reborn-circuit-fort-myers-day-1-edison,3,6,2f0931c705df,f771aa0cb275,p1,1,0,True
retro-reborn-circuit-fort-myers-day-1-edison,3,7,7f17ec52aed4,a62800a43a00,p1,1,0,True
retro-reborn-circuit-fort-myers-day-1-edison,3,8,e0a5ff891616,a0ee10269cf8,p2,1,0,True
retro-reborn-circuit-fort-myers-day-1-edison,3,9,3179bb49d9fa,ed4232140b55,p1,1,0,True
retro-reborn-circuit-fort-myers-day-1-edison,3,10,f9ff4ae105e6,78035d12f4f0,p2,1,0,True
retro-reborn-circuit-fort-myers-day-1-edison,3,11,623c7d580257,26076e3f1259,p2,1,0,True
retro-reborn-circuit-fort-myers-day-1-edison,3,12,51628cb97730,d012e55c0272,p2,1,0,True
retro-reborn-circuit-fort-myers-day-1-edison,3,13,13b1a0f56e8b,286a7ff93a4e,p2,1,0,True
retro-reborn-circuit-fort-myers-day-1-edison,3,14,6cd72107d9ec,ff70e6eb0ab8,p2,1,0,True
retro-reborn-circuit-fort-myers-day-1-edison,3,15,1b4f69247dc4,b41d2921a15d,p2,1,0,True
retro-reborn-circuit-fort-myers-day-1-edison,3,16,a02bff3f971d,20b986fb8991,p2,1,0,True
retro-reborn-circuit-fort-myers-day-1-edison,3,17,9207c656e040,8dd3003bfa7a,p2,1,0,True
retro-reborn-circuit-fort-myers-day-1-edison,3,18,d7c9cc72220d,fba5bceb277b,p1,1,0,True
retro-reborn-circuit-fort-myers-day-1-edison,3,19,0c6e1c3eb277,fe3e0e52845a,p1,1,0,True
retro-reborn-circuit-fort-myers-day-1-edison,3,20,98ffe6ca37f7,8d78a0d0d9a1,p2,1,0,True
retro-reborn-circuit-fort-myers-day-1-edison,3,21,2893bd881164,29b386c1c224,p2,1,0,True
retro-reborn-circuit-fort-myers-day-1-edison,3,22,27da43677430,f9dc78520400,p1,1,0,True
retro-reborn-circuit-fort-myers-day-1-edison,3,23,299f2ec852bb,b593880993f1,p1,1,0,True
retro-reborn-circuit-fort-myers-day-1-edison,3,24,7a06a7885e42,731788f68327,p2,1,0,True
retro-reborn-circuit-fort-myers-day-1-edison,3,25,393312612887,0edf28b0ea46,p1,1,0,True
retro-reborn-circuit-fort-myers-day-1-edison,3,26,150524b501d9,6a7e896dc3c8,p1,1,0,True
retro-reborn-circuit-fort-myers-day-1-edison,3,27,fc4ff218c3aa,c2f6732c85bc,p1,1,0,True
retro-reborn-circuit-fort-myers-day-1-edison,3,28,8f5429d9da8e,6aa915645af0,p2,1,0,True
retro-reborn-circuit-fort-myers-day-1-edison,3,29,bb9b2472ded1,1ee8c8ef6bb3,p2,1,0,True
retro-reborn-circuit-fort-myers-day-1-edison,3,30,900d1f64949d,f06b9c61386a,p2,1,0,True
retro-reborn-circuit-fort-myers-day-1-edison,3,31,a226bf44352d,0f2d14b7cb3e,p1,1,0,True
retro-reborn-circuit-fort-myers-day-1-edison,3,32,d632a5cf8765,4c53527b2bad,p2,1,0,True
retro-reborn-circuit-fort-myers-day-1-edison,3,33,899c68d531ef,095376250df6,p1,1,0,True
retro-reborn-circuit-fort-myers-day-1-edison,3,34,90db7faaa710,7db5ea5e5f08,p2,1,0,True
retro-reborn-circuit-fort-myers-day-1-edison,3,35,b6f80b1ee5e6,195531307f71,p2,1,0,True
retro-reborn-circuit-fort-myers-day-1-edison,3,36,2258858d86bc,4c33a2edb672,p2,1,0,True
retro-reborn-circuit-fort-myers-day-1-edison,3,37,2d86f9c2040c,2d49a7a618d6,p1,1,0,True
retro-reborn-circuit-fort-myers-day-1-edison,3,38,08641d11b934,cef39b01d3f0,p2,1,0,True
retro-reborn-circuit-fort-myers-day-1-edison,3,39,df081174f033,368594f0ba7e,p2,1,0,True
retro-reborn-circuit-fort-myers-day-1-edison,3,40,b6a9c284db95,67023c66665b,p2,1,0,True
retro-reborn-circuit-fort-myers-day-1-edison,3,41,b6ccba629912,b9ced1f206f3,p1,1,0,True
retro-reborn-circuit-fort-myers-day-1-edison,3,42,bd77951829cb,1eb41f6f3369,p1,1,0,True
retro-reborn-circuit-fort-myers-day-1-edison,3,43,f044e1e4022f,56265aed2c1e,p2,1,0,True
retro-reborn-circuit-fort-myers-day-1-edison,3,44,55436152ef2e,613ebda0aefa,p2,1,0,True
retro-reborn-circuit-fort-myers-day-1-edison,3,45,3beba59ddb77,c384cac3ebc7,p1,1,0,True
retro-reborn-circuit-fort-myers-day-1-edison,3,46,520ea5b0fd06,007c90071700,p1,1,0,True
retro-reborn-circuit-fort-myers-day-1-edison,3,47,fc5e6d95e661,09692516115e,p2,1,0,True
retro-reborn-circuit-fort-myers-day-1-edison,3,48,c2618dcd1423,cec40b4369c3,p1,1,0,True
retro-reborn-circuit-fort-myers-day-1-edison,3,49,0397b92a09bc,9e03010dc476,p2,1,0,True
retro-reborn-circuit-fort-myers-day-1-edison,3,50,0153aa54e58f,722f0998cc35,p2,1,0,True
retro-reborn-circuit-fort-myers-day-1-edison,3,51,ce2b368d4ee0,d51c358ed9fc,p2,2,0,True
retro-reborn-circuit-fort-myers-day-1-edison,3,52,e37d35d5a9b5,f387659943c8,p2,1,0,True
retro-reborn-circuit-fort-myers-day-1-edison,3,53,f7e22d9a73f9,41c368ee9f90,p2,1,0,True
retro-reborn-circuit-fort-myers-day-1-edison,3,54,4b242e9280c2,77b6dea373af,p1,1,0,True
retro-reborn-circuit-fort-myers-day-1-edison,3,55,8650fcf16465,adfbed321385,p2,1,0,True
retro-reborn-circuit-fort-myers-day-1-edison,3,56,f1dcb9e99bfd,09d5586e38d3,p1,1,0,True
retro-reborn-circuit-fort-myers-day-1-edison,3,57,7571c77616ea,cc601aa2b82e,p2,1,0,True
retro-reborn-circuit-fort-myers-day-1-edison,3,58,970ba126e017,05bf4555469a,p1,1,0,True
retro-reborn-circuit-fort-myers-day-1-edison,4,1,78035d12f4f0,26076e3f1259,p2,1,0,True
retro-reborn-circuit-fort-myers-day-1-edison,4,2,2f0931c705df,73f22ef89cbf,p2,1,0,True
retro-reborn-circuit-fort-myers-day-1-edison,4,3,7f17ec52aed4,a0ee10269cf8,p1,1,0,True
retro-reborn-circuit-fort-myers-day-1-edison,4,4,3179bb49d9fa,4f80ed3fc4cf,p2,1,0,True
retro-reborn-circuit-fort-myers-day-1-edison,4,5,c59846d47d8d,1f0eeef05754,p2,1,0,True
retro-reborn-circuit-fort-myers-day-1-edison,4,6,286a7ff93a4e,ff70e6eb0ab8,p2,1,0,True
retro-reborn-circuit-fort-myers-day-1-edison,4,7,f663252e1e61,d012e55c0272,p1,1,0,True
retro-reborn-circuit-fort-myers-day-1-edison,4,8,29b386c1c224,899c68d531ef,p2,1,0,True
retro-reborn-circuit-fort-myers-day-1-edison,4,9,3beba59ddb77,613ebda0aefa,p1,1,0,True
retro-reborn-circuit-fort-myers-day-1-edison,4,10,520f76a522c3,731788f68327,p2,1,0,True
retro-reborn-circuit-fort-myers-day-1-edison,4,11,a62800a43a00,27da43677430,p1,1,0,True
retro-reborn-circuit-fort-myers-day-1-edison,4,12,0c6e1c3eb277,6aa915645af0,p1,1,0,True
retro-reborn-circuit-fort-myers-day-1-edison,4,13,ba49f2c86ea7,56265aed2c1e,p2,1,0,True
retro-reborn-circuit-fort-myers-day-1-edison,4,14,ed4232140b55,7db5ea5e5f08,p1,1,0,True
retro-reborn-circuit-fort-myers-day-1-edison,4,15,1ee8c8ef6bb3,b6ccba629912,p2,1,0,True
retro-reborn-circuit-fort-myers-day-1-edison,4,16,fc4ff218c3aa,b41d2921a15d,p2,1,0,True
retro-reborn-circuit-fort-myers-day-1-edison,4,17,188880d67ae0,f9ff4ae105e6,p2,1,0,True
retro-reborn-circuit-fort-myers-day-1-edison,4,18,4c53527b2bad,4c33a2edb672,p1,1,0,True
retro-reborn-circuit-fort-myers-day-1-edison,4,19,7e294dd09a28,f06b9c61386a,p2,1,0,True
retro-reborn-circuit-fort-myers-day-1-edison,4,20,623c7d580257,393312612887,p1,1,0,True
retro-reborn-circuit-fort-myers-day-1-edison,4,21,a226bf44352d,2d86f9c2040c,p1,1,0,True
retro-reborn-circuit-fort-myers-day-1-edison,4,22,bd77951829cb,5d98013615d1,p2,1,0,True
retro-reborn-circuit-fort-myers-day-1-edison,4,23,299f2ec852bb,d7c9cc72220d,p1,1,0,True
retro-reborn-circuit-fort-myers-day-1-edison,4,24,195531307f71,51628cb97730,p2,1,0,True
retro-reborn-circuit-fort-myers-day-1-edison,4,25,6cd72107d9ec,1b4f69247dc4,p1,1,0,True
retro-reborn-circuit-fort-myers-day-1-edison,4,26,cef39b01d3f0,13b1a0f56e8b,p2,1,0,True
retro-reborn-circuit-fort-myers-day-1-edison,4,27,e0a5ff891616,67023c66665b,p1,1,0,True
retro-reborn-circuit-fort-myers-day-1-edison,4,28,f771aa0cb275,368594f0ba7e,p1,1,0,True
retro-reborn-circuit-fort-myers-day-1-edison,4,29,8d78a0d0d9a1,8dd3003bfa7a,p2,1,0,True
retro-reborn-circuit-fort-myers-day-1-edison,4,30,150524b501d9,20b986fb8991,p1,1,0,True
retro-reborn-circuit-fort-myers-day-1-edison,4,31,fe3e0e52845a,98ffe6ca37f7,p1,1,0,True
retro-reborn-circuit-fort-myers-day-1-edison,4,32,520ea5b0fd06,f9dc78520400,p2,1,0,True
retro-reborn-circuit-fort-myers-day-1-edison,4,33,55436152ef2e,2258858d86bc,p2,1,0,True
retro-reborn-circuit-fort-myers-day-1-edison,4,34,b6f80b1ee5e6,b6a9c284db95,p1,1,0,True
retro-reborn-circuit-fort-myers-day-1-edison,4,35,1eb41f6f3369,8f5429d9da8e,p1,1,0,True
retro-reborn-circuit-fort-myers-day-1-edison,4,36,c2618dcd1423,09692516115e,p1,1,0,True
retro-reborn-circuit-fort-myers-day-1-edison,4,37,df081174f033,7a06a7885e42,p1,1,0,True
retro-reborn-circuit-fort-myers-day-1-edison,4,38,4b242e9280c2,90db7faaa710,p2,1,0,True
retro-reborn-circuit-fort-myers-day-1-edison,4,39,cc601aa2b82e,0edf28b0ea46,p2,1,0,True
retro-reborn-circuit-fort-myers-day-1-edison,4,40,41c368ee9f90,9207c656e040,p2,1,0,True
retro-reborn-circuit-fort-myers-day-1-edison,4,41,900d1f64949d,c2f6732c85bc,p2,1,0,True
retro-reborn-circuit-fort-myers-day-1-edison,4,42,a02bff3f971d,2d49a7a618d6,p2,1,0,True
retro-reborn-circuit-fort-myers-day-1-edison,4,43,d632a5cf8765,6a7e896dc3c8,p2,1,0,True
retro-reborn-circuit-fort-myers-day-1-edison,4,44,b9ced1f206f3,fba5bceb277b,p2,1,0,True
retro-reborn-circuit-fort-myers-day-1-edison,4,45,722f0998cc35,adfbed321385,p2,1,0,True
retro-reborn-circuit-fort-myers-day-1-edison,4,46,2893bd881164,f387659943c8,p2,1,0,True
retro-reborn-circuit-fort-myers-day-1-edison,4,47,bb9b2472ded1,08641d11b934,p2,1,0,True
retro-reborn-circuit-fort-myers-day-1-edison,4,48,d51c358ed9fc,970ba126e017,p1,2,0,True
retro-reborn-circuit-fort-myers-day-1-edison,4,49,f1dcb9e99bfd,b593880993f1,p2,1,0,True
retro-reborn-circuit-fort-myers-day-1-edison,4,50,cec40b4369c3,f7e22d9a73f9,p2,1,0,True
retro-reborn-circuit-fort-myers-day-1-edison,4,51,8650fcf16465,0397b92a09bc,p1,1,0,True
retro-reborn-circuit-fort-myers-day-1-edison,4,52,0153aa54e58f,e37d35d5a9b5,p1,1,0,True
retro-reborn-circuit-fort-myers-day-1-edison,4,53,09d5586e38d3,c384cac3ebc7,p2,1,0,True
retro-reborn-circuit-fort-myers-day-1-edison,5,1,73f22ef89cbf,ff70e6eb0ab8,p1,1,0,True
retro-reborn-circuit-fort-myers-day-1-edison,5,2,f663252e1e61,4f80ed3fc4cf,p2,1,0,True
retro-reborn-circuit-fort-myers-day-1-edison,5,3,7f17ec52aed4,1f0eeef05754,p2,1,0,True
retro-reborn-circuit-fort-myers-day-1-edison,5,4,26076e3f1259,0c6e1c3eb277,p2,1,0,True
retro-reborn-circuit-fort-myers-day-1-edison,5,5,a226bf44352d,ed4232140b55,p1,1,0,True
retro-reborn-circuit-fort-myers-day-1-edison,5,6,f771aa0cb275,56265aed2c1e,p1,1,0,True
retro-reborn-circuit-fort-myers-day-1-edison,5,7,b41d2921a15d,a0ee10269cf8,p2,1,0,True
retro-reborn-circuit-fort-myers-day-1-edison,5,8,d012e55c0272,6cd72107d9ec,p2,1,0,True
retro-reborn-circuit-fort-myers-day-1-edison,5,9,13b1a0f56e8b,e0a5ff891616,p2,1,0,True
retro-reborn-circuit-fort-myers-day-1-edison,5,10,286a7ff93a4e,f9ff4ae105e6,p2,1,0,True
retro-reborn-circuit-fort-myers-day-1-edison,5,11,78035d12f4f0,f06b9c61386a,p1,1,0,True
retro-reborn-circuit-fort-myers-day-1-edison,5,12,b6ccba629912,299f2ec852bb,p2,1,0,True
retro-reborn-circuit-fort-myers-day-1-edison,5,13,150524b501d9,2f0931c705df,p1,1,0,True
retro-reborn-circuit-fort-myers-day-1-edison,5,14,8dd3003bfa7a,731788f68327,p1,1,0,True
retro-reborn-circuit-fort-myers-day-1-edison,5,15,3beba59ddb77,5d98013615d1,p2,1,0,True
retro-reborn-circuit-fort-myers-day-1-edison,5,16,c59846d47d8d,51628cb97730,p1,1,0,True
retro-reborn-circuit-fort-myers-day-1-edison,5,17,a62800a43a00,623c7d580257,p2,1,0,True
retro-reborn-circuit-fort-myers-day-1-edison,5,18,3179bb49d9fa,4c53527b2bad,p2,1,0,True
retro-reborn-circuit-fort-myers-day-1-edison,5,19,899c68d531ef,c2618dcd1423,p1,1,0,True
retro-reborn-circuit-fort-myers-day-1-edison,5,20,08641d11b934,1eb41f6f3369,p1,1,0,True
retro-reborn-circuit-fort-myers-day-1-edison,5,21,1ee8c8ef6bb3,368594f0ba7e,p1,1,0,True
retro-reborn-circuit-fort-myers-day-1-edison,5,22,520f76a522c3,613ebda0aefa,p1,1,0,True
retro-reborn-circuit-fort-myers-day-1-edison,5,23,adfbed321385,1b4f69247dc4,p2,1,0,True
retro-reborn-circuit-fort-myers-day-1-edison,5,24,9207c656e040,67023c66665b,p2,1,0,True
retro-reborn-circuit-fort-myers-day-1-edison,5,25,2d49a7a618d6,4c33a2edb672,p1,1,0,True
retro-reborn-circuit-fort-myers-day-1-edison,5,26,29b386c1c224,ba49f2c86ea7,p1,1,0,True
retro-reborn-circuit-fort-myers-day-1-edison,5,27,df081174f033,2d86f9c2040c,p1,1,0,True
retro-reborn-circuit-fort-myers-day-1-edison,5,28,195531307f71,c2f6732c85bc,p2,1,0,True
retro-reborn-circuit-fort-myers-day-1-edison,5,29,bd77951829cb,0edf28b0ea46,p2,1,0,True
retro-reborn-circuit-fort-myers-day-1-edison,5,30,393312612887,f9dc78520400,p1,1,0,True
retro-reborn-circuit-fort-myers-day-1-edison,5,31,27da43677430,b6f80b1ee5e6,p2,1,0,True
retro-reborn-circuit-fort-myers-day-1-edison,5,32,90db7faaa710,fc4ff218c3aa,p2,1,0,True
retro-reborn-circuit-fort-myers-day-1-edison,5,33,f387659943c8,cef39b01d3f0,p2,1,0,True
retro-reborn-circuit-fort-myers-day-1-edison,5,34,d51c358ed9fc,6a7e896dc3c8,p1,1,0,True
retro-reborn-circuit-fort-myers-day-1-edison,5,35,20b986fb8991,188880d67ae0,p2,1,0,True
retro-reborn-circuit-fort-myers-day-1-edison,5,36,2258858d86bc,d7c9cc72220d,p2,1,0,True
retro-reborn-circuit-fort-myers-day-1-edison,5,37,6aa915645af0,fba5bceb277b,p1,1,0,True
retro-reborn-circuit-fort-myers-day-1-edison,5,38,fe3e0e52845a,c384cac3ebc7,p1,1,0,True
retro-reborn-circuit-fort-myers-day-1-edison,5,39,98ffe6ca37f7,4b242e9280c2,p1,1,0,True
retro-reborn-circuit-fort-myers-day-1-edison,5,40,d632a5cf8765,f1dcb9e99bfd,p1,1,0,True
retro-reborn-circuit-fort-myers-day-1-edison,5,41,722f0998cc35,55436152ef2e,p1,1,0,True
retro-reborn-circuit-fort-myers-day-1-edison,5,42,f7e22d9a73f9,b9ced1f206f3,p2,2,0,True
retro-reborn-circuit-fort-myers-day-1-edison,5,43,8f5429d9da8e,cc601aa2b82e,p1,1,0,True
retro-reborn-circuit-fort-myers-day-1-edison,5,44,970ba126e017,a02bff3f971d,p2,1,0,True
retro-reborn-circuit-fort-myers-day-1-edison,5,45,41c368ee9f90,bb9b2472ded1,p2,1,0,True
retro-reborn-circuit-fort-myers-day-1-edison,5,46,b6a9c284db95,cec40b4369c3,p1,1,0,True
retro-reborn-circuit-fort-myers-day-1-edison,5,47,0397b92a09bc,09d5586e38d3,p2,1,0,True
retro-reborn-circuit-fort-myers-day-1-edison,6,1,4f80ed3fc4cf,73f22ef89cbf,p1,1,0,True
retro-reborn-circuit-fort-myers-day-1-edison,6,2,1f0eeef05754,f771aa0cb275,p2,1,0,True
retro-reborn-circuit-fort-myers-day-1-edison,6,3,f663252e1e61,4c53527b2bad,p2,1,0,True
retro-reborn-circuit-fort-myers-day-1-edison,6,4,150524b501d9,26076e3f1259,p1,1,0,True
retro-reborn-circuit-fort-myers-day-1-edison,6,5,78035d12f4f0,5d98013615d1,p1,1,0,True
retro-reborn-circuit-fort-myers-day-1-edison,6,6,299f2ec852bb,c59846d47d8d,p1,1,0,True
retro-reborn-circuit-fort-myers-day-1-edison,6,7,0c6e1c3eb277,ff70e6eb0ab8,p1,1,0,True
retro-reborn-circuit-fort-myers-day-1-edison,6,8,899c68d531ef,a226bf44352d,p1,1,0,True
retro-reborn-circuit-fort-myers-day-1-edison,6,9,623c7d580257,7f17ec52aed4,p2,1,0,True
retro-reborn-circuit-fort-myers-day-1-edison,6,10,a0ee10269cf8,f9ff4ae105e6,p2,1,0,True
retro-reborn-circuit-fort-myers-day-1-edison,6,11,8dd3003bfa7a,e0a5ff891616,p1,1,0,True
retro-reborn-circuit-fort-myers-day-1-edison,6,12,6cd72107d9ec,2d49a7a618d6,p1,1,0,True
retro-reborn-circuit-fort-myers-day-1-edison,6,13,d012e55c0272,1ee8c8ef6bb3,p1,1,0,True
retro-reborn-circuit-fort-myers-day-1-edison,6,14,df081174f033,29b386c1c224,p2,1,0,True
retro-reborn-circuit-fort-myers-day-1-edison,6,15,6aa915645af0,d51c358ed9fc,p1,1,0,True
retro-reborn-circuit-fort-myers-day-1-edison,6,16,56265aed2c1e,f06b9c61386a,p2,1,0,True
retro-reborn-circuit-fort-myers-day-1-edison,6,17,393312612887,286a7ff93a4e,p1,1,0,True
retro-reborn-circuit-fort-myers-day-1-edison,6,18,3beba59ddb77,d7c9cc72220d,p2,1,0,True
retro-reborn-circuit-fort-myers-day-1-edison,6,19,0edf28b0ea46,520f76a522c3,p2,1,0,True
retro-reborn-circuit-fort-myers-day-1-edison,6,20,b6ccba629912,a62800a43a00,p2,1,0,True
retro-reborn-circuit-fort-myers-day-1-edison,6,21,b6f80b1ee5e6,731788f68327,p1,1,0,True
retro-reborn-circuit-fort-myers-day-1-edison,6,22,188880d67ae0,13b1a0f56e8b,p1,1,0,True
retro-reborn-circuit-fort-myers-day-1-edison,6,23,51628cb97730,3179bb49d9fa,p2,1,0,True
retro-reborn-circuit-fort-myers-day-1-edison,6,24,c2f6732c85bc,2f0931c705df,p1,1,0,True
retro-reborn-circuit-fort-myers-day-1-edison,6,25,1b4f69247dc4,67023c66665b,p1,1,0,True
retro-reborn-circuit-fort-myers-day-1-edison,6,26,cef39b01d3f0,fe3e0e52845a,p1,1,0,True
retro-reborn-circuit-fort-myers-day-1-edison,6,27,b41d2921a15d,ed4232140b55,p2,1,0,True
retro-reborn-circuit-fort-myers-day-1-edison,6,28,fc4ff218c3aa,08641d11b934,p2,1,0,True
retro-reborn-circuit-fort-myers-day-1-edison,6,29,b6a9c284db95,6a7e896dc3c8,p2,1,0,True
retro-reborn-circuit-fort-myers-day-1-edison,6,30,8f5429d9da8e,98ffe6ca37f7,p2,1,0,True
retro-reborn-circuit-fort-myers-day-1-edison,6,31,bb9b2472ded1,adfbed321385,p2,1,0,True
retro-reborn-circuit-fort-myers-day-1-edison,6,32,b9ced1f206f3,d632a5cf8765,p2,1,0,True
retro-reborn-circuit-fort-myers-day-1-edison,6,33,fba5bceb277b,20b986fb8991,p1,1,0,True
retro-reborn-circuit-fort-myers-day-1-edison,6,34,195531307f71,f9dc78520400,p1,1,0,True
retro-reborn-circuit-fort-myers-day-1-edison,6,35,722f0998cc35,41c368ee9f90,p1,1,0,True
retro-reborn-circuit-fort-myers-day-1-edison,6,36,f7e22d9a73f9,09d5586e38d3,p1,1,0,True
retro-reborn-circuit-fort-myers-day-1-edison,6,37,c384cac3ebc7,f1dcb9e99bfd,p1,1,0,True
retro-reborn-circuit-fort-myers-day-1-edison,6,38,0397b92a09bc,cec40b4369c3,draw,,,True
retro-reborn-circuit-fort-myers-day-1-edison,7,1,4f80ed3fc4cf,4c53527b2bad,p2,1,0,True
retro-reborn-circuit-fort-myers-day-1-edison,7,2,8dd3003bfa7a,299f2ec852bb,p2,1,0,True
retro-reborn-circuit-fort-myers-day-1-edison,7,3,7f17ec52aed4,78035d12f4f0,p2,1,0,True
retro-reborn-circuit-fort-myers-day-1-edison,7,4,6cd72107d9ec,0c6e1c3eb277,p1,1,0,True
retro-reborn-circuit-fort-myers-day-1-edison,7,5,899c68d531ef,f771aa0cb275,p2,1,0,True
retro-reborn-circuit-fort-myers-day-1-edison,7,6,73f22ef89cbf,f9ff4ae105e6,p1,1,0,True
retro-reborn-circuit-fort-myers-day-1-edison,7,7,150524b501d9,1f0eeef05754,p2,1,0,True
retro-reborn-circuit-fort-myers-day-1-edison,7,8,1b4f69247dc4,c2f6732c85bc,p2,1,0,True
retro-reborn-circuit-fort-myers-day-1-edison,7,9,08641d11b934,623c7d580257,p2,1,0,True
retro-reborn-circuit-fort-myers-day-1-edison,7,10,c59846d47d8d,ed4232140b55,p2,1,0,True
retro-reborn-circuit-fort-myers-day-1-edison,7,11,520f76a522c3,d7c9cc72220d,p2,1,0,True
retro-reborn-circuit-fort-myers-day-1-edison,7,12,5d98013615d1,3179bb49d9fa,p1,1,0,True
retro-reborn-circuit-fort-myers-day-1-edison,7,13,b6f80b1ee5e6,26076e3f1259,p2,1,0,True
retro-reborn-circuit-fort-myers-day-1-edison,7,14,d012e55c0272,393312612887,p2,1,0,True
retro-reborn-circuit-fort-myers-day-1-edison,7,15,ff70e6eb0ab8,a0ee10269cf8,p2,1,0,True
retro-reborn-circuit-fort-myers-day-1-edison,7,16,f06b9c61386a,f663252e1e61,p1,1,0,True
retro-reborn-circuit-fort-myers-day-1-edison,7,17,188880d67ae0,a226bf44352d,p1,1,0,True
retro-reborn-circuit-fort-myers-day-1-edison,7,18,cef39b01d3f0,29b386c1c224,p1,1,0,True
retro-reborn-circuit-fort-myers-day-1-edison,7,19,6aa915645af0,a62800a43a00,p1,1,0,True
retro-reborn-circuit-fort-myers-day-1-edison,7,20,e0a5ff891616,286a7ff93a4e,p1,1,0,True
retro-reborn-circuit-fort-myers-day-1-edison,7,21,6a7e896dc3c8,51628cb97730,p1,1,0,True
retro-reborn-circuit-fort-myers-day-1-edison,7,22,fc4ff218c3aa,722f0998cc35,p1,1,0,True
retro-reborn-circuit-fort-myers-day-1-edison,7,23,b41d2921a15d,98ffe6ca37f7,p1,1,0,True
retro-reborn-circuit-fort-myers-day-1-edison,7,24,adfbed321385,fba5bceb277b,p2,1,0,True
retro-reborn-circuit-fort-myers-day-1-edison,7,25,13b1a0f56e8b,67023c66665b,p1,1,0,True
retro-reborn-circuit-fort-myers-day-1-edison,7,26,0edf28b0ea46,195531307f71,p2,1,0,True
retro-reborn-circuit-fort-myers-day-1-edison,7,27,d51c358ed9fc,2f0931c705df,draw,,,True
retro-reborn-circuit-fort-myers-day-1-edison,7,28,56265aed2c1e,d632a5cf8765,p1,1,0,True
retro-reborn-circuit-fort-myers-day-1-edison,7,29,1ee8c8ef6bb3,fe3e0e52845a,p1,1,0,True
retro-reborn-circuit-fort-myers-day-1-edison,7,30,b9ced1f206f3,c384cac3ebc7,p2,1,0,True
retro-reborn-circuit-fort-myers-day-1-edison,7,31,bb9b2472ded1,f7e22d9a73f9,p1,1,0,True
retro-reborn-circuit-fort-myers-day-1-edison,7,32,f9dc78520400,b6a9c284db95,p2,1,0,True
retro-reborn-circuit-fort-myers-day-1-edison,7,33,8f5429d9da8e,09d5586e38d3,p2,1,0,True
retro-reborn-circuit-fort-myers-day-1-edison,7,34,41c368ee9f90,f1dcb9e99bfd,p1,1,0,True
retro-reborn-circuit-fort-myers-day-1-edison,Finals,1,4c53527b2bad,5d98013615d1,p2,1,0,True
retro-reborn-circuit-fort-myers-day-1-edison,Top 16,1,78035d12f4f0,a0ee10269cf8,p2,1,0,True
retro-reborn-circuit-fort-myers-day-1-edison,Top 16,2,73f22ef89cbf,f9ff4ae105e6,p1,1,0,True
retro-reborn-circuit-fort-myers-day-1-edison,Top 16,3,6cd72107d9ec,0c6e1c3eb277,p2,1,0,True
retro-reborn-circuit-fort-myers-day-1-edison,Top 16,4,4c53527b2bad,623c7d580257,p1,1,0,True
retro-reborn-circuit-fort-myers-day-1-edison,Top 16,5,299f2ec852bb,7f17ec52aed4,p1,1,0,True
retro-reborn-circuit-fort-myers-day-1-edison,Top 16,6,4f80ed3fc4cf,8dd3003bfa7a,p1,1,0,True
retro-reborn-circuit-fort-myers-day-1-edison,Top 16,7,f771aa0cb275,26076e3f1259,p2,1,0,True
retro-reborn-circuit-fort-myers-day-1-edison,Top 16,8,1f0eeef05754,5d98013615d1,p2,1,0,True
retro-reborn-circuit-fort-myers-day-1-edison,Top 4,1,73f22ef89cbf,4c53527b2bad,p2,1,0,True
retro-reborn-circuit-fort-myers-day-1-edison,Top 4,2,5d98013615d1,299f2ec852bb,p1,1,0,True
retro-reborn-circuit-fort-myers-day-1-edison,Top 8,1,a0ee10269cf8,73f22ef89cbf,p2,1,0,True
retro-reborn-circuit-fort-myers-day-1-edison,Top 8,2,0c6e1c3eb277,4c53527b2bad,p2,1,0,True
retro-reborn-circuit-fort-myers-day-1-edison,Top 8,3,4f80ed3fc4cf,299f2ec852bb,p2,1,0,True
retro-reborn-circuit-fort-myers-day-1-edison,Top 8,4,5d98013615d1,26076e3f1259,p1,1,0,True
wolfdog-edison-weekly-488,1,1,922e42b620f3,b15bee688551,p2,2,1,False
wolfdog-edison-weekly-488,1,2,0f6b8baa73b0,821ed8c50a70,p1,2,1,False
wolfdog-edison-weekly-488,1,3,e4e9ae7997fd,d89c6d878db5,p2,2,0,False
wolfdog-edison-weekly-488,1,4,dc6dabd2aa53,fa4d9b733dd6,p2,2,1,False
wolfdog-edison-weekly-488,1,5,563c41ec9263,a71d7566a6d6,p1,2,0,False
wolfdog-edison-weekly-488,2,1,d89c6d878db5,f20b3a1efe4c,p2,2,1,False
wolfdog-edison-weekly-488,2,2,0f6b8baa73b0,fa4d9b733dd6,p2,2,0,False
wolfdog-edison-weekly-488,2,3,563c41ec9263,b15bee688551,p2,2,1,False
wolfdog-edison-weekly-488,2,4,922e42b620f3,e4e9ae7997fd,p2,2,0,False
wolfdog-edison-weekly-488,2,5,dc6dabd2aa53,821ed8c50a70,p2,2,1,False
wolfdog-edison-weekly-488,3,1,f20b3a1efe4c,b15bee688551,p1,2,1,False
wolfdog-edison-weekly-488,3,2,fa4d9b733dd6,563c41ec9263,p1,2,1,False
wolfdog-edison-weekly-488,3,3,821ed8c50a70,a71d7566a6d6,p2,2,0,False
wolfdog-edison-weekly-488,3,4,0f6b8baa73b0,e4e9ae7997fd,p1,2,0,False
wolfdog-edison-weekly-488,3,5,d89c6d878db5,dc6dabd2aa53,p1,2,1,False
wolfdog-edison-weekly-488,4,1,fa4d9b733dd6,f20b3a1efe4c,p1,2,1,False
wolfdog-edison-weekly-488,4,2,0f6b8baa73b0,d89c6d878db5,draw,,,False
wolfdog-edison-weekly-488,4,3,b15bee688551,a71d7566a6d6,p1,2,0,False
wolfdog-edison-weekly-488,4,4,e4e9ae7997fd,563c41ec9263,p1,2,1,False
wolfdog-edison-weekly-488,4,5,922e42b620f3,821ed8c50a70,p2,2,0,False
ygo-weekly-2,1,1,6ee9361ab2a0,c7a2427e1e97,p1,2,0,False
ygo-weekly-2,1,2,33b26fffc954,32634a6a6c31,p2,2,0,False
ygo-weekly-2,1,3,b2a5e90494e6,6fdbf4f7742f,p1,2,0,False
ygo-weekly-2,1,4,d728f0f6e12f,1378aac9bf58,p2,2,1,False
ygo-weekly-2,2,1,32634a6a6c31,1378aac9bf58,p1,2,0,False
ygo-weekly-2,2,2,b2a5e90494e6,6ee9361ab2a0,p1,2,1,False
ygo-weekly-2,2,3,33b26fffc954,c7a2427e1e97,p2,2,0,False
ygo-weekly-2,2,4,d728f0f6e12f,6fdbf4f7742f,p2,2,0,False
ygo-weekly-2,3,1,b2a5e90494e6,32634a6a6c31,p1,2,0,False
ygo-weekly-2,3,2,6fdbf4f7742f,6ee9361ab2a0,p1,2,0,False
ygo-weekly-2,3,3,c7a2427e1e97,1378aac9bf58,p1,2,0,False
ygo-weekly-2,3,4,d728f0f6e12f,33b26fffc954,p2,2,1,False
yugioh-edison-weekly-4,1,1,fb5c1cf265f8,4968ff8d8bf4,p2,2,0,False
yugioh-edison-weekly-4,1,2,c0f577150791,8fc32371e30c,p2,2,1,False
yugioh-edison-weekly-4,1,3,af9ae4a71731,756138f3cc58,p2,2,1,False
yugioh-edison-weekly-4,2,1,8fc32371e30c,756138f3cc58,p2,2,1,False
yugioh-edison-weekly-4,2,2,4968ff8d8bf4,bef05f223bd6,p2,2,0,False
yugioh-edison-weekly-4,2,3,fb5c1cf265f8,af9ae4a71731,p2,2,0,False
yugioh-edison-weekly-4,3,1,756138f3cc58,bef05f223bd6,p1,2,0,False
yugioh-edison-weekly-4,3,2,c0f577150791,4968ff8d8bf4,p2,2,0,False
yugioh-edison-weekly-4,3,3,af9ae4a71731,8fc32371e30c,p2,2,1,False
the-geekerys-yu-gi-oh-edison-tournament-89,1,1,e4164200bbd9,befd9b4cd27f,p1,2,0,False
the-geekerys-yu-gi-oh-edison-tournament-89,1,2,917a4a30d621,91d71eb9b9f9,p2,2,1,False
the-geekerys-yu-gi-oh-edison-tournament-89,1,3,d0811825b38f,4d15a7d9c617,p2,2,1,False
the-geekerys-yu-gi-oh-edison-tournament-89,1,4,bc266841a97d,d41dff135d32,p2,2,0,False
the-geekerys-yu-gi-oh-edison-tournament-89,1,5,2671ac37610e,cd19db6f6ba4,p2,2,0,False
the-geekerys-yu-gi-oh-edison-tournament-89,2,1,e4164200bbd9,91d71eb9b9f9,p1,2,0,False
the-geekerys-yu-gi-oh-edison-tournament-89,2,2,4d15a7d9c617,d41dff135d32,p2,2,1,False
the-geekerys-yu-gi-oh-edison-tournament-89,2,3,cd19db6f6ba4,bc266841a97d,p1,2,0,False
the-geekerys-yu-gi-oh-edison-tournament-89,2,4,2671ac37610e,917a4a30d621,p2,2,0,False
the-geekerys-yu-gi-oh-edison-tournament-89,2,5,befd9b4cd27f,d0811825b38f,p2,2,0,False
the-geekerys-yu-gi-oh-edison-tournament-89,3,1,e4164200bbd9,d41dff135d32,p1,2,1,False
the-geekerys-yu-gi-oh-edison-tournament-89,3,2,cd19db6f6ba4,91d71eb9b9f9,p2,2,0,False
the-geekerys-yu-gi-oh-edison-tournament-89,3,3,4d15a7d9c617,917a4a30d621,p1,2,0,False
the-geekerys-yu-gi-oh-edison-tournament-89,3,4,d0811825b38f,bc266841a97d,p2,2,1,False
the-geekerys-yu-gi-oh-edison-tournament-89,3,5,befd9b4cd27f,2671ac37610e,p1,2,1,False
the-geekerys-yu-gi-oh-edison-tournament-89,4,1,e4164200bbd9,4d15a7d9c617,p1,2,1,False
the-geekerys-yu-gi-oh-edison-tournament-89,4,2,cd19db6f6ba4,d41dff135d32,p2,2,1,False
the-geekerys-yu-gi-oh-edison-tournament-89,4,3,91d71eb9b9f9,d0811825b38f,p1,2,1,False
the-geekerys-yu-gi-oh-edison-tournament-89,4,4,917a4a30d621,befd9b4cd27f,p1,2,1,False
the-geekerys-yu-gi-oh-edison-tournament-89,4,5,bc266841a97d,2671ac37610e,p1,2,1,False
lds-example,1,1,0fa13f903fba,40028a2674d1,p1,2,1,True
lds-example,1,2,e7de2ef552d5,a023f2002a03,p2,2,1,True
lds-houston-edison-day-1,1,1,e251676d5517,c73632f79d6a,p1,1,0,True
lds-houston-edison-day-1,1,2,7e542ecfbd09,6fd1797b4060,p2,1,0,True
lds-houston-edison-day-1,1,3,9049ee96f981,4bda317093b3,p1,2,0,True
lds-houston-edison-day-1,1,4,f3dced33d0f8,391b44b46cda,p1,2,1,True
lds-houston-edison-day-1,1,5,706c5bfa8cc4,d659968e6b61,p2,1,0,True
lds-houston-edison-day-1,1,6,8d4cd2b7f60c,5722b17cc56c,p1,2,1,True
lds-houston-edison-day-1,1,7,1b78ed5f99f5,d6f6010ee792,p1,2,0,True
lds-houston-edison-day-1,1,8,6572bba713cd,166a8fbc687a,p2,2,0,True
lds-houston-edison-day-1,1,9,390ddd2625cb,c773504f7f2b,p1,2,1,True
lds-houston-edison-day-1,1,10,d2161f40c7f2,40037573fa19,p1,2,0,True
lds-houston-edison-day-1,1,11,aee47a9d0029,72a6dd8dae27,p2,2,0,True
lds-houston-edison-day-1,1,12,2df1028eac97,d81d7adf4d8c,p1,2,1,True
lds-houston-edison-day-1,1,13,f355f12c0bf6,fe0ea88d4937,p2,2,1,True
lds-houston-edison-day-1,1,14,70362c7399a5,d8046b94b60a,p1,1,0,True
lds-houston-edison-day-1,1,15,b2345002e252,c7016dfb5074,p1,1,0,True
lds-houston-edison-day-1,1,16,35efd7eb2d42,3591d73cce0e,p1,2,0,True
lds-houston-edison-day-1,1,17,dea7182ba4f7,6d941786b126,p1,1,0,True
lds-houston-edison-day-1,1,18,b1d541d4726d,7a088642a696,p1,2,0,True
lds-houston-edison-day-1,1,19,7d22d8a41f0c,2e1ae0b7d36e,p2,2,0,True
lds-houston-edison-day-1,1,20,45c81df63bc4,75d6a26cf124,p2,2,0,True
lds-houston-edison-day-1,1,21,5e6fdcf399c5,7744617154a3,p1,2,1,True
lds-houston-edison-day-1,1,22,c95b6ecd589e,62c0bd30844c,p2,2,0,True
lds-houston-edison-day-1,1,23,e0b5cc7e57c5,487588b704e1,p2,2,0,True
lds-houston-edison-day-1,1,24,797b482d32a1,c8d609a3808c,p2,1,0,True
lds-houston-edison-day-1,1,25,36829fbb422b,fba1d28712a3,p1,2,1,True
lds-houston-edison-day-1,1,26,1f5486eabf09,6e175fcac7e0,p2,2,1,True
lds-houston-edison-day-1,1,27,a74c6973110e,ccacb880d181,p1,2,0,True
lds-houston-edison-day-1,1,28,f573147d6f8b,453b128973ca,p1,2,0,True
lds-houston-edison-day-1,1,29,2bb3f635c17f,fd9a795d8ed5,p1,1,0,True
lds-houston-edison-day-1,1,30,5dc5a42e2e53,32e21f89a3c3,p2,2,1,True
lds-houston-edison-day-1,1,31,5b6edee4a0e2,5daaf686ef7b,p1,2,1,True
lds-houston-edison-day-1,1,32,b0989c38776e,d6c0e2b510e8,p2,2,0,True
lds-houston-edison-day-1,1,33,e08e896e4247,955d900660c0,p1,1,0,True
lds-houston-edison-day-1,1,34,9f5be64ab777,d43afa6910a8,p2,2,1,True
lds-houston-edison-day-1,1,35,bb788fa627be,b243da9569b1,p1,1,0,True
lds-houston-edison-day-1,1,36,4ffd57cb4042,7f0e1b6aba55,p2,2,0,True
lds-houston-edison-day-1,1,37,d640281b4ea2,05e5ba483a7d,p1,1,0,True
lds-houston-edison-day-1,1,38,b3571c18a4b2,30720b28dd5b,p2,2,1,True
lds-houston-edison-day-1,1,39,0129ea6cc821,84884157d2cb,p1,2,0,True
lds-houston-edison-day-1,1,40,2c00adf891a0,f14c73eab821,p2,2,0,True
lds-houston-edison-day-1,1,41,d8dd12fba0d6,5bb6657562bb,p1,2,1,True
lds-houston-edison-day-1,1,42,bc5ea762ea19,c272b2ce6aa7,p2,1,0,True
lds-houston-edison-day-1,1,43,9f6392eb1b8a,a84ef16296c0,p2,2,1,True
lds-houston-edison-day-1,1,44,ac90a5b36925,7c91f95eeb9f,p1,2,0,True
lds-houston-edison-day-1,1,45,006c323f4b6a,8aef376031c6,p2,2,0,True
lds-houston-edison-day-1,1,46,a1682594fae5,e4d70639a15d,p2,2,1,True
lds-houston-edison-day-1,1,47,2ceacba6f284,ba46f1139cf9,p1,2,1,True
lds-houston-edison-day-1,1,48,ff53a616e62d,4e90363f7a4c,p2,2,1,True
lds-houston-edison-day-1,1,49,35590aee2fb1,21fc3a443aea,p2,2,1,True
lds-houston-edison-day-1,1,50,a3e89211f53a,c46956ecf5eb,p1,2,1,True
lds-houston-edison-day-1,1,51,e36ee64542d7,3bf72a6d4543,p1,2,0,True
lds-houston-edison-day-1,1,52,8e5f7d673f81,3a327ef065cd,p2,2,1,True
lds-houston-edison-day-1,1,53,95e34b84740a,3eba500f72b1,p2,2,0,True
lds-houston-edison-day-1,1,54,a7047aa48887,00d6e9a9fbbc,p1,2,1,True
lds-houston-edison-day-1,1,55,c7009eff338a,ec00c290ab90,p2,1,0,True
lds-houston-edison-day-1,1,56,6c5e9063e179,8218345ffd48,p1,2,0,False
lds-houston-edison-day-1,1,57,485b7fb16f5a,89d029a90bb9,p2,1,0,True
lds-houston-edison-day-1,1,58,f604a634e051,5ebd3402b256,p1,2,0,True
lds-houston-edison-day-1,1,59,0c9454f5e263,8ffceddc641c,p1,2,1,True
lds-houston-edison-day-1,1,60,9076816f94d4,6845c06ad1f8,p2,1,0,True
lds-houston-edison-day-1,1,61,a76c2cf5b19b,3bb1a39e6020,p2,2,0,True
lds-houston-edison-day-1,1,62,6a36fe436352,b2c12cfcd67d,p1,2,1,True
lds-houston-edison-day-1,1,63,62719e683e9e,913ab2714733,p1,2,1,True
lds-houston-edison-day-1,1,64,9497b43b3f96,7455bb448207,p1,2,1,True
lds-houston-edison-day-1,1,65,9941426ba61e,fb5d1c675f4d,p2,2,0,True
lds-houston-edison-day-1,1,66,f7a4d7f9f9d8,25a24d9c974f,p2,1,0,True
lds-houston-edison-day-1,1,67,5edbd46f6522,2f1035b313d6,p2,2,0,True
lds-houston-edison-day-1,1,68,e52e67cd8a85,bea5f6a67d13,p2,2,0,True
lds-houston-edison-day-1,1,69,dd462d01e9fc,d8b163b44d87,p1,2,0,True
lds-houston-edison-day-1,1,70,8d31f25fcd4e,febf1d37b72d,p2,1,0,True
lds-houston-edison-day-1,1,71,2ae154e65ec4,cb269e2b35fd,p2,2,0,True
lds-houston-edison-day-1,1,72,a9d505df22ad,52d8f7542383,p2,2,1,True
lds-houston-edison-day-1,1,73,9207b1484cb2,0fc658799f9b,p1,2,0,True
lds-houston-edison-day-1,1,74,f4edd0cafab0,6eb625081bc1,p1,2,0,True
lds-houston-edison-day-1,1,75,b2182b6a8656,e55e7207b828,p2,1,0,True
lds-houston-edison-day-1,1,76,c666980a8397,a177e2344ca2,p1,1,0,True
lds-houston-edison-day-1,1,77,1a277084c298,c893e8805a5a,p1,2,1,True
lds-houston-edison-day-1,1,78,11c8063e7656,869ff630a155,p1,2,1,True
lds-houston-edison-day-1,1,79,614545ca1ca1,7db8aac69d64,p1,2,0,True
lds-houston-edison-day-1,1,80,5d12f551ca8b,8e53014d3de5,p1,2,0,True
lds-houston-edison-day-1,1,81,a7cb0508c46d,7aa459810a40,p1,2,0,True
lds-houston-edison-day-1,1,82,33557a52c580,1fc54e68a899,p2,2,1,True
lds-houston-edison-day-1,1,83,daeebdee1a10,20d8234b0c65,p1,2,0,True
lds-houston-edison-day-1,1,84,c58937ad838b,80739436fe31,p2,2,0,True
lds-houston-edison-day-1,1,85,71e5e1126c4e,63bee714a39e,p1,2,1,True
lds-houston-edison-day-1,1,86,e8b3692fcd8f,79391828a6f7,p2,2,1,True
lds-houston-edison-day-1,1,87,10826367e6a9,5616c04896d4,p1,1,0,True
lds-houston-edison-day-1,1,88,a380ea7c3d2b,3e4b8384dafe,p2,2,0,True
lds-houston-edison-day-1,1,89,2aa3fcc7d4f6,f75387341819,p2,2,1,True
lds-houston-edison-day-1,1,90,6d5fdd6f0987,e82d7d02189d,p2,1,0,True
lds-houston-edison-day-1,1,91,f14c47a5c9f1,35f9379205a2,p2,2,0,True
lds-houston-edison-day-1,1,92,e07258880b71,4ea5448fc994,p1,2,1,True
lds-houston-edison-day-1,1,93,0b8497809ee0,bc52125ec77f,p2,2,0,True
lds-houston-edison-day-1,1,94,1b47c6bb4c1b,9c7218cd153e,p1,2,0,True
lds-houston-edison-day-1,1,95,1efc65455f87,7365e572be82,p2,1,0,True
lds-houston-edison-day-1,1,96,8c7d73532a71,b55effc68f1a,p2,2,1,True
lds-houston-edison-day-1,1,97,3de8021a10cd,399d605c4211,p1,2,1,True
lds-houston-edison-day-1,1,98,b41d2921a15d,0eaaf222f52c,p2,2,1,True
lds-houston-edison-day-1,1,99,70a5d728b647,9710628e54d3,p1,2,0,True
lds-houston-edison-day-1,1,100,dc0afa2f0c07,170dad9d9a6e,p2,1,0,True
lds-houston-edison-day-1,1,101,e4ad853bfad3,ad497da844e5,p1,1,0,True
lds-houston-edison-day-1,1,102,20f437348cad,f6cc95f1a1c5,p2,1,0,True
lds-houston-edison-day-1,1,103,772929ecfaf2,6008a656343b,p1,2,0,True
lds-houston-edison-day-1,1,104,8aebda5474d1,678a958e6ee5,p1,2,0,True
lds-houston-edison-day-1,1,105,c0027d6935fa,446dfdff5e10,p2,1,0,True
lds-houston-edison-day-1,1,106,1af081e083d0,f06bcfc8fcb6,p1,1,0,True
lds-houston-edison-day-1,1,107,701ea0d93ded,5fc761cd39de,p2,2,1,True
lds-houston-edison-day-1,1,108,b572ae09fa00,b09affa72191,p2,1,0,True
lds-houston-edison-day-1,1,109,a3cba6255aba,ba44726a2396,p2,1,0,True
lds-houston-edison-day-1,1,110,998830fe828a,c367c76f87c4,p2,2,1,True
lds-houston-edison-day-1,1,111,fa70c1087ff8,aebe917a594f,p1,2,0,True
lds-houston-edison-day-1,1,112,1f6038ae46c2,91e759464fdf,p2,2,1,True
lds-houston-edison-day-1,1,113,14e7fffdeb54,f8b528b8a9fa,p2,2,0,True
lds-houston-edison-day-1,1,114,c605f96bddf1,3695ef2bf362,p2,2,1,True
lds-houston-edison-day-1,1,115,ad0b25cc0d86,2f845101cf5a,p2,1,0,True
lds-houston-edison-day-1,1,116,356994514937,91c297bafb71,p2,1,0,True
lds-houston-edison-day-1,1,117,f0523278867b,96694444678a,p1,1,0,True
lds-houston-edison-day-1,1,118,d796463b9232,878d8f1fa050,p1,2,1,True
lds-houston-edison-day-1,1,119,7d288f1061e7,aa155a5e7eef,p1,2,1,True
lds-houston-edison-day-1,1,120,6b20d6889c27,3a32f29ade79,p1,2,1,True
lds-houston-edison-day-1,1,121,0cb9151f745d,8ecccde3ee8b,p2,2,0,True
lds-houston-edison-day-1,1,122,15852732052c,5373ce7543a1,p1,1,0,True
lds-houston-edison-day-1,1,123,32d362b987e5,17a6042ba188,p2,2,1,True
lds-houston-edison-day-1,1,124,e4ccfe197137,a18eba778906,p1,2,1,True
lds-houston-edison-day-1,1,125,6057f543b84e,c1831a67765f,p2,2,1,True
lds-houston-edison-day-1,1,126,456e31785e2f,998e110bf440,p1,1,0,True
lds-houston-edison-day-1,1,127,7e3d4ed38b0f,6c494a3737af,p1,2,1,False
lds-houston-edison-day-1,1,128,a3ff9eb48285,f8f5b9f73db4,p1,1,0,True
lds-houston-edison-day-1,1,129,623a72e91ca4,73ff19531018,p2,2,0,True
lds-houston-edison-day-1,1,130,a71cdc90461f,96206f0c43d3,p1,2,0,True
lds-houston-edison-day-1,1,131,a2f27f4f14c7,d329ea8885b0,p2,2,0,True
lds-houston-edison-day-1,1,132,b6e69893fba7,25b67346f877,p1,2,0,True
lds-houston-edison-day-1,1,133,aadd9ab893a3,73efd1efc9ba,p1,2,0,True
lds-houston-edison-day-1,1,134,c091cbbf0478,949c68b0d8fb,p2,2,0,True
lds-houston-edison-day-1,1,135,cd8e5365ac8c,5e038658c1b4,p2,2,0,True
lds-houston-edison-day-1,1,136,f30800e67a98,9641a9f266ec,p1,2,0,True
lds-houston-edison-day-1,1,137,7d68e2b4a861,fa8f3e2419ec,p2,1,0,True
lds-houston-edison-day-1,1,138,31c8e0762d75,ad2cd1823182,p1,2,1,True
lds-houston-edison-day-1,1,139,ca2ea3ff5107,a43fc0423209,p1,1,0,True
lds-houston-edison-day-1,1,140,a4d06f1f0c9f,aa6a1126d789,p2,1,0,True
lds-houston-edison-day-1,1,141,7285198536aa,c7bd4aa6a4f4,p1,2,0,True
lds-houston-edison-day-1,1,142,188880d67ae0,0bc6b2bb5038,p1,2,0,True
lds-houston-edison-day-1,1,143,a48ce2a4fd44,9472437147f3,p1,1,0,True
lds-houston-edison-day-1,1,144,55436152ef2e,ce09cb4099e5,p1,1,0,True
lds-houston-edison-day-1,1,145,05acf6c79c01,470b749315fc,p2,1,0,True
lds-houston-edison-day-1,1,146,6fc04fa45310,e98a9370fd6e,p1,2,1,True
lds-houston-edison-day-1,1,147,8ff0a0647a60,9df587203aa4,p1,2,0,True
lds-houston-edison-day-1,1,148,4297ebbe9a27,d4a1bea0708f,p1,2,0,True
lds-houston-edison-day-1,1,149,95020390796f,35f0ebd48e47,p1,1,0,True
lds-houston-edison-day-1,1,150,0863233677dc,0cf634bb9245,p1,1,0,True
lds-houston-edison-day-1,1,151,c841d98292a9,b4df57e035a5,p1,2,0,True
lds-houston-edison-day-1,1,152,8cdccf31a81b,63297b7f7baa,p1,1,0,True
lds-houston-edison-day-1,1,153,2aa0fd6f13ef,29987471b114,p1,2,1,True
lds-houston-edison-day-1,1,154,d5a4e0699dc2,ff5ea82e0b99,p2,2,1,True
lds-houston-edison-day-1,1,155,03f0b4804304,3af8ce5c7658,p1,2,0,True
lds-houston-edison-day-1,1,156,0ff8ce385d1c,40ffe46abf47,p2,2,1,True
lds-houston-edison-day-1,1,157,f7c2d330018b,5a83c38ce612,p1,2,1,True
lds-houston-edison-day-1,1,158,b802db20836b,325337ab0a48,p1,1,0,True
lds-houston-edison-day-1,1,159,bb0959807b3f,421f9109a1d8,p2,2,1,True
lds-houston-edison-day-1,1,160,3e1464d3a876,e91e9edf1d85,p2,1,0,True
lds-houston-edison-day-1,1,161,38b0eefafb1d,2eb39d29e5cc,p1,2,0,True
lds-houston-edison-day-1,1,162,7f15a76b7061,e8e513c827a7,p1,2,1,True
lds-houston-edison-day-1,1,163,6c26185c65df,c1cedac4bfa4,p2,2,1,True
lds-houston-edison-day-1,1,164,9fb8a75ccaf8,cf8526fb8791,p1,1,0,True
lds-houston-edison-day-1,1,165,5552bc640ff7,bc9cd455f270,p2,2,1,True
lds-houston-edison-day-1,1,166,e53cebf37f8a,910c90df211c,p2,1,0,True
lds-houston-edison-day-1,1,167,90f95142f37a,9f4d14e4df33,p1,2,1,True
lds-houston-edison-day-1,1,168,f37c8c08061f,4b0fbea19153,p1,2,0,True
lds-houston-edison-day-1,1,169,8e5619f3af12,46560158740a,p1,2,0,True
lds-houston-edison-day-1,1,170,02f18b71476d,c53354b569f0,p2,2,0,True
lds-houston-edison-day-1,1,171,2e458b91f31c,43540dcd4777,p1,2,0,True
lds-houston-edison-day-1,1,172,5a92e077d22d,7482f7ca33cf,p2,2,1,True
lds-houston-edison-day-1,1,173,1f1f7ec86bbf,8532a5bb8ff0,p1,2,0,True
lds-houston-edison-day-1,1,174,daf2eb170a1a,33867c721806,p1,1,0,True
lds-houston-edison-day-1,1,175,7592e2c2b991,46a8772e0f17,p2,2,0,True
lds-houston-edison-day-1,1,176,99a7d06e3252,ef8e7463fade,p1,2,0,True
lds-houston-edison-day-1,1,177,afba95cb0d8f,cf83ad58a92a,p1,2,0,True
lds-houston-edison-day-1,1,178,fab6a518f7b5,d3b5ca6fbef5,p2,2,0,True
lds-houston-edison-day-1,1,179,ab5ca9e1a1bd,5e196cec56fb,p1,1,0,True
lds-houston-edison-day-1,1,180,b4057f8eaaba,8712b3365d85,p2,2,0,True
lds-houston-edison-day-1,1,181,0031632dece4,a5f1e8f02675,p2,2,1,True
lds-houston-edison-day-1,1,182,f8a1b00333a9,dcf680c41c54,p2,2,1,True
lds-houston-edison-day-1,1,183,5412c2ad2811,94983d9e4bca,p1,1,0,True
lds-houston-edison-day-1,1,184,c91309a5e309,cc81047a0b9d,p1,2,0,True
lds-houston-edison-day-1,1,185,b1af61d63c9c,afc6827dbf0c,p1,2,1,True
lds-houston-edison-day-1,1,186,825673197636,0fe6e5865ca1,p1,2,1,True
lds-houston-edison-day-1,1,187,82f967d03f35,b3ff0521e38a,p1,1,0,True
lds-houston-edison-day-1,1,188,ae2642fd760a,262f516216af,p2,2,0,True
lds-houston-edison-day-1,1,189,a79f2baa620e,ca81f47d0037,p1,2,1,True
lds-houston-edison-day-1,1,190,803519189b65,ec078c010dd2,p2,2,0,True
lds-houston-edison-day-1,1,191,92f7cf5706e1,090ea08a2eaa,p2,2,1,True
lds-houston-edison-day-1,1,192,d6bf3b1bd747,d23c3e29ee1d,p2,1,0,True
lds-houston-edison-day-1,1,193,17f48e20e37e,40b592fd463f,p2,2,0,True
lds-houston-edison-day-1,1,194,c1d4cc03e5fb,61e9316496e2,p1,2,1,True
lds-houston-edison-day-1,1,195,024a565a42df,9f666db15734,p1,2,1,True
lds-houston-edison-day-1,1,196,56d91550bc62,9da56f40a898,p1,2,0,True
lds-houston-edison-day-1,1,197,356e2ad79c33,468c9f8625ca,p1,2,0,True
lds-houston-edison-day-1,1,198,d663b2fb2e1d,3fcfb4dfa1aa,p1,2,0,True
lds-houston-edison-day-1,1,199,8058320be7d5,104ed1396046,p2,2,1,True
lds-houston-edison-day-1,1,200,5a1fc49e132b,038998b32557,p2,2,1,True
lds-houston-edison-day-1,1,201,76fff86361c4,d3f9f7744afc,p2,1,0,True
lds-houston-edison-day-1,1,202,5368a004f170,f05ed5555e8d,p1,2,1,True
lds-houston-edison-day-1,1,203,5935ceac72b9,f553bec37c37,p1,2,1,True
lds-houston-edison-day-1,1,204,3d403a88235d,bcc62bd21172,p2,2,0,True
lds-houston-edison-day-1,1,205,87a292e4409f,54ae8e50c923,p1,2,0,True
lds-houston-edison-day-1,1,206,9f2ad69db71c,70963ad9307c,p2,1,0,True
lds-houston-edison-day-1,1,207,060a67d975c1,5846676a1355,p1,1,0,True
lds-houston-edison-day-1,1,208,cec60fd2e8b7,b935c691ab27,p2,2,1,True
lds-houston-edison-day-1,1,209,d945323b2690,9cbd0d64a2e0,p2,2,1,True
lds-houston-edison-day-1,1,210,82b16d4b6e60,8db315c4df51,p2,1,0,True
lds-houston-edison-day-1,1,211,cc3af05e17c7,7ec2b9bfc51a,p2,2,1,True
lds-houston-edison-day-1,1,212,ad8859a4c10f,01e71c70e5ca,p1,2,0,True
lds-houston-edison-day-1,1,213,017cb98bada8,b0857e840d01,p1,2,1,True
lds-houston-edison-day-1,1,214,4e57b5ddab85,e4220229ac70,p2,1,0,True
lds-houston-edison-day-1,1,215,5d64d885335f,dc97220b7e3d,p2,2,1,True
lds-houston-edison-day-1,1,216,27574271ef6c,f7180d1d00f8,p2,2,0,True
lds-houston-edison-day-1,1,217,4e6251e5c6dd,caf5061e38c7,p2,1,0,True
lds-houston-edison-day-1,1,218,2bb904cad22f,0696077f858e,p2,1,0,True
lds-houston-edison-day-1,1,219,81420824f27a,9bbeab961a9a,p2,2,0,True
lds-houston-edison-day-1,1,220,1c6bdf55e329,33bd1760a4b0,p2,1,0,True
lds-houston-edison-day-1,1,221,c24faccd21ff,ba195ca9b6c5,p1,1,0,True
lds-houston-edison-day-1,1,222,132fa60ef657,1616b9e73fa7,p1,2,0,True
lds-houston-edison-day-1,1,223,3d4bd7052415,fcca093a3bd0,p2,2,0,True
lds-houston-edison-day-1,1,224,87f01ec81bb0,042fc0f50279,p1,2,1,True
lds-houston-edison-day-1,1,225,2761f8b46dbb,01d59b2a39bf,p2,2,0,True
lds-houston-edison-day-1,1,226,2ec7c90d1b56,2403fb0fde6a,p1,2,1,True
lds-houston-edison-day-1,1,227,ce6c0c4ac603,17b76dbc3190,p1,1,0,True
lds-houston-edison-day-1,1,228,00b12904615d,6ce436430145,p1,2,0,True
lds-houston-edison-day-1,1,229,ff9fb1ac860c,a64360a2ea4c,p2,2,1,True
lds-houston-edison-day-1,1,230,e3969a2f13cb,b328b2837bda,draw,,,False
lds-houston-edison-day-1,1,231,1fd0fd2a899d,aedcd9503e14,draw,,,False
lds-houston-edison-day-1,1,232,aa739c916308,9618b5cf71fe,draw,,,False
lds-houston-edison-day-1,1,233,dc7f4921c981,6686f4348c3b,draw,,,False
lds-houston-edison-day-1,1,234,550258c90111,5f65829f5ab1,draw,,,False
lds-houston-edison-day-1,1,235,9609b007f915,de04a092bd2f,draw,,,False
lds-houston-edison-day-1,1,236,5a176687933f,ca9e698ad4e6,draw,,,False
lds-houston-edison-day-1,1,237,9ae145ec9fc5,8073fc778c71,draw,,,False
lds-houston-edison-day-1,1,238,7ebff9004875,acd5dc3d9eaa,draw,,,False
lds-houston-edison-day-1,1,239,733e1530d98f,ee7c90be8e2e,draw,,,False
lds-houston-edison-day-1,2,1,f75387341819,456e31785e2f,p1,2,1,True
lds-houston-edison-day-1,2,2,d6c0e2b510e8,e4ccfe197137,p1,2,1,True
lds-houston-edison-day-1,2,3,70362c7399a5,e55e7207b828,p2,1,0,True
lds-houston-edison-day-1,2,4,2bb3f635c17f,421f9109a1d8,p1,1,0,True
lds-houston-edison-day-1,2,5,772929ecfaf2,5fc761cd39de,p2,2,0,True
lds-houston-edison-day-1,2,6,8cdccf31a81b,2df1028eac97,p1,1,0,True
lds-houston-edison-day-1,2,7,75d6a26cf124,6b20d6889c27,p1,2,1,True
lds-houston-edison-day-1,2,8,f37c8c08061f,c1cedac4bfa4,p1,2,0,True
lds-houston-edison-day-1,2,9,3eba500f72b1,a84ef16296c0,p1,2,1,True
lds-houston-edison-day-1,2,10,87a292e4409f,30720b28dd5b,p2,2,0,True
lds-houston-edison-day-1,2,11,a71cdc90461f,390ddd2625cb,p2,2,0,True
lds-houston-edison-day-1,2,12,36829fbb422b,a7047aa48887,p2,2,1,True
lds-houston-edison-day-1,2,13,aadd9ab893a3,3e4b8384dafe,p2,2,1,True
lds-houston-edison-day-1,2,14,38b0eefafb1d,7ec2b9bfc51a,p2,2,1,True
lds-houston-edison-day-1,2,15,ba44726a2396,15852732052c,p2,1,0,True
lds-houston-edison-day-1,2,16,170dad9d9a6e,3bb1a39e6020,p2,2,0,True
lds-houston-edison-day-1,2,17,f573147d6f8b,c841d98292a9,p2,2,0,True
lds-houston-edison-day-1,2,18,7a088642a696,17b76dbc3190,p1,1,0,True
lds-houston-edison-day-1,2,19,b1af61d63c9c,b09affa72191,p2,2,0,True
lds-houston-edison-day-1,2,20,c272b2ce6aa7,dea7182ba4f7,p1,1,0,True
lds-houston-edison-day-1,2,21,c91309a5e309,e82d7d02189d,p1,2,1,True
lds-houston-edison-day-1,2,22,9049ee96f981,f3dced33d0f8,p2,2,0,True
lds-houston-edison-day-1,2,23,56d91550bc62,fa8f3e2419ec,p2,2,1,True
lds-houston-edison-day-1,2,24,d8dd12fba0d6,4297ebbe9a27,p1,2,0,True
lds-houston-edison-day-1,2,25,8aef376031c6,9cbd0d64a2e0,p1,2,1,True
lds-houston-edison-day-1,2,26,f14c73eab821,1f1f7ec86bbf,p1,2,0,True
lds-houston-edison-day-1,2,27,3a327ef065cd,024a565a42df,p2,2,1,True
lds-houston-edison-day-1,2,28,ec078c010dd2,132fa60ef657,p1,1,0,True
lds-houston-edison-day-1,2,29,1fc54e68a899,2e1ae0b7d36e,p2,2,0,True
lds-houston-edison-day-1,2,30,6845c06ad1f8,25a24d9c974f,p2,1,0,True
lds-houston-edison-day-1,2,31,35f9379205a2,fe0ea88d4937,p1,2,0,True
lds-houston-edison-day-1,2,32,6c5e9063e179,b802db20836b,p1,2,0,True
lds-houston-edison-day-1,2,33,221ecb14ef82,0863233677dc,p1,2,0,True
lds-houston-edison-day-1,2,34,e08e896e4247,f0523278867b,p2,1,0,True
lds-houston-edison-day-1,2,35,72a6dd8dae27,1b47c6bb4c1b,p1,2,0,True
lds-houston-edison-day-1,2,36,bea5f6a67d13,d3f9f7744afc,p2,2,0,True
lds-houston-edison-day-1,2,37,f6cc95f1a1c5,5d12f551ca8b,p1,1,0,True
lds-houston-edison-day-1,2,38,b935c691ab27,487588b704e1,p1,2,0,True
lds-houston-edison-day-1,2,39,ad8859a4c10f,32e21f89a3c3,p2,2,0,True
lds-houston-edison-day-1,2,40,2ceacba6f284,5e038658c1b4,p1,2,1,True
lds-houston-edison-day-1,2,41,c1d4cc03e5fb,5e6fdcf399c5,p1,2,1,True
lds-houston-edison-day-1,2,42,ff5ea82e0b99,060a67d975c1,p2,1,0,True
lds-houston-edison-day-1,2,43,4e90363f7a4c,31c8e0762d75,p2,2,1,True
lds-houston-edison-day-1,2,44,daf2eb170a1a,446dfdff5e10,p2,1,0,True
lds-houston-edison-day-1,2,45,17a6042ba188,1b78ed5f99f5,p2,2,1,True
lds-houston-edison-day-1,2,46,89d029a90bb9,d3b5ca6fbef5,p1,1,0,True
lds-houston-edison-day-1,2,47,87f01ec81bb0,9497b43b3f96,p2,2,0,True
lds-houston-edison-day-1,2,48,6fd1797b4060,91e759464fdf,p1,1,0,True
lds-houston-edison-day-1,2,49,f7180d1d00f8,c24faccd21ff,p1,2,1,True
lds-houston-edison-day-1,2,50,8e5619f3af12,91c297bafb71,p1,2,0,True
lds-houston-edison-day-1,2,51,d663b2fb2e1d,d23c3e29ee1d,p1,2,0,True
lds-houston-edison-day-1,2,52,3695ef2bf362,54bdf0e60ae6,p1,2,1,True
lds-houston-edison-day-1,2,53,7e3d4ed38b0f,6e175fcac7e0,p2,2,0,True
lds-houston-edison-day-1,2,54,5412c2ad2811,bcc62bd21172,p1,1,0,True
lds-houston-edison-day-1,2,55,c8d609a3808c,1af081e083d0,p1,1,0,True
lds-houston-edison-day-1,2,56,ec00c290ab90,e4ad853bfad3,p2,2,0,True
lds-houston-edison-day-1,2,57,90f95142f37a,017cb98bada8,p1,2,1,True
lds-houston-edison-day-1,2,58,1a277084c298,f8b528b8a9fa,p1,2,0,True
lds-houston-edison-day-1,2,59,dd462d01e9fc,aa6a1126d789,p1,2,0,True
lds-houston-edison-day-1,2,60,8db315c4df51,35efd7eb2d42,p2,2,1,True
lds-houston-edison-day-1,2,61,d796463b9232,8aebda5474d1,p1,2,1,True
lds-houston-edison-day-1,2,62,6a36fe436352,a3ff9eb48285,p2,1,0,True
lds-houston-edison-day-1,2,63,5b6edee4a0e2,2f845101cf5a,p2,1,0,True
lds-houston-edison-day-1,2,64,b1d541d4726d,c53354b569f0,p2,2,1,True
lds-houston-edison-day-1,2,65,ce6c0c4ac603,52d8f7542383,p2,2,0,True
lds-houston-edison-day-1,2,66,95020390796f,bc52125ec77f,p1,1,0,True
lds-houston-edison-day-1,2,67,3de8021a10cd,e4d70639a15d,p2,2,1,True
lds-houston-edison-day-1,2,68,9bbeab961a9a,d640281b4ea2,p1,2,0,True
lds-houston-edison-day-1,2,69,9fb8a75ccaf8,8ecccde3ee8b,p2,2,0,True
lds-houston-edison-day-1,2,70,7365e572be82,fcca093a3bd0,p2,2,1,True
lds-houston-edison-day-1,2,71,5935ceac72b9,62719e683e9e,p2,2,1,True
lds-houston-edison-day-1,2,72,d43afa6910a8,00b12904615d,p1,2,0,True
lds-houston-edison-day-1,2,73,79391828a6f7,dcf680c41c54,p1,2,1,True
lds-houston-edison-day-1,2,74,b55effc68f1a,b6e69893fba7,p1,2,1,True
lds-houston-edison-day-1,2,75,188880d67ae0,a3e89211f53a,p1,2,0,True
lds-houston-edison-day-1,2,76,40ffe46abf47,5368a004f170,p1,2,1,True
lds-houston-edison-day-1,2,77,614545ca1ca1,33bd1760a4b0,p1,2,1,True
lds-houston-edison-day-1,2,78,7482f7ca33cf,01d59b2a39bf,p2,2,0,True
lds-houston-edison-day-1,2,79,febf1d37b72d,2e458b91f31c,p2,2,0,True
lds-houston-edison-day-1,2,80,f4edd0cafab0,e91e9edf1d85,p2,1,0,True
lds-houston-edison-day-1,2,81,40b592fd463f,f604a634e051,p1,2,1,True
lds-houston-edison-day-1,2,82,e251676d5517,cb269e2b35fd,p2,2,0,True
lds-houston-edison-day-1,2,83,038998b32557,166a8fbc687a,p2,2,1,True
lds-houston-edison-day-1,2,84,11c8063e7656,a48ce2a4fd44,p1,2,0,True
lds-houston-edison-day-1,2,85,ac90a5b36925,c367c76f87c4,p1,2,0,True
lds-houston-edison-day-1,2,86,7f15a76b7061,0eaaf222f52c,p1,2,1,True
lds-houston-edison-day-1,2,87,a5f1e8f02675,e07258880b71,p1,2,1,True
lds-houston-edison-day-1,2,88,a79f2baa620e,7d288f1061e7,p2,2,0,True
lds-houston-edison-day-1,2,89,e4220229ac70,46a8772e0f17,p2,2,0,True
lds-houston-edison-day-1,2,90,f9eb71dfa231,99a7d06e3252,p2,2,1,True
lds-houston-edison-day-1,2,91,afba95cb0d8f,f7c2d330018b,p2,2,0,True
lds-houston-edison-day-1,2,92,03f0b4804304,ab5ca9e1a1bd,p2,1,0,True
lds-houston-edison-day-1,2,93,71e5e1126c4e,c1831a67765f,p1,2,1,True
lds-houston-edison-day-1,2,94,2aa0fd6f13ef,73ff19531018,p2,2,1,True
lds-houston-edison-day-1,2,95,80739436fe31,090ea08a2eaa,p2,2,1,True
lds-houston-edison-day-1,2,96,21fc3a443aea,6fc04fa45310,p2,2,0,True
lds-houston-edison-day-1,2,97,70963ad9307c,fb5d1c675f4d,p1,2,1,True
lds-houston-edison-day-1,2,98,b2345002e252,a64360a2ea4c,p2,2,1,True
lds-houston-edison-day-1,2,99,2ec7c90d1b56,9207b1484cb2,p1,2,0,True
lds-houston-edison-day-1,2,100,0c9454f5e263,70a5d728b647,p1,2,0,True
lds-houston-edison-day-1,2,101,daeebdee1a10,bc9cd455f270,p1,2,1,True
lds-houston-edison-day-1,2,102,d2161f40c7f2,a74c6973110e,p2,2,1,True
lds-houston-edison-day-1,2,103,d329ea8885b0,a7cb0508c46d,p1,2,0,True
lds-houston-edison-day-1,2,104,910c90df211c,7f0e1b6aba55,p2,2,0,True
lds-houston-edison-day-1,2,105,7285198536aa,104ed1396046,p2,2,0,True
lds-houston-edison-day-1,2,106,caf5061e38c7,62c0bd30844c,p1,1,0,True
lds-houston-edison-day-1,2,107,e36ee64542d7,f30800e67a98,p2,2,0,True
lds-houston-edison-day-1,2,108,b572ae09fa00,9f666db15734,p1,2,0,True
lds-houston-edison-day-1,2,109,0696077f858e,d659968e6b61,p1,1,0,True
lds-houston-edison-day-1,2,110,470b749315fc,ca2ea3ff5107,p2,1,0,True
lds-houston-edison-day-1,2,111,fa70c1087ff8,bb788fa627be,p2,1,0,True
lds-houston-edison-day-1,2,112,c666980a8397,825673197636,p1,2,0,True
lds-houston-edison-day-1,2,113,8d4cd2b7f60c,8712b3365d85,p1,2,0,True
lds-houston-edison-day-1,2,114,82f967d03f35,356e2ad79c33,p1,2,0,True
lds-houston-edison-day-1,2,115,2f1035b313d6,8ff0a0647a60,p2,2,0,True
lds-houston-edison-day-1,2,116,55436152ef2e,262f516216af,p2,2,0,True
lds-houston-edison-day-1,2,117,ad2cd1823182,d81d7adf4d8c,p1,2,0,True
lds-houston-edison-day-1,2,118,25b67346f877,5d64d885335f,p2,2,1,True
lds-houston-edison-day-1,2,119,73efd1efc9ba,8ffceddc641c,p2,2,0,True
lds-houston-edison-day-1,2,120,1c6bdf55e329,ae2642fd760a,p1,2,1,True
lds-houston-edison-day-1,2,121,5a83c38ce612,3d4bd7052415,p1,2,0,True
lds-houston-edison-day-1,2,122,c0027d6935fa,20f437348cad,p2,2,1,True
lds-houston-edison-day-1,2,123,dc97220b7e3d,0129ea6cc821,p1,2,1,True
lds-houston-edison-day-1,2,124,0031632dece4,9ae145ec9fc5,p2,2,0,True
lds-houston-edison-day-1,2,125,aa155a5e7eef,8e53014d3de5,p1,2,0,True
lds-houston-edison-day-1,2,126,dc0afa2f0c07,c893e8805a5a,p1,2,0,True
lds-houston-edison-day-1,2,127,e52e67cd8a85,a2f27f4f14c7,p1,2,0,True
lds-houston-edison-day-1,2,128,7744617154a3,05acf6c79c01,p2,1,0,True
lds-houston-edison-day-1,2,129,5a92e077d22d,00d6e9a9fbbc,p2,2,1,True
lds-houston-edison-day-1,2,130,3591d73cce0e,82b16d4b6e60,p2,1,0,True
lds-houston-edison-day-1,2,131,9076816f94d4,a43fc0423209,p1,2,0,True
lds-houston-edison-day-1,2,132,9c7218cd153e,b2182b6a8656,p1,1,0,True
lds-houston-edison-day-1,2,133,afc6827dbf0c,d4a1bea0708f,p1,2,1,True
lds-houston-edison-day-1,2,134,399d605c4211,ff9fb1ac860c,p1,2,0,True
lds-houston-edison-day-1,2,135,2ae154e65ec4,d8b163b44d87,p2,2,0,True
lds-houston-edison-day-1,2,136,a76c2cf5b19b,5bb6657562bb,p1,2,1,True
lds-houston-edison-day-1,2,137,356994514937,76fff86361c4,p1,1,0,True
lds-houston-edison-day-1,2,138,ba46f1139cf9,2eb39d29e5cc,p2,2,1,True
lds-houston-edison-day-1,2,139,623a72e91ca4,ef8e7463fade,p1,2,0,True
lds-houston-edison-day-1,2,140,803519189b65,ff53a616e62d,p1,2,0,True
lds-houston-edison-day-1,2,141,a18eba778906,cc3af05e17c7,p1,2,1,True
lds-houston-edison-day-1,2,142,ce09cb4099e5,8058320be7d5,p2,2,0,True
lds-houston-edison-day-1,2,143,3d403a88235d,d8046b94b60a,p1,2,0,True
lds-houston-edison-day-1,2,144,35f0ebd48e47,0b8497809ee0,p2,2,1,True
lds-houston-edison-day-1,2,145,7592e2c2b991,9641a9f266ec,p1,2,1,True
lds-houston-edison-day-1,2,146,706c5bfa8cc4,02f18b71476d,p1,2,1,True
lds-houston-edison-day-1,2,147,9f5be64ab777,a9d505df22ad,p1,2,0,True
lds-houston-edison-day-1,2,148,33867c721806,042fc0f50279,p1,2,0,True
lds-houston-edison-day-1,2,149,c773504f7f2b,7c91f95eeb9f,p1,2,0,True
lds-houston-edison-day-1,2,150,6d5fdd6f0987,1f6038ae46c2,p1,1,0,True
lds-houston-edison-day-1,2,151,701ea0d93ded,6008a656343b,p2,2,1,True
lds-houston-edison-day-1,2,152,869ff630a155,6c494a3737af,p2,2,0,False
lds-houston-edison-day-1,2,153,14e7fffdeb54,998e110bf440,p2,2,1,True
lds-houston-edison-day-1,2,154,4b0fbea19153,5a1fc49e132b,p2,2,0,True
lds-houston-edison-day-1,2,155,3a32f29ade79,c95b6ecd589e,p1,2,0,True
lds-houston-edison-day-1,2,156,7aa459810a40,40037573fa19,p2,2,1,True
lds-houston-edison-day-1,2,157,f7a4d7f9f9d8,9da56f40a898,p2,2,0,True
lds-houston-edison-day-1,2,158,9df587203aa4,3af8ce5c7658,p1,2,1,True
lds-houston-edison-day-1,2,159,b41d2921a15d,8d31f25fcd4e,p2,2,0,True
lds-houston-edison-day-1,2,160,aee47a9d0029,cd8e5365ac8c,p2,2,1,True
lds-houston-edison-day-1,2,161,54ae8e50c923,29987471b114,p2,2,1,True
lds-houston-edison-day-1,2,162,2761f8b46dbb,94983d9e4bca,p2,1,0,True
lds-houston-edison-day-1,2,163,3bf72a6d4543,c7bd4aa6a4f4,p2,2,0,True
lds-houston-edison-day-1,2,164,b0989c38776e,0ff8ce385d1c,p2,2,0,True
lds-houston-edison-day-1,2,165,949c68b0d8fb,10826367e6a9,p1,1,0,True
lds-houston-edison-day-1,2,166,a380ea7c3d2b,e8b3692fcd8f,p1,2,0,True
lds-houston-edison-day-1,2,167,6057f543b84e,b4df57e035a5,p1,2,1,True
lds-houston-edison-day-1,2,168,5846676a1355,63bee714a39e,p2,1,0,True
lds-houston-edison-day-1,2,169,5373ce7543a1,1f5486eabf09,p2,2,0,True
lds-houston-edison-day-1,2,170,c091cbbf0478,8c7d73532a71,p2,2,1,True
lds-houston-edison-day-1,2,171,ad497da844e5,4ea5448fc994,p1,1,0,True
lds-houston-edison-day-1,2,172,ccacb880d181,8e5f7d673f81,p1,2,1,True
lds-houston-edison-day-1,2,173,c7016dfb5074,ad0b25cc0d86,p1,1,0,True
lds-houston-edison-day-1,2,174,f05ed5555e8d,b2c12cfcd67d,p2,2,1,True
lds-houston-edison-day-1,2,175,f8a1b00333a9,b3ff0521e38a,p2,2,0,True
lds-houston-edison-day-1,2,176,b243da9569b1,c46956ecf5eb,p1,2,0,True
lds-houston-edison-day-1,2,177,e53cebf37f8a,bb0959807b3f,p1,2,1,True
lds-houston-edison-day-1,2,178,485b7fb16f5a,63297b7f7baa,p1,2,0,True
lds-houston-edison-day-1,2,179,8218345ffd48,7d68e2b4a861,p2,2,0,False
lds-houston-edison-day-1,2,180,5552bc640ff7,7e542ecfbd09,p2,2,1,True
lds-houston-edison-day-1,2,181,5616c04896d4,5daaf686ef7b,p1,2,1,True
lds-houston-edison-day-1,2,182,17f48e20e37e,46560158740a,draw,,,True
lds-houston-edison-day-1,2,183,0bc6b2bb5038,05e5ba483a7d,p2,1,0,True
lds-houston-edison-day-1,2,184,cc81047a0b9d,8532a5bb8ff0,p2,2,0,True
lds-houston-edison-day-1,2,185,9f6392eb1b8a,c73632f79d6a,p2,2,1,True
lds-houston-edison-day-1,2,186,0cb9151f745d,d945323b2690,p2,2,0,True
lds-houston-edison-day-1,2,187,96694444678a,4e6251e5c6dd,p1,1,0,True
lds-houston-edison-day-1,2,188,3fcfb4dfa1aa,c58937ad838b,p2,2,0,True
lds-houston-edison-day-1,2,189,fd9a795d8ed5,2aa3fcc7d4f6,p2,2,0,True
lds-houston-edison-day-1,2,190,33557a52c580,27574271ef6c,p2,2,0,True
lds-houston-edison-day-1,2,191,9f2ad69db71c,fab6a518f7b5,p1,2,1,True
lds-houston-edison-day-1,2,192,2c00adf891a0,998830fe828a,p1,2,0,True
lds-houston-edison-day-1,2,193,20d8234b0c65,b3571c18a4b2,p2,2,1,True
lds-houston-edison-day-1,2,194,b4057f8eaaba,6ce436430145,p1,2,1,True
lds-houston-edison-day-1,2,195,5ebd3402b256,6c26185c65df,p1,2,0,True
lds-houston-edison-day-1,2,196,797b482d32a1,f8f5b9f73db4,p1,1,0,True
lds-houston-edison-day-1,2,197,7d22d8a41f0c,955d900660c0,p2,2,0,True
lds-houston-edison-day-1,2,198,a1682594fae5,325337ab0a48,p1,2,1,True
lds-houston-edison-day-1,2,199,d6f6010ee792,cec60fd2e8b7,p2,2,0,True
lds-houston-edison-day-1,2,200,9710628e54d3,4ffd57cb4042,p1,2,0,True
lds-houston-edison-day-1,2,201,6eb625081bc1,7455bb448207,p1,2,0,True
lds-houston-edison-day-1,2,202,d5a4e0699dc2,c605f96bddf1,p2,2,0,True
lds-houston-edison-day-1,2,203,d6bf3b1bd747,7db8aac69d64,p2,2,1,True
lds-houston-edison-day-1,2,204,bc5ea762ea19,678a958e6ee5,p2,2,1,True
lds-houston-edison-day-1,2,205,391b44b46cda,43540dcd4777,p1,2,1,True
lds-houston-edison-day-1,2,206,f06bcfc8fcb6,a4d06f1f0c9f,p2,1,0,True
lds-houston-edison-day-1,2,207,cf8526fb8791,01e71c70e5ca,p1,1,0,True
lds-houston-edison-day-1,2,208,5edbd46f6522,e0b5cc7e57c5,p1,2,0,True
lds-houston-edison-day-1,2,209,2bb904cad22f,9472437147f3,p2,1,0,True
lds-houston-edison-day-1,2,210,878d8f1fa050,1616b9e73fa7,p1,2,0,True
lds-houston-edison-day-1,2,211,2403fb0fde6a,45c81df63bc4,p1,2,0,True
lds-houston-edison-day-1,2,212,aebe917a594f,0cf634bb9245,p2,2,0,True
lds-houston-edison-day-1,2,213,32d362b987e5,1efc65455f87,p2,2,0,True
lds-houston-edison-day-1,2,214,e8e513c827a7,4e57b5ddab85,p2,2,1,True
lds-houston-edison-day-1,2,215,913ab2714733,f355f12c0bf6,p1,2,1,True
lds-houston-edison-day-1,2,216,f14c47a5c9f1,0fe6e5865ca1,p1,2,0,True
lds-houston-edison-day-1,2,217,453b128973ca,0fc658799f9b,p1,1,0,True
lds-houston-edison-day-1,2,218,b0857e840d01,cf83ad58a92a,p2,2,1,True
lds-houston-edison-day-1,2,219,a177e2344ca2,6572bba713cd,p1,2,1,True
lds-houston-edison-day-1,2,220,ba195ca9b6c5,006c323f4b6a,p1,2,0,True
lds-houston-edison-day-1,2,221,5722b17cc56c,95e34b84740a,p1,2,0,True
lds-houston-edison-day-1,2,222,6d941786b126,5dc5a42e2e53,p2,2,0,True
lds-houston-edison-day-1,2,223,3e1464d3a876,61e9316496e2,p2,2,0,True
lds-houston-edison-day-1,2,224,9f4d14e4df33,468c9f8625ca,p1,2,0,True
lds-houston-edison-day-1,2,225,96206f0c43d3,e98a9370fd6e,p2,2,0,True
lds-houston-edison-day-1,2,226,ca81f47d0037,c7009eff338a,p2,1,0,True
lds-houston-edison-day-1,2,227,5e196cec56fb,84884157d2cb,p1,1,0,True
lds-houston-edison-day-1,2,228,81420824f27a,fba1d28712a3,p1,2,1,True
lds-houston-edison-day-1,2,229,9941426ba61e,f553bec37c37,p2,2,0,True
lds-houston-edison-day-1,2,230,4bda317093b3,35590aee2fb1,p2,2,0,True
lds-houston-edison-day-1,3,1,ab5ca9e1a1bd,11c8063e7656,p2,2,1,True
lds-houston-edison-day-1,3,2,25a24d9c974f,3695ef2bf362,p1,1,0,True
lds-houston-edison-day-1,3,3,7f0e1b6aba55,d329ea8885b0,p2,2,0,True
lds-houston-edison-day-1,3,4,9497b43b3f96,a64360a2ea4c,p2,2,0,True
lds-houston-edison-day-1,3,5,bb788fa627be,104ed1396046,p1,1,0,True
lds-houston-edison-day-1,3,6,e4ad853bfad3,7f15a76b7061,p1,2,0,True
lds-houston-edison-day-1,3,7,f75387341819,5412c2ad2811,p2,1,0,True
lds-houston-edison-day-1,3,8,390ddd2625cb,75d6a26cf124,p1,2,1,True
lds-houston-edison-day-1,3,9,2ceacba6f284,d663b2fb2e1d,p2,2,0,True
lds-houston-edison-day-1,3,10,2ec7c90d1b56,c91309a5e309,p2,2,1,True
lds-houston-edison-day-1,3,11,c8d609a3808c,e55e7207b828,p1,1,0,True
lds-houston-edison-day-1,3,12,72a6dd8dae27,6c5e9063e179,p2,2,1,True
lds-houston-edison-day-1,3,13,c841d98292a9,0c9454f5e263,p2,2,0,True
lds-houston-edison-day-1,3,14,2f845101cf5a,2e458b91f31c,p2,1,0,True
lds-houston-edison-day-1,3,15,b09affa72191,e4d70639a15d,p1,2,0,True
lds-houston-edison-day-1,3,16,f37c8c08061f,82f967d03f35,p2,1,0,True
lds-houston-edison-day-1,3,17,3eba500f72b1,060a67d975c1,p2,1,0,True
lds-houston-edison-day-1,3,18,7a088642a696,ba195ca9b6c5,p2,1,0,True
lds-houston-edison-day-1,3,19,f6cc95f1a1c5,8e5619f3af12,p1,1,0,True
lds-houston-edison-day-1,3,20,b935c691ab27,99a7d06e3252,p1,2,0,True
lds-houston-edison-day-1,3,21,166a8fbc687a,024a565a42df,p2,2,0,True
lds-houston-edison-day-1,3,22,262f516216af,446dfdff5e10,p2,1,0,True
lds-houston-edison-day-1,3,23,31c8e0762d75,7d288f1061e7,p2,2,1,True
lds-houston-edison-day-1,3,24,ca2ea3ff5107,62719e683e9e,p2,2,1,True
lds-houston-edison-day-1,3,25,d43afa6910a8,52d8f7542383,p2,2,1,True
lds-houston-edison-day-1,3,26,090ea08a2eaa,71e5e1126c4e,p1,2,1,True
lds-houston-edison-day-1,3,27,a5f1e8f02675,c666980a8397,p1,2,1,True
lds-houston-edison-day-1,3,28,f7c2d330018b,8ff0a0647a60,p1,2,0,True
lds-houston-edison-day-1,3,29,d6c0e2b510e8,6e175fcac7e0,p2,2,1,True
lds-houston-edison-day-1,3,30,d796463b9232,90f95142f37a,p1,2,1,True
lds-houston-edison-day-1,3,31,79391828a6f7,f30800e67a98,p1,2,0,True
lds-houston-edison-day-1,3,32,f14c73eab821,f0523278867b,p2,1,0,True
lds-houston-edison-day-1,3,33,fa8f3e2419ec,221ecb14ef82,p1,2,0,True
lds-houston-edison-day-1,3,34,95020390796f,35efd7eb2d42,p1,2,0,True
lds-houston-edison-day-1,3,35,614545ca1ca1,32e21f89a3c3,p2,2,1,True
lds-houston-edison-day-1,3,36,a74c6973110e,a7047aa48887,p2,2,1,True
lds-houston-edison-day-1,3,37,caf5061e38c7,40ffe46abf47,p1,1,0,True
lds-houston-edison-day-1,3,38,1b78ed5f99f5,8d4cd2b7f60c,p1,2,1,True
lds-houston-edison-day-1,3,39,b55effc68f1a,5fc761cd39de,p2,2,1,True
lds-houston-edison-day-1,3,40,01d59b2a39bf,35f9379205a2,p1,2,1,True
lds-houston-edison-day-1,3,41,c1d4cc03e5fb,46a8772e0f17,p2,2,1,True
lds-houston-edison-day-1,3,42,70963ad9307c,9bbeab961a9a,p1,2,1,True
lds-houston-edison-day-1,3,43,f7180d1d00f8,6fc04fa45310,p2,2,1,True
lds-houston-edison-day-1,3,44,ac90a5b36925,dd462d01e9fc,p1,2,0,True
lds-houston-edison-day-1,3,45,3e4b8384dafe,c53354b569f0,p2,2,0,True
lds-houston-edison-day-1,3,46,e91e9edf1d85,0696077f858e,p1,1,0,True
lds-houston-edison-day-1,3,47,89d029a90bb9,8cdccf31a81b,p2,1,0,True
lds-houston-edison-day-1,3,48,f3dced33d0f8,40b592fd463f,p2,2,0,True
lds-houston-edison-day-1,3,49,73ff19531018,daeebdee1a10,p1,2,0,True
lds-houston-edison-day-1,3,50,2e1ae0b7d36e,3bb1a39e6020,p1,2,1,True
lds-houston-edison-day-1,3,51,fcca093a3bd0,d8dd12fba0d6,p1,2,1,True
lds-houston-edison-day-1,3,52,7ec2b9bfc51a,8aef376031c6,p2,2,0,True
lds-houston-edison-day-1,3,53,6fd1797b4060,15852732052c,p1,1,0,True
lds-houston-edison-day-1,3,54,dc97220b7e3d,ec078c010dd2,p1,2,1,True
lds-houston-edison-day-1,3,55,1a277084c298,8ecccde3ee8b,p2,2,0,True
lds-houston-edison-day-1,3,56,2bb3f635c17f,188880d67ae0,p1,2,1,True
lds-houston-edison-day-1,3,57,949c68b0d8fb,a3ff9eb48285,p1,1,0,True
lds-houston-edison-day-1,3,58,d3f9f7744afc,cb269e2b35fd,p2,2,0,True
lds-houston-edison-day-1,3,59,356e2ad79c33,fa70c1087ff8,p1,2,0,True
lds-houston-edison-day-1,3,60,cf8526fb8791,bea5f6a67d13,p1,1,0,True
lds-houston-edison-day-1,3,61,afba95cb0d8f,7e542ecfbd09,p2,2,0,True
lds-houston-edison-day-1,3,62,5a1fc49e132b,92f7cf5706e1,p1,2,0,True
lds-houston-edison-day-1,3,63,a3e89211f53a,b243da9569b1,p2,2,0,True
lds-houston-edison-day-1,3,64,5edbd46f6522,2403fb0fde6a,p1,2,1,True
lds-houston-edison-day-1,3,65,a18eba778906,0ff8ce385d1c,p1,2,0,True
lds-houston-edison-day-1,3,66,6845c06ad1f8,8aebda5474d1,p1,1,0,True
lds-houston-edison-day-1,3,67,9fb8a75ccaf8,6b20d6889c27,p2,2,0,True
lds-houston-edison-day-1,3,68,fe0ea88d4937,3a32f29ade79,p2,2,0,True
lds-houston-edison-day-1,3,69,ccacb880d181,f8b528b8a9fa,p2,2,0,True
lds-houston-edison-day-1,3,70,9472437147f3,803519189b65,p1,1,0,True
lds-houston-edison-day-1,3,71,5616c04896d4,c773504f7f2b,p1,2,0,True
lds-houston-edison-day-1,3,72,ce6c0c4ac603,825673197636,p2,2,0,True
lds-houston-edison-day-1,3,73,ba44726a2396,8532a5bb8ff0,p1,1,0,True
lds-houston-edison-day-1,3,74,9049ee96f981,afc6827dbf0c,p1,2,0,True
lds-houston-edison-day-1,3,75,b1af61d63c9c,03f0b4804304,p1,2,0,True
lds-houston-edison-day-1,3,76,3d403a88235d,cf83ad58a92a,p2,2,1,True
lds-houston-edison-day-1,3,77,daf2eb170a1a,ad8859a4c10f,p1,2,1,True
lds-houston-edison-day-1,3,78,91e759464fdf,38b0eefafb1d,p2,2,0,True
lds-houston-edison-day-1,3,79,33867c721806,10826367e6a9,p2,2,0,True
lds-houston-edison-day-1,3,80,6c494a3737af,a177e2344ca2,p1,2,0,False
lds-houston-edison-day-1,3,81,9207b1484cb2,61e9316496e2,p2,2,0,True
lds-houston-edison-day-1,3,82,e251676d5517,2c00adf891a0,p1,1,0,True
lds-houston-edison-day-1,3,83,9cbd0d64a2e0,5e038658c1b4,p2,2,1,True
lds-houston-edison-day-1,3,84,706c5bfa8cc4,e52e67cd8a85,p2,2,0,True
lds-houston-edison-day-1,3,85,dc0afa2f0c07,ff5ea82e0b99,p1,2,0,True
lds-houston-edison-day-1,3,86,a71cdc90461f,8db315c4df51,p1,2,1,True
lds-houston-edison-day-1,3,87,bc5ea762ea19,2eb39d29e5cc,p2,2,1,True
lds-houston-edison-day-1,3,88,29987471b114,c24faccd21ff,p2,2,1,True
lds-houston-edison-day-1,3,89,54bdf0e60ae6,f553bec37c37,p2,2,0,True
lds-houston-edison-day-1,3,90,cec60fd2e8b7,356994514937,p1,1,0,True
lds-houston-edison-day-1,3,91,038998b32557,b3ff0521e38a,p1,2,0,True
lds-houston-edison-day-1,3,92,7592e2c2b991,f4edd0cafab0,p2,2,0,True
lds-houston-edison-day-1,3,93,f604a634e051,8058320be7d5,p2,2,0,True
lds-houston-edison-day-1,3,94,e53cebf37f8a,cd8e5365ac8c,p1,2,1,True
lds-houston-edison-day-1,3,95,e82d7d02189d,63bee714a39e,p1,1,0,True
lds-houston-edison-day-1,3,96,0eaaf222f52c,e08e896e4247,p2,1,0,True
lds-houston-edison-day-1,3,97,9da56f40a898,62c0bd30844c,p2,2,0,True
lds-houston-edison-day-1,3,98,9f4d14e4df33,d640281b4ea2,p1,2,1,True
lds-houston-edison-day-1,3,99,5368a004f170,4e90363f7a4c,p2,2,1,True
lds-houston-edison-day-1,3,100,a1682594fae5,878d8f1fa050,p2,2,1,True
lds-houston-edison-day-1,3,101,a48ce2a4fd44,e4ccfe197137,p2,2,1,True
lds-houston-edison-day-1,3,102,c7009eff338a,8c7d73532a71,p1,2,1,True
lds-houston-edison-day-1,3,103,aadd9ab893a3,94983d9e4bca,p1,2,0,True
lds-houston-edison-day-1,3,104,87f01ec81bb0,c605f96bddf1,p2,2,1,True
lds-houston-edison-day-1,3,105,aa155a5e7eef,5dc5a42e2e53,p2,2,0,True
lds-houston-edison-day-1,3,106,17a6042ba188,21fc3a443aea,p2,2,1,True
lds-houston-edison-day-1,3,107,27574271ef6c,c7bd4aa6a4f4,p2,2,0,True
lds-houston-edison-day-1,3,108,b572ae09fa00,f14c47a5c9f1,p1,1,0,True
lds-houston-edison-day-1,3,109,e36ee64542d7,b802db20836b,p2,1,0,True
lds-houston-edison-day-1,3,110,d23c3e29ee1d,487588b704e1,p2,2,1,True
lds-houston-edison-day-1,3,111,20f437348cad,1fc54e68a899,p2,2,1,True
lds-houston-edison-day-1,3,112,ec00c290ab90,2aa3fcc7d4f6,p1,1,0,True
lds-houston-edison-day-1,3,113,0cf634bb9245,80739436fe31,p2,2,0,True
lds-houston-edison-day-1,3,114,c73632f79d6a,fb5d1c675f4d,p2,2,0,True
lds-houston-edison-day-1,3,115,e4220229ac70,5935ceac72b9,p2,2,1,True
lds-houston-edison-day-1,3,116,456e31785e2f,05e5ba483a7d,p2,2,0,True
lds-houston-edison-day-1,3,117,391b44b46cda,470b749315fc,p2,1,0,True
lds-houston-edison-day-1,3,118,6a36fe436352,dcf680c41c54,p2,2,0,True
lds-houston-edison-day-1,3,119,bc9cd455f270,5e6fdcf399c5,p1,2,0,True
lds-houston-edison-day-1,3,120,7db8aac69d64,a7cb0508c46d,p1,2,1,True
lds-houston-edison-day-1,3,121,7365e572be82,33bd1760a4b0,p2,2,0,True
lds-houston-edison-day-1,3,122,2aa0fd6f13ef,0b8497809ee0,p2,2,0,True
lds-houston-edison-day-1,3,123,d3b5ca6fbef5,bcc62bd21172,p2,2,0,True
lds-houston-edison-day-1,3,124,4297ebbe9a27,5ebd3402b256,p2,2,0,True
lds-houston-edison-day-1,3,125,30720b28dd5b,c272b2ce6aa7,p2,1,0,True
lds-houston-edison-day-1,3,126,399d605c4211,7d68e2b4a861,p1,2,0,True
lds-houston-edison-day-1,3,127,55436152ef2e,5e196cec56fb,p1,1,0,True
lds-houston-edison-day-1,3,128,70362c7399a5,ad497da844e5,p2,1,0,True
lds-houston-edison-day-1,3,129,7482f7ca33cf,5d64d885335f,p1,2,1,True
lds-houston-edison-day-1,3,130,b6e69893fba7,0129ea6cc821,p2,2,1,True
lds-houston-edison-day-1,3,131,b1d541d4726d,f573147d6f8b,p2,2,0,True
lds-houston-edison-day-1,3,132,1af081e083d0,96694444678a,p1,2,0,True
lds-houston-edison-day-1,3,133,2df1028eac97,81420824f27a,p1,2,0,True
lds-houston-edison-day-1,3,134,c1cedac4bfa4,132fa60ef657,p2,2,0,True
lds-houston-edison-day-1,3,135,05acf6c79c01,1efc65455f87,p2,1,0,True
lds-houston-edison-day-1,3,136,3a327ef065cd,955d900660c0,p1,2,0,True
lds-houston-edison-day-1,3,137,1c6bdf55e329,d8b163b44d87,p1,2,1,True
lds-houston-edison-day-1,3,138,00d6e9a9fbbc,b2c12cfcd67d,p2,2,1,True
lds-houston-edison-day-1,3,139,40037573fa19,d659968e6b61,p1,2,0,True
lds-houston-edison-day-1,3,140,5b6edee4a0e2,e98a9370fd6e,p2,2,0,True
lds-houston-edison-day-1,3,141,91c297bafb71,485b7fb16f5a,p1,2,0,True
lds-houston-edison-day-1,3,142,2f1035b313d6,a380ea7c3d2b,p2,2,0,True
lds-houston-edison-day-1,3,143,6eb625081bc1,797b482d32a1,p2,1,0,True
lds-houston-edison-day-1,3,144,170dad9d9a6e,aa6a1126d789,p2,2,1,True
lds-houston-edison-day-1,3,145,a79f2baa620e,7e3d4ed38b0f,p2,2,1,True
lds-houston-edison-day-1,3,146,1f5486eabf09,36829fbb422b,p2,2,0,True
lds-houston-edison-day-1,3,147,35590aee2fb1,421f9109a1d8,p1,2,1,True
lds-houston-edison-day-1,3,148,4e57b5ddab85,a4d06f1f0c9f,p1,1,0,True
lds-houston-edison-day-1,3,149,a76c2cf5b19b,0863233677dc,p1,1,0,True
lds-houston-edison-day-1,3,150,453b128973ca,ad2cd1823182,p2,2,0,True
lds-houston-edison-day-1,3,151,c367c76f87c4,d945323b2690,p2,2,0,True
lds-houston-edison-day-1,3,152,998e110bf440,f9eb71dfa231,p2,2,0,True
lds-houston-edison-day-1,3,153,e07258880b71,9df587203aa4,p2,2,0,True
lds-houston-edison-day-1,3,154,1f1f7ec86bbf,87a292e4409f,p1,2,0,True
lds-houston-edison-day-1,3,155,9f2ad69db71c,b4057f8eaaba,p1,2,1,True
lds-houston-edison-day-1,3,156,5722b17cc56c,b3571c18a4b2,p2,2,0,True
lds-houston-edison-day-1,3,157,3de8021a10cd,82b16d4b6e60,p1,1,0,True
lds-houston-edison-day-1,3,158,8ffceddc641c,70a5d728b647,p1,2,0,True
lds-houston-edison-day-1,3,159,910c90df211c,6008a656343b,p1,2,0,True
lds-houston-edison-day-1,3,160,dea7182ba4f7,c1831a67765f,p1,2,0,True
lds-houston-edison-day-1,3,161,5d12f551ca8b,8d31f25fcd4e,p2,2,0,True
lds-houston-edison-day-1,3,162,d2161f40c7f2,9ae145ec9fc5,p1,2,1,True
lds-houston-edison-day-1,3,163,00b12904615d,5a83c38ce612,p1,2,1,True
lds-houston-edison-day-1,3,164,1b47c6bb4c1b,b2345002e252,p2,2,1,True
lds-houston-edison-day-1,3,165,623a72e91ca4,8712b3365d85,p1,2,1,True
lds-houston-edison-day-1,3,166,7285198536aa,9f5be64ab777,p2,2,1,True
lds-houston-edison-day-1,3,167,017cb98bada8,c7016dfb5074,p1,2,0,True
lds-houston-edison-day-1,3,168,febf1d37b72d,9710628e54d3,p2,2,0,True
lds-houston-edison-day-1,3,169,772929ecfaf2,bc52125ec77f,p1,2,1,True
lds-houston-edison-day-1,3,170,6057f543b84e,6d5fdd6f0987,p2,1,0,True
lds-houston-edison-day-1,3,171,913ab2714733,9076816f94d4,p1,2,1,True
lds-houston-edison-day-1,3,172,9c7218cd153e,d6f6010ee792,p1,1,0,True
lds-houston-edison-day-1,3,173,c893e8805a5a,4e6251e5c6dd,p1,2,1,True
lds-houston-edison-day-1,3,174,701ea0d93ded,5846676a1355,p1,2,0,True
lds-houston-edison-day-1,3,175,325337ab0a48,02f18b71476d,p2,2,0,True
lds-houston-edison-day-1,3,176,35f0ebd48e47,5552bc640ff7,p2,1,0,True
lds-houston-edison-day-1,3,177,b0989c38776e,468c9f8625ca,p2,2,0,True
lds-houston-edison-day-1,3,178,ad0b25cc0d86,c0027d6935fa,p1,1,0,True
lds-houston-edison-day-1,3,179,ff53a616e62d,f7a4d7f9f9d8,p2,2,0,True
lds-houston-edison-day-1,3,180,17b76dbc3190,95e34b84740a,p2,2,1,True
lds-houston-edison-day-1,3,182,0fc658799f9b,33557a52c580,p1,2,0,True
lds-houston-edison-day-1,3,183,ca81f47d0037,fba1d28712a3,p1,2,0,True
lds-houston-edison-day-1,3,184,1f6038ae46c2,869ff630a155,p1,2,0,True
lds-houston-edison-day-1,3,185,678a958e6ee5,f06bcfc8fcb6,p2,1,0,True
lds-houston-edison-day-1,3,186,54ae8e50c923,6ce436430145,p2,2,0,True
lds-houston-edison-day-1,3,187,3af8ce5c7658,7c91f95eeb9f,p2,2,0,True
lds-houston-edison-day-1,3,188,01e71c70e5ca,7455bb448207,p1,2,0,True
lds-houston-edison-day-1,3,189,b41d2921a15d,cc81047a0b9d,p1,2,1,True
lds-houston-edison-day-1,3,190,84884157d2cb,f355f12c0bf6,p1,2,0,True
lds-houston-edison-day-1,3,191,aebe917a594f,2761f8b46dbb,p2,2,0,True
lds-houston-edison-day-1,3,192,ef8e7463fade,d4a1bea0708f,p1,2,0,True
lds-houston-edison-day-1,3,193,fd9a795d8ed5,6572bba713cd,p1,2,1,True
lds-houston-edison-day-1,3,194,7aa459810a40,c95b6ecd589e,p2,2,0,True
lds-houston-edison-day-1,3,195,4b0fbea19153,e8b3692fcd8f,p1,2,1,True
lds-houston-edison-day-1,3,196,8218345ffd48,9f666db15734,p2,2,0,False
lds-houston-edison-day-1,3,197,5bb6657562bb,042fc0f50279,p1,2,0,True
lds-houston-edison-day-1,3,198,c091cbbf0478,4ea5448fc994,p2,2,0,True
lds-houston-edison-day-1,3,199,8e5f7d673f81,ce09cb4099e5,p2,1,0,True
lds-houston-edison-day-1,3,200,c46956ecf5eb,2bb904cad22f,p1,2,0,True
lds-houston-edison-day-1,3,201,7744617154a3,5a92e077d22d,p1,2,0,True
lds-houston-edison-day-1,3,202,f8a1b00333a9,4ffd57cb4042,p1,2,1,True
lds-houston-edison-day-1,3,203,ba46f1139cf9,b0857e840d01,p1,2,0,True
lds-houston-edison-day-1,3,204,4bda317093b3,9641a9f266ec,p2,2,0,True
lds-houston-edison-day-1,3,205,76fff86361c4,aee47a9d0029,p2,2,1,True
lds-houston-edison-day-1,3,206,d6bf3b1bd747,3bf72a6d4543,p2,2,0,True
lds-houston-edison-day-1,3,207,b4df57e035a5,fab6a518f7b5,p1,2,1,True
lds-houston-edison-day-1,3,208,a9d505df22ad,3d4bd7052415,p1,2,1,True
lds-houston-edison-day-1,3,209,8e53014d3de5,5373ce7543a1,p1,2,0,True
lds-houston-edison-day-1,3,210,7d22d8a41f0c,ae2642fd760a,p2,2,0,True
lds-houston-edison-day-1,3,211,d81d7adf4d8c,25b67346f877,p2,2,1,True
lds-houston-edison-day-1,3,212,9f6392eb1b8a,73efd1efc9ba,p2,2,0,True
lds-houston-edison-day-1,3,213,3fcfb4dfa1aa,006c323f4b6a,p2,2,0,True
lds-houston-edison-day-1,3,214,0031632dece4,20d8234b0c65,p2,2,0,True
lds-houston-edison-day-1,3,215,43540dcd4777,0cb9151f745d,p1,2,0,True
lds-houston-edison-day-1,3,216,0fe6e5865ca1,3e1464d3a876,p1,2,1,True
lds-houston-edison-day-1,3,217,ff9fb1ac860c,d8046b94b60a,p1,2,0,True
lds-houston-edison-day-1,3,218,a2f27f4f14c7,f8f5b9f73db4,p1,2,1,True
lds-houston-edison-day-1,3,219,d5a4e0699dc2,cc3af05e17c7,p2,2,1,True
lds-houston-edison-day-1,3,220,32d362b987e5,bb0959807b3f,p1,2,0,True
lds-houston-edison-day-1,3,221,1616b9e73fa7,a43fc0423209,p2,2,0,True
lds-houston-edison-day-1,4,1,2bb3f635c17f,060a67d975c1,p2,1,0,True
lds-houston-edison-day-1,4,2,73ff19531018,52d8f7542383,p1,2,0,True
lds-houston-edison-day-1,4,3,70963ad9307c,79391828a6f7,p2,2,1,True
lds-houston-edison-day-1,4,4,d796463b9232,c272b2ce6aa7,p2,1,0,True
lds-houston-edison-day-1,4,5,024a565a42df,d329ea8885b0,p2,2,0,True
lds-houston-edison-day-1,4,6,62719e683e9e,32e21f89a3c3,p1,2,1,True
lds-houston-edison-day-1,4,7,a64360a2ea4c,f6cc95f1a1c5,p2,1,0,True
lds-houston-edison-day-1,4,8,7d288f1061e7,d663b2fb2e1d,p2,2,0,True
lds-houston-edison-day-1,4,9,2e458b91f31c,6e175fcac7e0,p2,2,1,True
lds-houston-edison-day-1,4,10,8aef376031c6,390ddd2625cb,p2,2,0,True
lds-houston-edison-day-1,4,11,c8d609a3808c,949c68b0d8fb,p2,1,0,True
lds-houston-edison-day-1,4,12,a7047aa48887,8ecccde3ee8b,p2,2,0,True
lds-houston-edison-day-1,4,13,01d59b2a39bf,11c8063e7656,p1,2,0,True
lds-houston-edison-day-1,4,14,5412c2ad2811,b935c691ab27,p2,2,0,True
lds-houston-edison-day-1,4,15,f7c2d330018b,f0523278867b,p2,1,0,True
lds-houston-edison-day-1,4,16,6fd1797b4060,e4ad853bfad3,p2,2,1,True
lds-houston-edison-day-1,4,17,cb269e2b35fd,bb788fa627be,p2,1,0,True
lds-houston-edison-day-1,4,18,0fe6e5865ca1,7a088642a696,p2,1,0,True
lds-houston-edison-day-1,4,19,1b78ed5f99f5,dc97220b7e3d,p1,2,1,True
lds-houston-edison-day-1,4,20,6fc04fa45310,ac90a5b36925,p1,2,1,True
lds-houston-edison-day-1,4,21,25a24d9c974f,40b592fd463f,p2,2,1,True
lds-houston-edison-day-1,4,22,090ea08a2eaa,c91309a5e309,p2,2,1,True
lds-houston-edison-day-1,4,23,c53354b569f0,fa8f3e2419ec,p1,2,0,True
lds-houston-edison-day-1,4,24,6c5e9063e179,0c9454f5e263,p2,2,1,True
lds-houston-edison-day-1,4,25,b09affa72191,a5f1e8f02675,p1,2,0,True
lds-houston-edison-day-1,4,26,95020390796f,caf5061e38c7,p1,1,0,True
lds-houston-edison-day-1,4,27,8cdccf31a81b,e91e9edf1d85,p2,1,0,True
lds-houston-edison-day-1,4,28,446dfdff5e10,82f967d03f35,p2,2,0,True
lds-houston-edison-day-1,4,29,46a8772e0f17,5fc761cd39de,p1,2,1,True
lds-houston-edison-day-1,4,30,f8b528b8a9fa,c666980a8397,p1,2,1,True
lds-houston-edison-day-1,4,31,9f5be64ab777,00b12904615d,p2,2,1,True
lds-houston-edison-day-1,4,32,7e542ecfbd09,cf8526fb8791,p1,1,0,True
lds-houston-edison-day-1,4,33,7482f7ca33cf,f75387341819,p2,2,0,True
lds-houston-edison-day-1,4,34,ad497da844e5,8058320be7d5,p2,2,0,True
lds-houston-edison-day-1,4,35,9c7218cd153e,ca2ea3ff5107,p2,1,0,True
lds-houston-edison-day-1,4,36,33bd1760a4b0,5e038658c1b4,p1,2,1,True
lds-houston-edison-day-1,4,37,2df1028eac97,80739436fe31,p1,2,1,True
lds-houston-edison-day-1,4,38,262f516216af,91c297bafb71,p2,2,1,True
lds-houston-edison-day-1,4,39,8e5619f3af12,21fc3a443aea,p1,2,0,True
lds-houston-edison-day-1,4,40,ad2cd1823182,910c90df211c,p2,2,0,True
lds-houston-edison-day-1,4,41,6c494a3737af,b243da9569b1,p2,2,0,False
lds-houston-edison-day-1,4,42,35efd7eb2d42,9f4d14e4df33,p1,2,1,True
lds-houston-edison-day-1,4,43,0696077f858e,d945323b2690,p1,1,0,True
lds-houston-edison-day-1,4,44,dea7182ba4f7,f37c8c08061f,p2,2,0,True
lds-houston-edison-day-1,4,45,ab5ca9e1a1bd,ec00c290ab90,p2,1,0,True
lds-houston-edison-day-1,4,46,9bbeab961a9a,1c6bdf55e329,p1,2,0,True
lds-houston-edison-day-1,4,47,8d4cd2b7f60c,e98a9370fd6e,p2,2,0,True
lds-houston-edison-day-1,4,48,f573147d6f8b,e251676d5517,p1,2,0,True
lds-houston-edison-day-1,4,49,3bb1a39e6020,623a72e91ca4,p1,2,0,True
lds-houston-edison-day-1,4,50,40037573fa19,daeebdee1a10,p2,2,0,True
lds-houston-edison-day-1,4,51,e82d7d02189d,5616c04896d4,p2,2,1,True
lds-houston-edison-day-1,4,52,188880d67ae0,99a7d06e3252,p1,2,0,True
lds-houston-edison-day-1,4,53,daf2eb170a1a,89d029a90bb9,p2,2,0,True
lds-houston-edison-day-1,4,54,bc9cd455f270,1efc65455f87,p1,2,1,True
lds-houston-edison-day-1,4,55,c605f96bddf1,614545ca1ca1,p1,2,1,True
lds-houston-edison-day-1,4,56,36829fbb422b,3695ef2bf362,p2,2,0,True
lds-houston-edison-day-1,4,57,104ed1396046,017cb98bada8,p2,2,0,True
lds-houston-edison-day-1,4,58,038998b32557,c7bd4aa6a4f4,p1,2,0,True
lds-houston-edison-day-1,4,59,ba195ca9b6c5,1a277084c298,p1,2,0,True
lds-houston-edison-day-1,4,60,c24faccd21ff,7ec2b9bfc51a,p1,2,1,True
lds-houston-edison-day-1,4,61,0b8497809ee0,1f1f7ec86bbf,p2,2,0,True
lds-houston-edison-day-1,4,62,35f9379205a2,470b749315fc,p2,2,1,True
lds-houston-edison-day-1,4,63,dc0afa2f0c07,e55e7207b828,p1,2,0,True
lds-houston-edison-day-1,4,64,0129ea6cc821,9f2ad69db71c,p1,2,0,True
lds-houston-edison-day-1,4,65,aadd9ab893a3,356e2ad79c33,p1,2,0,True
lds-houston-edison-day-1,4,66,5935ceac72b9,15852732052c,p1,1,0,True
lds-houston-edison-day-1,4,67,30720b28dd5b,e4d70639a15d,p1,2,0,True
lds-houston-edison-day-1,4,68,f7180d1d00f8,f9eb71dfa231,p2,2,1,True
lds-houston-edison-day-1,4,69,a71cdc90461f,05e5ba483a7d,p1,2,1,True
lds-houston-edison-day-1,4,70,772929ecfaf2,dd462d01e9fc,p1,2,1,True
lds-houston-edison-day-1,4,71,9710628e54d3,2ec7c90d1b56,p2,2,1,True
lds-houston-edison-day-1,4,72,b1af61d63c9c,b3571c18a4b2,p1,2,0,True
lds-houston-edison-day-1,4,73,35590aee2fb1,cec60fd2e8b7,p2,1,0,True
lds-houston-edison-day-1,4,74,b2345002e252,d43afa6910a8,p2,2,0,True
lds-houston-edison-day-1,4,75,b55effc68f1a,75d6a26cf124,p2,2,1,True
lds-houston-edison-day-1,4,76,d8dd12fba0d6,7db8aac69d64,p1,2,1,True
lds-houston-edison-day-1,4,77,5ebd3402b256,55436152ef2e,p1,2,0,True
lds-houston-edison-day-1,4,78,5edbd46f6522,4e90363f7a4c,p2,2,1,True
lds-houston-edison-day-1,4,79,f14c73eab821,e4ccfe197137,p1,2,0,True
lds-houston-edison-day-1,4,80,3a327ef065cd,e08e896e4247,p1,1,0,True
lds-houston-edison-day-1,4,81,f553bec37c37,8ffceddc641c,p1,2,1,True
lds-houston-edison-day-1,4,82,c7009eff338a,166a8fbc687a,p1,2,1,True
lds-houston-edison-day-1,4,83,fb5d1c675f4d,a18eba778906,p1,2,1,True
lds-houston-edison-day-1,4,84,a380ea7c3d2b,71e5e1126c4e,p1,2,0,True
lds-houston-edison-day-1,4,85,f30800e67a98,72a6dd8dae27,p2,2,1,True
lds-houston-edison-day-1,4,86,d2161f40c7f2,31c8e0762d75,p2,2,1,True
lds-houston-edison-day-1,4,87,f3dced33d0f8,d3f9f7744afc,p1,2,0,True
lds-houston-edison-day-1,4,88,8d31f25fcd4e,132fa60ef657,p1,2,0,True
lds-houston-edison-day-1,4,89,62c0bd30844c,399d605c4211,p2,2,1,True
lds-houston-edison-day-1,4,90,6b20d6889c27,1fc54e68a899,p2,2,0,True
lds-houston-edison-day-1,4,91,487588b704e1,7f0e1b6aba55,p2,2,0,True
lds-houston-edison-day-1,4,92,3de8021a10cd,b2c12cfcd67d,p1,2,0,True
lds-houston-edison-day-1,4,93,825673197636,dcf680c41c54,p2,2,1,True
lds-houston-edison-day-1,4,94,3a32f29ade79,40ffe46abf47,p1,2,0,True
lds-houston-edison-day-1,4,95,4e57b5ddab85,1af081e083d0,p2,1,0,True
lds-houston-edison-day-1,4,96,38b0eefafb1d,10826367e6a9,p1,2,0,True
lds-houston-edison-day-1,4,97,bcc62bd21172,c1d4cc03e5fb,p1,2,0,True
lds-houston-edison-day-1,4,98,878d8f1fa050,f4edd0cafab0,p1,2,0,True
lds-houston-edison-day-1,4,99,b802db20836b,c841d98292a9,p1,1,0,True
lds-houston-edison-day-1,4,100,7f15a76b7061,3e4b8384dafe,p2,2,1,True
lds-houston-edison-day-1,4,101,90f95142f37a,a3ff9eb48285,p2,1,0,True
lds-houston-edison-day-1,4,102,3eba500f72b1,2f845101cf5a,p2,1,0,True
lds-houston-edison-day-1,4,103,221ecb14ef82,9df587203aa4,p2,2,1,True
lds-houston-edison-day-1,4,104,61e9316496e2,ba44726a2396,p1,2,0,True
lds-houston-edison-day-1,4,105,913ab2714733,8ff0a0647a60,p1,2,0,True
lds-houston-edison-day-1,4,106,a76c2cf5b19b,797b482d32a1,p1,2,1,True
lds-houston-edison-day-1,4,107,e52e67cd8a85,cf83ad58a92a,p1,2,0,True
lds-houston-edison-day-1,4,108,b572ae09fa00,ec078c010dd2,p2,1,0,True
lds-houston-edison-day-1,4,109,6845c06ad1f8,6d5fdd6f0987,p2,1,0,True
lds-houston-edison-day-1,4,110,9497b43b3f96,5a1fc49e132b,p2,2,1,True
lds-houston-edison-day-1,4,111,d6c0e2b510e8,2eb39d29e5cc,p2,2,0,True
lds-houston-edison-day-1,4,112,7e3d4ed38b0f,9049ee96f981,p1,2,1,True
lds-houston-edison-day-1,4,113,e53cebf37f8a,9472437147f3,p1,2,0,True
lds-houston-edison-day-1,4,114,a74c6973110e,2ceacba6f284,p2,2,0,True
lds-houston-edison-day-1,4,115,5dc5a42e2e53,aa6a1126d789,p2,2,0,True
lds-houston-edison-day-1,4,116,5e196cec56fb,f06bcfc8fcb6,p1,1,0,True
lds-houston-edison-day-1,4,117,5d12f551ca8b,6008a656343b,p1,2,1,True
lds-houston-edison-day-1,4,118,8c7d73532a71,453b128973ca,p1,2,0,True
lds-houston-edison-day-1,4,119,a7cb0508c46d,7d68e2b4a861,p2,2,0,True
lds-houston-edison-day-1,4,120,6eb625081bc1,0eaaf222f52c,p2,1,0,True
lds-houston-edison-day-1,4,121,9641a9f266ec,9da56f40a898,p1,2,1,True
lds-houston-edison-day-1,4,122,f8a1b00333a9,5368a004f170,p1,2,1,True
lds-houston-edison-day-1,4,123,701ea0d93ded,a3e89211f53a,p2,2,1,True
lds-houston-edison-day-1,4,124,a2f27f4f14c7,ad0b25cc0d86,p1,2,1,True
lds-houston-edison-day-1,4,125,8712b3365d85,c46956ecf5eb,p1,2,1,True
lds-houston-edison-day-1,4,126,a9d505df22ad,8db315c4df51,p1,2,1,True
lds-houston-edison-day-1,4,127,678a958e6ee5,b1d541d4726d,p1,2,1,True
lds-houston-edison-day-1,4,128,1f5486eabf09,4b0fbea19153,p2,2,1,True
lds-houston-edison-day-1,4,129,7365e572be82,ccacb880d181,p1,2,0,True
lds-houston-edison-day-1,4,130,17a6042ba188,485b7fb16f5a,p1,2,0,True
lds-houston-edison-day-1,4,131,e07258880b71,fd9a795d8ed5,p2,2,1,True
lds-houston-edison-day-1,4,132,c893e8805a5a,32d362b987e5,p2,2,1,True
lds-houston-edison-day-1,4,133,91e759464fdf,8e53014d3de5,p1,2,1,True
lds-houston-edison-day-1,4,134,0ff8ce385d1c,b3ff0521e38a,p2,2,0,True
lds-houston-edison-day-1,4,135,ca81f47d0037,955d900660c0,p1,2,0,True
lds-houston-edison-day-1,4,136,f14c47a5c9f1,54bdf0e60ae6,p1,2,0,True
lds-houston-edison-day-1,4,137,c7016dfb5074,803519189b65,p1,2,1,True
lds-houston-edison-day-1,4,138,20f437348cad,29987471b114,p1,2,1,True
lds-houston-edison-day-1,4,139,5e6fdcf399c5,cc3af05e17c7,p2,2,1,True
lds-houston-edison-day-1,4,140,1f6038ae46c2,87f01ec81bb0,p1,2,0,True
lds-houston-edison-day-1,4,141,87a292e4409f,afc6827dbf0c,p2,2,1,True
lds-houston-edison-day-1,4,142,f7a4d7f9f9d8,8532a5bb8ff0,p1,2,0,True
lds-houston-edison-day-1,4,143,a48ce2a4fd44,b41d2921a15d,p1,2,1,True
lds-houston-edison-day-1,4,144,afba95cb0d8f,73efd1efc9ba,p1,2,0,True
lds-houston-edison-day-1,4,145,391b44b46cda,d640281b4ea2,p1,2,1,True
lds-houston-edison-day-1,4,146,05acf6c79c01,706c5bfa8cc4,p1,1,0,True
lds-houston-edison-day-1,4,147,c367c76f87c4,7c91f95eeb9f,p1,2,0,True
lds-houston-edison-day-1,4,148,b6e69893fba7,c73632f79d6a,p1,2,1,True
lds-houston-edison-day-1,4,149,70a5d728b647,468c9f8625ca,p2,2,1,True
lds-houston-edison-day-1,4,150,ae2642fd760a,4ea5448fc994,p1,2,0,True
lds-houston-edison-day-1,4,151,02f18b71476d,c773504f7f2b,p1,2,0,True
lds-houston-edison-day-1,4,152,2c00adf891a0,43540dcd4777,p1,2,1,True
lds-houston-edison-day-1,4,153,d3b5ca6fbef5,92f7cf5706e1,p1,2,1,True
lds-houston-edison-day-1,4,154,e36ee64542d7,b4df57e035a5,p1,2,0,True
lds-houston-edison-day-1,4,155,0cf634bb9245,6057f543b84e,p1,2,0,True
lds-houston-edison-day-1,4,156,5bb6657562bb,9f666db15734,p2,2,1,True
lds-houston-edison-day-1,4,157,3d403a88235d,96694444678a,p2,2,0,True
lds-houston-edison-day-1,4,158,7744617154a3,95e34b84740a,p1,2,0,True
lds-houston-edison-day-1,4,159,6a36fe436352,ef8e7463fade,p1,2,0,True
lds-houston-edison-day-1,4,160,e4220229ac70,2761f8b46dbb,p2,2,1,True
lds-houston-edison-day-1,4,161,6ce436430145,ff9fb1ac860c,p2,2,0,True
lds-houston-edison-day-1,4,162,ce09cb4099e5,febf1d37b72d,p1,1,0,True
lds-houston-edison-day-1,4,163,fcca093a3bd0,2e1ae0b7d36e,p1,2,0,True
lds-houston-edison-day-1,4,164,b4057f8eaaba,0863233677dc,p2,2,0,True
lds-houston-edison-day-1,4,165,3bf72a6d4543,03f0b4804304,p1,2,0,True
lds-houston-edison-day-1,4,166,aee47a9d0029,b2182b6a8656,p2,1,0,True
lds-houston-edison-day-1,4,167,c95b6ecd589e,a1682594fae5,p2,2,1,True
lds-houston-edison-day-1,4,168,2aa0fd6f13ef,5552bc640ff7,p2,2,1,True
lds-houston-edison-day-1,4,169,d8b163b44d87,9076816f94d4,p1,2,0,True
lds-houston-edison-day-1,4,170,006c323f4b6a,2403fb0fde6a,p2,2,0,True
lds-houston-edison-day-1,4,171,9ae145ec9fc5,33867c721806,p2,2,0,True
lds-houston-edison-day-1,4,172,8aebda5474d1,5d64d885335f,p1,1,0,True
lds-houston-edison-day-1,4,173,82b16d4b6e60,a4d06f1f0c9f,p2,1,0,True
lds-houston-edison-day-1,4,174,ad8859a4c10f,2f1035b313d6,p1,2,1,True
lds-houston-edison-day-1,4,175,63bee714a39e,27574271ef6c,p2,2,0,True
lds-houston-edison-day-1,4,176,fa70c1087ff8,c1831a67765f,p1,2,1,True
lds-houston-edison-day-1,4,177,20d8234b0c65,bc52125ec77f,p1,2,1,True
lds-houston-edison-day-1,4,178,a177e2344ca2,9cbd0d64a2e0,p2,2,1,True
lds-houston-edison-day-1,4,179,456e31785e2f,356994514937,p2,1,0,True
lds-houston-edison-day-1,4,180,ba46f1139cf9,ce6c0c4ac603,p1,2,0,True
lds-houston-edison-day-1,4,181,421f9109a1d8,5b6edee4a0e2,p1,2,1,True
lds-houston-edison-day-1,4,182,0fc658799f9b,a43fc0423209,p2,2,0,True
lds-houston-edison-day-1,4,183,00d6e9a9fbbc,84884157d2cb,p2,2,0,True
lds-houston-edison-day-1,4,184,81420824f27a,94983d9e4bca,p1,2,0,True
lds-houston-edison-day-1,4,185,01e71c70e5ca,aa155a5e7eef,p2,2,1,True
lds-houston-edison-day-1,4,186,869ff630a155,76fff86361c4,p1,2,0,True
lds-houston-edison-day-1,4,187,bb0959807b3f,4ffd57cb4042,p1,2,0,True
lds-houston-edison-day-1,4,188,d6f6010ee792,aebe917a594f,p1,2,0,True
lds-houston-edison-day-1,4,189,b0989c38776e,3fcfb4dfa1aa,p1,1,0,True
lds-houston-edison-day-1,4,190,5a92e077d22d,5846676a1355,p1,1,0,True
lds-houston-edison-day-1,4,191,4e6251e5c6dd,2bb904cad22f,p2,2,0,True
lds-houston-edison-day-1,4,192,cc81047a0b9d,d5a4e0699dc2,p1,2,0,True
lds-houston-edison-day-1,4,193,54ae8e50c923,b0857e840d01,p2,2,0,True
lds-houston-edison-day-1,4,194,5373ce7543a1,3d4bd7052415,p1,2,0,True
lds-houston-edison-day-1,4,195,0031632dece4,7455bb448207,p2,2,0,True
lds-houston-edison-day-1,4,196,325337ab0a48,17b76dbc3190,p2,2,0,True
lds-houston-edison-day-1,4,197,8e5f7d673f81,c091cbbf0478,p1,2,0,True
lds-houston-edison-day-1,4,198,9f6392eb1b8a,6572bba713cd,p1,1,0,True
lds-houston-edison-day-1,4,199,f8f5b9f73db4,c0027d6935fa,p1,2,0,True
lds-houston-edison-day-1,4,200,4bda317093b3,ff53a616e62d,p2,2,0,True
lds-houston-edison-day-1,4,201,7aa459810a40,d6bf3b1bd747,p2,2,0,True
lds-houston-edison-day-1,5,1,73ff19531018,e4ad853bfad3,p2,2,1,True
lds-houston-edison-day-1,5,2,46a8772e0f17,c53354b569f0,p2,2,0,True
lds-houston-edison-day-1,5,3,e91e9edf1d85,8ecccde3ee8b,p2,2,0,True
lds-houston-edison-day-1,5,4,bb788fa627be,b09affa72191,p2,2,0,True
lds-houston-edison-day-1,5,5,79391828a6f7,f6cc95f1a1c5,p1,2,1,True
lds-houston-edison-day-1,5,6,6e175fcac7e0,949c68b0d8fb,p2,1,0,True
lds-houston-edison-day-1,5,7,40b592fd463f,95020390796f,p2,2,0,True
lds-houston-edison-day-1,5,8,d663b2fb2e1d,f0523278867b,p2,1,0,True
lds-houston-edison-day-1,5,9,c272b2ce6aa7,82f967d03f35,p2,2,0,True
lds-houston-edison-day-1,5,10,1b78ed5f99f5,fcca093a3bd0,p2,2,0,True
lds-houston-edison-day-1,5,11,01d59b2a39bf,b935c691ab27,p1,2,0,True
lds-houston-edison-day-1,5,12,c91309a5e309,390ddd2625cb,p2,2,1,True
lds-houston-edison-day-1,5,13,060a67d975c1,0c9454f5e263,p1,2,1,True
lds-houston-edison-day-1,5,14,62719e683e9e,d329ea8885b0,p2,2,1,True
lds-houston-edison-day-1,5,15,6fc04fa45310,8d31f25fcd4e,p1,2,0,True
lds-houston-edison-day-1,5,16,0129ea6cc821,33bd1760a4b0,p2,2,1,True
lds-houston-edison-day-1,5,17,5935ceac72b9,91c297bafb71,p1,2,0,True
lds-houston-edison-day-1,5,18,e36ee64542d7,7a088642a696,p1,1,0,True
lds-houston-edison-day-1,5,19,ac90a5b36925,1f1f7ec86bbf,p1,2,0,True
lds-houston-edison-day-1,5,20,446dfdff5e10,d8dd12fba0d6,p1,1,0,True
lds-houston-edison-day-1,5,21,fa8f3e2419ec,f37c8c08061f,p1,2,1,True
lds-houston-edison-day-1,5,22,2ec7c90d1b56,cb269e2b35fd,p2,2,1,True
lds-houston-edison-day-1,5,23,399d605c4211,9bbeab961a9a,p1,2,0,True
lds-houston-edison-day-1,5,24,72a6dd8dae27,35efd7eb2d42,p2,2,0,True
lds-houston-edison-day-1,5,25,3bb1a39e6020,dc97220b7e3d,p1,2,1,True
lds-houston-edison-day-1,5,26,dc0afa2f0c07,89d029a90bb9,p1,2,0,True
lds-houston-edison-day-1,5,27,c605f96bddf1,cec60fd2e8b7,p1,2,1,True
lds-houston-edison-day-1,5,28,2f845101cf5a,f573147d6f8b,p2,2,0,True
lds-houston-edison-day-1,5,29,772929ecfaf2,024a565a42df,p1,2,1,True
lds-houston-edison-day-1,5,30,1fc54e68a899,2bb3f635c17f,p2,1,0,True
lds-houston-edison-day-1,5,31,3de8021a10cd,a7047aa48887,p1,2,1,True
lds-houston-edison-day-1,5,32,75d6a26cf124,caf5061e38c7,p2,1,0,True
lds-houston-edison-day-1,5,33,e53cebf37f8a,ca2ea3ff5107,p2,1,0,True
lds-houston-edison-day-1,5,34,fb5d1c675f4d,1af081e083d0,p2,1,0,True
lds-houston-edison-day-1,5,35,00b12904615d,913ab2714733,p1,2,0,True
lds-houston-edison-day-1,5,36,5412c2ad2811,f3dced33d0f8,p1,2,0,True
lds-houston-edison-day-1,5,37,f553bec37c37,6d5fdd6f0987,p1,2,0,True
lds-houston-edison-day-1,5,38,30720b28dd5b,e98a9370fd6e,p2,2,0,True
lds-houston-edison-day-1,5,39,dcf680c41c54,9df587203aa4,p2,2,1,True
lds-houston-edison-day-1,5,40,d796463b9232,f8b528b8a9fa,p2,2,1,True
lds-houston-edison-day-1,5,41,f14c73eab821,7e3d4ed38b0f,p2,2,0,True
lds-houston-edison-day-1,5,42,a64360a2ea4c,8aef376031c6,p1,2,0,True
lds-houston-edison-day-1,5,43,188880d67ae0,e52e67cd8a85,p1,2,0,True
lds-houston-edison-day-1,5,44,7d288f1061e7,b802db20836b,p2,1,0,True
lds-houston-edison-day-1,5,45,52d8f7542383,ba195ca9b6c5,p1,2,1,True
lds-houston-edison-day-1,5,46,f7c2d330018b,7e542ecfbd09,p2,2,0,True
lds-houston-edison-day-1,5,47,7f0e1b6aba55,a3ff9eb48285,p2,1,0,True
lds-houston-edison-day-1,5,48,61e9316496e2,0696077f858e,p2,1,0,True
lds-houston-edison-day-1,5,49,70963ad9307c,3695ef2bf362,p2,2,0,True
lds-houston-edison-day-1,5,50,5fc761cd39de,2ceacba6f284,p2,2,1,True
lds-houston-edison-day-1,5,51,6fd1797b4060,a380ea7c3d2b,p2,2,1,True
lds-houston-edison-day-1,5,52,bcc62bd21172,2e1ae0b7d36e,p2,2,1,True
lds-houston-edison-day-1,5,53,4e90363f7a4c,b1af61d63c9c,p2,2,0,True
lds-houston-edison-day-1,5,54,f75387341819,aa6a1126d789,p2,2,1,True
lds-houston-edison-day-1,5,55,2df1028eac97,2eb39d29e5cc,p1,2,0,True
lds-houston-edison-day-1,5,56,a76c2cf5b19b,d43afa6910a8,p2,2,1,True
lds-houston-edison-day-1,5,57,878d8f1fa050,c8d609a3808c,p2,1,0,True
lds-houston-edison-day-1,5,58,38b0eefafb1d,5a1fc49e132b,p2,2,1,True
lds-houston-edison-day-1,5,59,910c90df211c,8cdccf31a81b,p1,1,0,True
lds-houston-edison-day-1,5,60,aadd9ab893a3,5616c04896d4,p1,2,0,True
lds-houston-edison-day-1,5,61,c7009eff338a,31c8e0762d75,p1,2,1,True
lds-houston-edison-day-1,5,62,038998b32557,bc9cd455f270,p2,2,0,True
lds-houston-edison-day-1,5,63,5ebd3402b256,c24faccd21ff,p2,2,1,True
lds-houston-edison-day-1,5,64,daeebdee1a10,32e21f89a3c3,p2,2,1,True
lds-houston-edison-day-1,5,65,6c5e9063e179,3a32f29ade79,p1,2,1,True
lds-houston-edison-day-1,5,66,090ea08a2eaa,a71cdc90461f,p2,2,1,True
lds-houston-edison-day-1,5,67,2e458b91f31c,11c8063e7656,p1,1,0,True
lds-houston-edison-day-1,5,68,8e5619f3af12,470b749315fc,p2,1,0,True
lds-houston-edison-day-1,5,69,8058320be7d5,3a327ef065cd,p1,2,0,True
lds-houston-edison-day-1,5,70,f9eb71dfa231,ec00c290ab90,p2,1,0,True
lds-houston-edison-day-1,5,71,017cb98bada8,b243da9569b1,p2,2,1,True
lds-houston-edison-day-1,5,72,25a24d9c974f,3e4b8384dafe,p1,2,1,True
lds-houston-edison-day-1,5,73,487588b704e1,b2c12cfcd67d,p2,2,0,True
lds-houston-edison-day-1,5,74,9cbd0d64a2e0,468c9f8625ca,p1,2,0,True
lds-houston-edison-day-1,5,75,35590aee2fb1,d8b163b44d87,p1,2,1,True
lds-houston-edison-day-1,5,76,262f516216af,f4edd0cafab0,p1,2,0,True
lds-houston-edison-day-1,5,77,90f95142f37a,5d12f551ca8b,p2,2,1,True
lds-houston-edison-day-1,5,78,7d68e2b4a861,ff9fb1ac860c,p2,2,0,True
lds-houston-edison-day-1,5,79,aa155a5e7eef,afba95cb0d8f,p1,2,0,True
lds-houston-edison-day-1,5,80,9f4d14e4df33,f14c47a5c9f1,p2,2,1,True
lds-houston-edison-day-1,5,81,614545ca1ca1,b2345002e252,p2,2,0,True
lds-houston-edison-day-1,5,82,fa70c1087ff8,a4d06f1f0c9f,p1,1,0,True
lds-houston-edison-day-1,5,83,a1682594fae5,9641a9f266ec,p1,2,1,True
lds-houston-edison-day-1,5,84,678a958e6ee5,391b44b46cda,p1,2,1,True
lds-houston-edison-day-1,5,85,20f437348cad,f7a4d7f9f9d8,p1,2,1,True
lds-houston-edison-day-1,5,86,27574271ef6c,05e5ba483a7d,p1,2,0,True
lds-houston-edison-day-1,5,87,2403fb0fde6a,ba46f1139cf9,p2,2,1,True
lds-houston-edison-day-1,5,88,7ec2b9bfc51a,6c494a3737af,p2,2,1,False
lds-houston-edison-day-1,5,89,7744617154a3,e82d7d02189d,p1,2,0,True
lds-houston-edison-day-1,5,90,17a6042ba188,8c7d73532a71,p2,2,0,True
lds-houston-edison-day-1,5,91,40ffe46abf47,c7bd4aa6a4f4,p1,1,0,True
lds-houston-edison-day-1,5,92,9c7218cd153e,35f9379205a2,p2,2,0,True
lds-houston-edison-day-1,5,93,421f9109a1d8,cf83ad58a92a,p1,2,0,True
lds-houston-edison-day-1,5,94,5552bc640ff7,b3ff0521e38a,p2,2,0,True
lds-houston-edison-day-1,5,95,91e759464fdf,0cf634bb9245,p2,2,0,True
lds-houston-edison-day-1,5,96,a18eba778906,4b0fbea19153,p1,2,1,True
lds-houston-edison-day-1,5,97,9f5be64ab777,99a7d06e3252,p1,2,1,True
lds-houston-edison-day-1,5,98,0863233677dc,104ed1396046,p2,2,1,True
lds-houston-edison-day-1,5,99,ae2642fd760a,9f2ad69db71c,p2,2,1,True
lds-houston-edison-day-1,5,100,05acf6c79c01,a9d505df22ad,p1,1,0,True
lds-houston-edison-day-1,5,101,55436152ef2e,2c00adf891a0,p2,2,0,True
lds-houston-edison-day-1,5,102,5e196cec56fb,221ecb14ef82,p1,1,0,True
lds-houston-edison-day-1,5,103,9f666db15734,21fc3a443aea,p1,2,0,True
lds-houston-edison-day-1,5,104,84884157d2cb,b3571c18a4b2,p1,2,0,True
lds-houston-edison-day-1,5,105,20d8234b0c65,d3b5ca6fbef5,p2,2,0,True
lds-houston-edison-day-1,5,106,a5f1e8f02675,ec078c010dd2,p2,1,0,True
lds-houston-edison-day-1,5,107,7db8aac69d64,3eba500f72b1,p2,1,0,True
lds-houston-edison-day-1,5,108,6845c06ad1f8,b572ae09fa00,p2,2,0,True
lds-houston-edison-day-1,5,109,825673197636,dea7182ba4f7,p2,2,0,True
lds-houston-edison-day-1,5,110,e251676d5517,a43fc0423209,p2,1,0,True
lds-houston-edison-day-1,5,111,e08e896e4247,32d362b987e5,p2,2,1,True
lds-houston-edison-day-1,5,112,b2182b6a8656,132fa60ef657,p2,2,0,True
lds-houston-edison-day-1,5,113,e4d70639a15d,c367c76f87c4,p1,2,1,True
lds-houston-edison-day-1,5,114,dd462d01e9fc,8d4cd2b7f60c,p2,2,0,True
lds-houston-edison-day-1,5,115,36829fbb422b,afc6827dbf0c,p1,2,0,True
lds-houston-edison-day-1,5,116,7f15a76b7061,e4ccfe197137,p2,2,1,True
lds-houston-edison-day-1,5,117,0eaaf222f52c,c666980a8397,p1,1,0,True
lds-houston-edison-day-1,5,118,356994514937,d6c0e2b510e8,p2,1,0,True
lds-houston-edison-day-1,5,119,623a72e91ca4,ad8859a4c10f,p2,2,1,True
lds-houston-edison-day-1,5,120,ad497da844e5,c7016dfb5074,p1,2,1,True
lds-houston-edison-day-1,5,121,62c0bd30844c,9472437147f3,p1,2,0,True
lds-houston-edison-day-1,5,122,6a36fe436352,b6e69893fba7,p2,2,0,True
lds-houston-edison-day-1,5,123,8ffceddc641c,81420824f27a,p2,2,0,True
lds-houston-edison-day-1,5,124,15852732052c,f30800e67a98,p1,1,0,True
lds-houston-edison-day-1,5,125,a48ce2a4fd44,7365e572be82,p1,2,0,True
lds-houston-edison-day-1,5,126,d2161f40c7f2,ba44726a2396,p2,1,0,True
lds-houston-edison-day-1,5,127,40037573fa19,0b8497809ee0,p2,2,0,True
lds-houston-edison-day-1,5,128,9049ee96f981,2761f8b46dbb,p2,2,0,True
lds-houston-edison-day-1,5,129,8712b3365d85,9497b43b3f96,p2,2,0,True
lds-houston-edison-day-1,5,130,d945323b2690,f8a1b00333a9,p1,2,0,True
lds-houston-edison-day-1,5,131,356e2ad79c33,a2f27f4f14c7,p1,2,0,True
lds-houston-edison-day-1,5,132,cf8526fb8791,10826367e6a9,p1,1,0,True
lds-houston-edison-day-1,5,133,a3e89211f53a,8aebda5474d1,p2,1,0,True
lds-houston-edison-day-1,5,134,daf2eb170a1a,8ff0a0647a60,p2,2,0,True
lds-houston-edison-day-1,5,135,80739436fe31,d3f9f7744afc,p2,2,0,True
lds-houston-edison-day-1,5,136,6b20d6889c27,b55effc68f1a,p1,2,0,True
lds-houston-edison-day-1,5,137,5e038658c1b4,02f18b71476d,p1,2,0,True
lds-houston-edison-day-1,5,138,1efc65455f87,e55e7207b828,p2,1,0,True
lds-houston-edison-day-1,5,139,1f6038ae46c2,96694444678a,p2,2,0,True
lds-houston-edison-day-1,5,140,fd9a795d8ed5,ce09cb4099e5,p1,2,0,True
lds-houston-edison-day-1,5,141,4e57b5ddab85,ca81f47d0037,p2,2,0,True
lds-houston-edison-day-1,5,142,7482f7ca33cf,1a277084c298,p2,2,0,True
lds-houston-edison-day-1,5,143,9710628e54d3,f7180d1d00f8,p2,2,0,True
lds-houston-edison-day-1,5,144,c1d4cc03e5fb,5dc5a42e2e53,p1,2,0,True
lds-houston-edison-day-1,5,145,71e5e1126c4e,797b482d32a1,p2,1,0,True
lds-houston-edison-day-1,5,146,3bf72a6d4543,cc3af05e17c7,p1,2,0,True
lds-houston-edison-day-1,5,147,33867c721806,ab5ca9e1a1bd,p2,1,0,True
lds-houston-edison-day-1,5,148,a74c6973110e,5d64d885335f,p1,2,0,True
lds-houston-edison-day-1,5,149,3d403a88235d,b41d2921a15d,p1,2,0,True
lds-houston-edison-day-1,5,150,0fc658799f9b,9f6392eb1b8a,p2,1,0,True
lds-houston-edison-day-1,5,151,706c5bfa8cc4,f8f5b9f73db4,p2,2,0,True
lds-houston-edison-day-1,5,152,9da56f40a898,d640281b4ea2,p2,1,0,True
lds-houston-edison-day-1,5,153,ccacb880d181,8532a5bb8ff0,p2,2,0,True
lds-houston-edison-day-1,5,154,8e53014d3de5,c1831a67765f,p1,2,0,True
lds-houston-edison-day-1,5,155,b4df57e035a5,955d900660c0,p2,2,0,True
lds-houston-edison-day-1,5,156,5368a004f170,b0857e840d01,p1,2,0,True
lds-houston-edison-day-1,5,157,5a92e077d22d,a7cb0508c46d,p1,2,0,True
lds-houston-edison-day-1,5,158,6057f543b84e,bc52125ec77f,p1,2,0,True
lds-houston-edison-day-1,5,159,54bdf0e60ae6,43540dcd4777,p2,2,0,True
lds-houston-edison-day-1,5,160,febf1d37b72d,0ff8ce385d1c,p2,2,0,True
lds-houston-edison-day-1,5,161,87a292e4409f,00d6e9a9fbbc,p2,2,0,True
lds-houston-edison-day-1,5,162,2bb904cad22f,456e31785e2f,p2,1,0,True
lds-houston-edison-day-1,5,163,006c323f4b6a,7c91f95eeb9f,p1,2,0,True
lds-houston-edison-day-1,5,164,73efd1efc9ba,17b76dbc3190,p2,2,0,True
lds-houston-edison-day-1,5,165,5373ce7543a1,03f0b4804304,p2,2,0,True
lds-houston-edison-day-1,5,166,29987471b114,cc81047a0b9d,p1,2,1,True
lds-houston-edison-day-1,5,169,5b6edee4a0e2,e07258880b71,p2,2,1,True
lds-houston-edison-day-1,5,170,b0989c38776e,0fe6e5865ca1,p1,1,0,True
lds-houston-edison-day-1,5,171,1f5486eabf09,b1d541d4726d,p2,2,0,True
lds-houston-edison-day-1,5,172,ce6c0c4ac603,aee47a9d0029,p1,2,1,True
lds-houston-edison-day-1,5,173,87f01ec81bb0,92f7cf5706e1,draw,,,True
lds-houston-edison-day-1,5,174,01e71c70e5ca,63bee714a39e,p2,2,0,True
lds-houston-edison-day-1,5,175,2aa0fd6f13ef,869ff630a155,p2,2,0,True
lds-houston-edison-day-1,5,176,9ae145ec9fc5,7455bb448207,p1,2,0,True
lds-houston-edison-day-1,5,177,c73632f79d6a,c893e8805a5a,p2,2,0,True
lds-houston-edison-day-1,5,178,bb0959807b3f,76fff86361c4,p1,2,0,True
lds-houston-edison-day-1,5,179,5846676a1355,4e6251e5c6dd,p1,1,0,True
lds-houston-edison-day-1,6,1,95020390796f,79391828a6f7,p2,2,1,True
lds-houston-edison-day-1,6,2,fcca093a3bd0,c53354b569f0,p2,2,1,True
lds-houston-edison-day-1,6,3,390ddd2625cb,82f967d03f35,p1,2,1,True
lds-houston-edison-day-1,6,4,f0523278867b,e4ad853bfad3,p1,1,0,True
lds-houston-edison-day-1,6,5,b09affa72191,949c68b0d8fb,p2,2,1,True
lds-houston-edison-day-1,6,6,01d59b2a39bf,8ecccde3ee8b,p2,2,0,True
lds-houston-edison-day-1,6,7,6fc04fa45310,d329ea8885b0,p2,2,0,True
lds-houston-edison-day-1,6,8,060a67d975c1,c272b2ce6aa7,p2,1,0,True
lds-houston-edison-day-1,6,9,2df1028eac97,ca2ea3ff5107,p2,2,1,True
lds-houston-edison-day-1,6,10,ec078c010dd2,f8b528b8a9fa,p1,1,0,True
lds-houston-edison-day-1,6,11,b1af61d63c9c,188880d67ae0,p2,2,1,True
lds-houston-edison-day-1,6,12,a71cdc90461f,25a24d9c974f,p1,2,1,True
lds-houston-edison-day-1,6,13,5935ceac72b9,7e542ecfbd09,p1,2,1,True
lds-houston-edison-day-1,6,14,0696077f858e,d43afa6910a8,p1,1,0,True
lds-houston-edison-day-1,6,15,2e458b91f31c,910c90df211c,p1,1,0,True
lds-houston-edison-day-1,6,16,b935c691ab27,b802db20836b,p1,2,1,True
lds-houston-edison-day-1,6,17,446dfdff5e10,46a8772e0f17,p1,1,0,True
lds-houston-edison-day-1,6,18,9df587203aa4,caf5061e38c7,p2,1,0,True
lds-houston-edison-day-1,6,19,c605f96bddf1,f6cc95f1a1c5,p1,2,1,True
lds-houston-edison-day-1,6,20,f553bec37c37,bc9cd455f270,p2,2,0,True
lds-houston-edison-day-1,6,21,d663b2fb2e1d,c8d609a3808c,p2,1,0,True
lds-houston-edison-day-1,6,22,35efd7eb2d42,c91309a5e309,p2,2,0,True
lds-houston-edison-day-1,6,23,470b749315fc,5a1fc49e132b,p2,2,1,True
lds-houston-edison-day-1,6,24,52d8f7542383,3bb1a39e6020,p2,2,0,True
lds-houston-edison-day-1,6,25,bb788fa627be,6e175fcac7e0,p1,1,0,True
lds-houston-edison-day-1,6,26,33bd1760a4b0,40b592fd463f,p2,2,1,True
lds-houston-edison-day-1,6,27,2bb3f635c17f,b243da9569b1,p1,1,0,True
lds-houston-edison-day-1,6,28,ec00c290ab90,32e21f89a3c3,p1,1,0,True
lds-houston-edison-day-1,6,29,1b78ed5f99f5,c24faccd21ff,p1,2,1,True
lds-houston-edison-day-1,6,30,f573147d6f8b,cb269e2b35fd,p1,2,0,True
lds-houston-edison-day-1,6,31,399d605c4211,62719e683e9e,p2,2,0,True
lds-houston-edison-day-1,6,32,a3ff9eb48285,73ff19531018,p2,2,0,True
lds-houston-edison-day-1,6,33,a380ea7c3d2b,aa6a1126d789,p1,2,0,True
lds-houston-edison-day-1,6,34,772929ecfaf2,ac90a5b36925,p2,2,0,True
lds-houston-edison-day-1,6,35,aadd9ab893a3,3de8021a10cd,p1,2,1,True
lds-houston-edison-day-1,6,36,00b12904615d,fa8f3e2419ec,p1,2,0,True
lds-houston-edison-day-1,6,37,3695ef2bf362,a64360a2ea4c,p1,2,1,True
lds-houston-edison-day-1,6,38,6c5e9063e179,e91e9edf1d85,p1,2,0,True
lds-houston-edison-day-1,6,39,8058320be7d5,e98a9370fd6e,p1,2,0,True
lds-houston-edison-day-1,6,40,c7009eff338a,1af081e083d0,p1,2,1,True
lds-houston-edison-day-1,6,41,2ceacba6f284,0c9454f5e263,p1,2,0,True
lds-houston-edison-day-1,6,42,dc0afa2f0c07,2e1ae0b7d36e,p2,2,0,True
lds-houston-edison-day-1,6,43,5412c2ad2811,7e3d4ed38b0f,p2,2,0,True
lds-houston-edison-day-1,6,44,a74c6973110e,aa155a5e7eef,p1,2,0,True
lds-houston-edison-day-1,6,45,6d5fdd6f0987,0cf634bb9245,p1,1,0,True
lds-houston-edison-day-1,6,46,3a32f29ade79,356e2ad79c33,p1,2,0,True
lds-houston-edison-day-1,6,47,dcf680c41c54,d3b5ca6fbef5,p1,2,1,True
lds-houston-edison-day-1,6,48,20f437348cad,7744617154a3,p1,2,1,True
lds-houston-edison-day-1,6,49,1f1f7ec86bbf,f75387341819,p1,2,0,True
lds-houston-edison-day-1,6,50,3a327ef065cd,8aebda5474d1,p1,2,0,True
lds-houston-edison-day-1,6,51,b2345002e252,f14c73eab821,p1,2,0,True
lds-houston-edison-day-1,6,52,d945323b2690,ba195ca9b6c5,p2,2,0,True
lds-houston-edison-day-1,6,53,40ffe46abf47,9cbd0d64a2e0,p2,2,0,True
lds-houston-edison-day-1,6,54,cec60fd2e8b7,35f9379205a2,p1,2,0,True
lds-houston-edison-day-1,6,55,797b482d32a1,a18eba778906,p2,1,0,True
lds-houston-edison-day-1,6,56,32d362b987e5,61e9316496e2,p1,2,1,True
lds-houston-edison-day-1,6,57,ba44726a2396,fb5d1c675f4d,p2,2,1,True
lds-houston-edison-day-1,6,58,024a565a42df,dc97220b7e3d,p1,2,1,True
lds-houston-edison-day-1,6,59,2ec7c90d1b56,8e5619f3af12,p1,2,0,True
lds-houston-edison-day-1,6,60,8d4cd2b7f60c,3e4b8384dafe,p1,2,0,True
lds-houston-edison-day-1,6,61,038998b32557,ab5ca9e1a1bd,p2,1,0,True
lds-houston-edison-day-1,6,62,15852732052c,75d6a26cf124,p1,1,0,True
lds-houston-edison-day-1,6,63,ba46f1139cf9,a76c2cf5b19b,p2,2,0,True
lds-houston-edison-day-1,6,64,f3dced33d0f8,a43fc0423209,p2,2,0,True
lds-houston-edison-day-1,6,65,30720b28dd5b,ff9fb1ac860c,p2,2,0,True
lds-houston-edison-day-1,6,66,9bbeab961a9a,ad8859a4c10f,p1,2,0,True
lds-houston-edison-day-1,6,67,fa70c1087ff8,5e038658c1b4,p2,2,1,True
lds-houston-edison-day-1,6,68,5616c04896d4,913ab2714733,p2,2,0,True
lds-houston-edison-day-1,6,69,7f0e1b6aba55,2761f8b46dbb,p2,2,0,True
lds-houston-edison-day-1,6,70,bcc62bd21172,f37c8c08061f,p1,2,1,True
lds-houston-edison-day-1,6,71,b3ff0521e38a,8d31f25fcd4e,p2,2,0,True
lds-houston-edison-day-1,6,72,f9eb71dfa231,132fa60ef657,p2,2,1,True
lds-houston-edison-day-1,6,73,090ea08a2eaa,6c494a3737af,p1,2,0,False
lds-houston-edison-day-1,6,74,31c8e0762d75,36829fbb422b,p1,2,1,True
lds-houston-edison-day-1,6,75,d6c0e2b510e8,35590aee2fb1,p1,2,0,True
lds-houston-edison-day-1,6,76,70963ad9307c,3bf72a6d4543,p2,2,0,True
lds-houston-edison-day-1,6,77,0b8497809ee0,c1d4cc03e5fb,p2,2,1,True
lds-houston-edison-day-1,6,78,e53cebf37f8a,017cb98bada8,p1,2,0,True
lds-houston-edison-day-1,6,79,a48ce2a4fd44,81420824f27a,p2,2,0,True
lds-houston-edison-day-1,6,80,05acf6c79c01,262f516216af,p1,1,0,True
lds-houston-edison-day-1,6,81,8ff0a0647a60,d3f9f7744afc,p1,2,0,True
lds-houston-edison-day-1,6,82,9f2ad69db71c,8aef376031c6,p2,2,1,True
lds-houston-edison-day-1,6,83,daeebdee1a10,a1682594fae5,p2,2,1,True
lds-houston-edison-day-1,6,84,678a958e6ee5,2f845101cf5a,p2,1,0,True
lds-houston-edison-day-1,6,85,7d288f1061e7,6fd1797b4060,p2,1,0,True
lds-houston-edison-day-1,6,86,72a6dd8dae27,e52e67cd8a85,p1,2,1,True
lds-houston-edison-day-1,6,87,2eb39d29e5cc,27574271ef6c,p2,2,1,True
lds-houston-edison-day-1,6,88,5fc761cd39de,b2c12cfcd67d,p2,2,0,True
lds-houston-edison-day-1,6,89,4e90363f7a4c,f7180d1d00f8,p1,2,1,True
lds-houston-edison-day-1,6,90,dea7182ba4f7,fd9a795d8ed5,p2,2,1,True
lds-houston-edison-day-1,6,91,878d8f1fa050,ca81f47d0037,p2,2,0,True
lds-houston-edison-day-1,6,92,11c8063e7656,e55e7207b828,p1,1,0,True
lds-houston-edison-day-1,6,93,0129ea6cc821,5ebd3402b256,p2,2,1,True
lds-houston-edison-day-1,6,94,f14c47a5c9f1,2c00adf891a0,p1,2,0,True
lds-houston-edison-day-1,6,95,9497b43b3f96,9f5be64ab777,p2,2,0,True
lds-houston-edison-day-1,6,96,421f9109a1d8,1fc54e68a899,p2,2,0,True
lds-houston-edison-day-1,6,97,91c297bafb71,d8dd12fba0d6,p2,2,0,True
lds-houston-edison-day-1,6,98,e4d70639a15d,cf8526fb8791,p1,1,0,True
lds-houston-edison-day-1,6,99,6b20d6889c27,89d029a90bb9,p2,1,0,True
lds-houston-edison-day-1,6,100,ad497da844e5,104ed1396046,p1,1,0,True
lds-houston-edison-day-1,6,101,38b0eefafb1d,3eba500f72b1,p2,1,0,True
lds-houston-edison-day-1,6,102,62c0bd30844c,9f666db15734,p2,2,1,True
lds-houston-edison-day-1,6,103,b6e69893fba7,8c7d73532a71,p2,2,0,True
lds-houston-edison-day-1,6,104,84884157d2cb,e4ccfe197137,p2,2,0,True
lds-houston-edison-day-1,6,105,1a277084c298,5e196cec56fb,p1,1,0,True
lds-houston-edison-day-1,6,106,a5f1e8f02675,f7c2d330018b,p1,2,0,True
lds-houston-edison-day-1,6,107,5d12f551ca8b,0eaaf222f52c,p1,2,1,True
lds-houston-edison-day-1,6,108,e36ee64542d7,b572ae09fa00,p1,2,0,True
lds-houston-edison-day-1,6,109,a7047aa48887,96694444678a,p2,2,0,True
lds-houston-edison-day-1,6,110,8cdccf31a81b,9f4d14e4df33,p1,1,0,True
lds-houston-edison-day-1,6,111,17b76dbc3190,623a72e91ca4,p1,2,0,True
lds-houston-edison-day-1,6,112,5a92e077d22d,3d403a88235d,p1,2,1,True
lds-houston-edison-day-1,6,114,91e759464fdf,e07258880b71,p1,2,1,True
lds-houston-edison-day-1,6,115,1f6038ae46c2,f4edd0cafab0,p1,2,0,True
lds-houston-edison-day-1,6,116,03f0b4804304,7f15a76b7061,p2,2,1,True
lds-houston-edison-day-1,6,118,8e53014d3de5,006c323f4b6a,p1,2,0,True
lds-houston-edison-day-1,6,119,614545ca1ca1,9ae145ec9fc5,p2,2,0,True
lds-houston-edison-day-1,6,120,955d900660c0,a4d06f1f0c9f,p1,2,0,True
lds-houston-edison-day-1,6,121,afba95cb0d8f,63bee714a39e,p2,2,0,True
lds-houston-edison-day-1,6,122,00d6e9a9fbbc,456e31785e2f,p1,2,1,True
lds-houston-edison-day-1,6,123,1efc65455f87,8ffceddc641c,p1,1,0,True
lds-houston-edison-day-1,6,124,0ff8ce385d1c,b55effc68f1a,p2,2,0,True
lds-houston-edison-day-1,6,125,825673197636,356994514937,p1,2,0,True
lds-houston-edison-day-1,6,126,90f95142f37a,5552bc640ff7,p1,2,0,True
lds-houston-edison-day-1,6,127,9f6392eb1b8a,f8f5b9f73db4,p2,2,0,True
lds-houston-edison-day-1,6,128,b1d541d4726d,6057f543b84e,p2,2,0,True
lds-houston-edison-day-1,6,129,c666980a8397,ce6c0c4ac603,p2,2,0,True
lds-houston-edison-day-1,6,130,dd462d01e9fc,a2f27f4f14c7,p2,2,1,True
lds-houston-edison-day-1,6,131,05e5ba483a7d,5368a004f170,p2,2,0,True
lds-houston-edison-day-1,6,133,bb0959807b3f,71e5e1126c4e,p1,1,0,True
lds-houston-edison-day-1,6,134,29987471b114,d8b163b44d87,p2,2,0,True
lds-houston-edison-day-1,6,135,17a6042ba188,b0989c38776e,p1,2,0,True
lds-houston-edison-day-1,6,136,43540dcd4777,8712b3365d85,p1,2,0,True
lds-houston-edison-day-1,6,138,d640281b4ea2,c893e8805a5a,p1,2,0,True
lds-houston-edison-day-1,6,139,391b44b46cda,20d8234b0c65,p1,2,0,True
lds-houston-edison-day-1,6,140,afc6827dbf0c,7db8aac69d64,p2,2,0,True
lds-houston-edison-day-1,6,141,02f18b71476d,9641a9f266ec,p1,2,0,True
lds-houston-edison-day-1,6,142,9da56f40a898,1f5486eabf09,p2,2,0,True
lds-houston-edison-day-1,6,144,cc81047a0b9d,2bb904cad22f,p1,2,0,True
lds-houston-edison-day-1,6,151,b0857e840d01,2aa0fd6f13ef,p1,2,0,True
lds-houston-edison-day-1,6,152,5d64d885335f,4e6251e5c6dd,p1,1,0,True
lds-houston-edison-day-1,7,1,d329ea8885b0,8ecccde3ee8b,p1,2,0,True
lds-houston-edison-day-1,7,2,f0523278867b,79391828a6f7,p1,1,0,True
lds-houston-edison-day-1,7,3,c53354b569f0,949c68b0d8fb,p2,2,1,True
lds-houston-edison-day-1,7,4,390ddd2625cb,6c5e9063e179,p2,2,1,True
lds-houston-edison-day-1,7,5,f573147d6f8b,caf5061e38c7,p2,1,0,True
lds-houston-edison-day-1,7,6,00b12904615d,c272b2ce6aa7,p2,1,0,True
lds-houston-edison-day-1,7,7,a71cdc90461f,5a1fc49e132b,p2,2,0,True
lds-houston-edison-day-1,7,8,ca2ea3ff5107,446dfdff5e10,p1,1,0,True
lds-houston-edison-day-1,7,9,ec078c010dd2,bc9cd455f270,p2,2,0,True
lds-houston-edison-day-1,7,10,1b78ed5f99f5,c7009eff338a,p2,2,1,True
lds-houston-edison-day-1,7,11,fcca093a3bd0,c8d609a3808c,p1,2,0,True
lds-houston-edison-day-1,7,12,2ceacba6f284,95020390796f,p1,2,0,True
lds-houston-edison-day-1,7,13,e4ad853bfad3,2e1ae0b7d36e,p2,2,0,True
lds-houston-edison-day-1,7,14,2bb3f635c17f,73ff19531018,p1,1,0,True
lds-houston-edison-day-1,7,15,b09affa72191,5935ceac72b9,p1,2,0,True
lds-houston-edison-day-1,7,16,c605f96bddf1,8058320be7d5,p1,2,1,True
lds-houston-edison-day-1,7,17,82f967d03f35,6fc04fa45310,p2,2,1,True
lds-houston-edison-day-1,7,18,7e3d4ed38b0f,3bb1a39e6020,p1,2,0,True
lds-houston-edison-day-1,7,19,0696077f858e,01d59b2a39bf,p2,2,1,True
lds-houston-edison-day-1,7,20,ac90a5b36925,2e458b91f31c,p2,1,0,True
lds-houston-edison-day-1,7,21,40b592fd463f,bb788fa627be,p1,2,0,True
lds-houston-edison-day-1,7,22,a380ea7c3d2b,ec00c290ab90,p1,2,0,True
lds-houston-edison-day-1,7,23,c91309a5e309,62719e683e9e,p1,2,1,True
lds-houston-edison-day-1,7,24,3695ef2bf362,060a67d975c1,p2,1,0,True
lds-houston-edison-day-1,7,25,aadd9ab893a3,188880d67ae0,p2,2,1,True
lds-houston-edison-day-1,7,26,b935c691ab27,1f1f7ec86bbf,p1,2,1,True
lds-houston-edison-day-1,7,27,32e21f89a3c3,b2c12cfcd67d,p2,2,0,True
lds-houston-edison-day-1,7,28,9f666db15734,1fc54e68a899,p1,2,0,True
lds-houston-edison-day-1,7,29,c1d4cc03e5fb,2ec7c90d1b56,p2,2,1,True
lds-houston-edison-day-1,7,30,bcc62bd21172,132fa60ef657,p2,2,0,True
lds-houston-edison-day-1,7,31,3de8021a10cd,d43afa6910a8,p1,2,1,True
lds-houston-edison-day-1,7,32,f553bec37c37,a76c2cf5b19b,p1,2,1,True
lds-houston-edison-day-1,7,33,772929ecfaf2,3bf72a6d4543,p2,2,0,True
lds-houston-edison-day-1,7,34,913ab2714733,5d12f551ca8b,p1,2,1,True
lds-houston-edison-day-1,7,35,f14c47a5c9f1,ab5ca9e1a1bd,p2,1,0,True
lds-houston-edison-day-1,7,36,9f5be64ab777,a43fc0423209,p1,2,1,True
lds-houston-edison-day-1,7,37,3eba500f72b1,20f437348cad,p1,2,0,True
lds-houston-edison-day-1,7,38,1a277084c298,b802db20836b,p1,2,0,True
lds-houston-edison-day-1,7,39,2f845101cf5a,96694444678a,p2,1,0,True
lds-houston-edison-day-1,7,40,5412c2ad2811,a1682594fae5,p1,2,1,True
lds-houston-edison-day-1,7,41,52d8f7542383,6e175fcac7e0,p1,2,1,True
lds-houston-edison-day-1,7,42,8aef376031c6,35efd7eb2d42,p2,2,1,True
lds-houston-edison-day-1,7,43,8cdccf31a81b,33bd1760a4b0,p2,2,0,True
lds-houston-edison-day-1,7,44,e98a9370fd6e,8d31f25fcd4e,p1,2,0,True
lds-houston-edison-day-1,7,45,81420824f27a,ba195ca9b6c5,p1,2,1,True
lds-houston-edison-day-1,7,46,399d605c4211,fd9a795d8ed5,p1,2,1,True
lds-houston-edison-day-1,7,47,05acf6c79c01,8d4cd2b7f60c,p2,2,1,True
lds-houston-edison-day-1,7,48,3a327ef065cd,dc0afa2f0c07,p2,2,0,True
lds-houston-edison-day-1,7,49,3a32f29ade79,e4d70639a15d,p1,2,0,True
lds-houston-edison-day-1,7,50,72a6dd8dae27,aa6a1126d789,p1,2,0,True
lds-houston-edison-day-1,7,51,d663b2fb2e1d,7e542ecfbd09,p1,2,0,True
lds-houston-edison-day-1,7,52,27574271ef6c,910c90df211c,p2,2,0,True
lds-houston-edison-day-1,7,53,9df587203aa4,a18eba778906,p1,1,0,True
lds-houston-edison-day-1,7,54,e4ccfe197137,e53cebf37f8a,p2,2,1,True
lds-houston-edison-day-1,7,55,090ea08a2eaa,cec60fd2e8b7,p2,1,0,True
lds-houston-edison-day-1,7,56,b243da9569b1,1af081e083d0,p1,2,1,True
lds-houston-edison-day-1,7,57,89d029a90bb9,d8dd12fba0d6,p2,1,0,True
lds-houston-edison-day-1,7,58,9cbd0d64a2e0,11c8063e7656,p1,2,1,True
lds-houston-edison-day-1,7,59,15852732052c,25a24d9c974f,p1,1,0,True
lds-houston-edison-day-1,7,60,0c9454f5e263,a74c6973110e,p1,2,0,True
lds-houston-edison-day-1,7,61,4e90363f7a4c,2761f8b46dbb,p1,2,1,True
lds-houston-edison-day-1,7,62,6d5fdd6f0987,b1af61d63c9c,p2,2,0,True
lds-houston-edison-day-1,7,63,dcf680c41c54,f6cc95f1a1c5,p2,1,0,True
lds-houston-edison-day-1,7,64,a64360a2ea4c,a5f1e8f02675,p1,2,0,True
lds-houston-edison-day-1,7,65,32d362b987e5,fb5d1c675f4d,p1,2,1,True
lds-houston-edison-day-1,7,66,2df1028eac97,d6c0e2b510e8,p1,2,0,True
lds-houston-edison-day-1,7,67,8ff0a0647a60,e36ee64542d7,p2,2,0,True
lds-houston-edison-day-1,7,68,024a565a42df,5e038658c1b4,p1,2,1,True
lds-houston-edison-day-1,7,69,cb269e2b35fd,fa8f3e2419ec,p2,2,0,True
lds-houston-edison-day-1,7,70,b2345002e252,46a8772e0f17,p1,2,0,True
lds-houston-edison-day-1,7,71,31c8e0762d75,a3ff9eb48285,p2,1,0,True
lds-houston-edison-day-1,7,72,8c7d73532a71,ff9fb1ac860c,p2,2,1,True
lds-houston-edison-day-1,7,73,6fd1797b4060,e91e9edf1d85,p1,1,0,True
lds-houston-edison-day-1,7,74,ad497da844e5,ca81f47d0037,p1,1,0,True
lds-houston-edison-day-1,7,75,9bbeab961a9a,470b749315fc,p2,1,0,True
lds-houston-edison-day-1,7,76,f8b528b8a9fa,5ebd3402b256,p1,2,0,True
lds-houston-edison-day-1,7,77,91e759464fdf,90f95142f37a,p2,2,1,True
lds-houston-edison-day-1,7,78,8aebda5474d1,17b76dbc3190,p1,1,0,True
lds-houston-edison-day-1,7,79,75d6a26cf124,ba44726a2396,p2,2,0,True
lds-houston-edison-day-1,7,80,6057f543b84e,61e9316496e2,p1,2,0,True
lds-houston-edison-day-1,7,81,f9eb71dfa231,35590aee2fb1,p1,2,1,True
lds-houston-edison-day-1,7,82,9497b43b3f96,104ed1396046,p2,1,0,True
lds-houston-edison-day-1,7,83,038998b32557,955d900660c0,p2,2,0,True
lds-houston-edison-day-1,7,84,aa155a5e7eef,63bee714a39e,p2,2,0,True
lds-houston-edison-day-1,7,85,8e53014d3de5,d8b163b44d87,p1,2,0,True
lds-houston-edison-day-1,7,86,262f516216af,9ae145ec9fc5,p2,2,0,True
lds-houston-edison-day-1,7,87,17a6042ba188,a48ce2a4fd44,p2,2,0,True
lds-houston-edison-day-1,7,88,00d6e9a9fbbc,0cf634bb9245,p1,2,1,True
lds-houston-edison-day-1,7,89,43540dcd4777,f3dced33d0f8,p2,2,0,True
lds-houston-edison-day-1,7,91,6b20d6889c27,421f9109a1d8,p1,1,0,True
lds-houston-edison-day-1,7,92,825673197636,1efc65455f87,p1,2,0,True
lds-houston-edison-day-1,7,93,b55effc68f1a,d640281b4ea2,p2,2,0,True
lds-houston-edison-day-1,7,94,f8f5b9f73db4,b3ff0521e38a,p1,2,0,True
lds-houston-edison-day-1,7,95,2eb39d29e5cc,bb0959807b3f,p1,2,1,True
lds-houston-edison-day-1,7,96,d3f9f7744afc,02f18b71476d,draw,,,True
lds-houston-edison-day-1,7,97,7f15a76b7061,7db8aac69d64,p1,2,0,True
lds-houston-edison-day-1,7,98,1f6038ae46c2,0129ea6cc821,p2,2,0,True
lds-houston-edison-day-1,7,99,5616c04896d4,84884157d2cb,p1,2,0,True
lds-houston-edison-day-1,7,100,6c494a3737af,7744617154a3,p2,2,0,False
lds-houston-edison-day-1,7,101,dc97220b7e3d,3e4b8384dafe,p2,2,0,True
lds-houston-edison-day-1,7,102,ce6c0c4ac603,017cb98bada8,p1,2,0,True
lds-houston-edison-day-1,7,103,a2f27f4f14c7,5a92e077d22d,p1,2,0,True
lds-houston-edison-day-1,7,104,391b44b46cda,e52e67cd8a85,p1,2,0,True
lds-houston-edison-day-1,7,105,623a72e91ca4,e07258880b71,p2,2,1,True
lds-houston-edison-day-1,7,106,05e5ba483a7d,03f0b4804304,p2,2,0,True
lds-houston-edison-day-1,7,108,b0857e840d01,614545ca1ca1,p1,2,0,True
lds-houston-edison-day-1,7,109,c893e8805a5a,5d64d885335f,p2,2,0,True
lds-houston-edison-day-1,7,110,006c323f4b6a,356994514937,p1,2,0,True
lds-houston-edison-day-1,7,112,cc81047a0b9d,20d8234b0c65,p2,2,0,True
lds-houston-edison-day-1,7,113,f4edd0cafab0,456e31785e2f,p2,2,0,True
lds-houston-edison-day-1,7,114,76fff86361c4,4e6251e5c6dd,p1,1,0,True
lds-houston-edison-day-1,8,1,d329ea8885b0,949c68b0d8fb,p2,2,1,True
lds-houston-edison-day-1,8,2,f0523278867b,b09affa72191,p2,2,1,True
lds-houston-edison-day-1,8,3,6c5e9063e179,060a67d975c1,p1,1,0,True
lds-houston-edison-day-1,8,4,5a1fc49e132b,fcca093a3bd0,p2,2,0,True
lds-houston-edison-day-1,8,5,a380ea7c3d2b,188880d67ae0,p2,2,1,True
lds-houston-edison-day-1,8,6,2ceacba6f284,2bb3f635c17f,p1,1,0,True
lds-houston-edison-day-1,8,7,b935c691ab27,c272b2ce6aa7,p2,1,0,True
lds-houston-edison-day-1,8,8,c605f96bddf1,caf5061e38c7,p2,1,0,True
lds-houston-edison-day-1,8,9,c53354b569f0,390ddd2625cb,p1,2,0,True
lds-houston-edison-day-1,8,10,8ecccde3ee8b,ca2ea3ff5107,p1,2,0,True
lds-houston-edison-day-1,8,11,01d59b2a39bf,79391828a6f7,p1,2,1,True
lds-houston-edison-day-1,8,12,2e1ae0b7d36e,7e3d4ed38b0f,p1,2,1,True
lds-houston-edison-day-1,8,13,c7009eff338a,6fc04fa45310,p1,2,1,True
lds-houston-edison-day-1,8,14,2e458b91f31c,c91309a5e309,p1,1,0,True
lds-houston-edison-day-1,8,15,bc9cd455f270,40b592fd463f,p2,2,0,True
lds-houston-edison-day-1,8,16,446dfdff5e10,9cbd0d64a2e0,p1,1,0,True
lds-houston-edison-day-1,8,17,3bf72a6d4543,ff9fb1ac860c,p2,2,0,True
lds-houston-edison-day-1,8,18,ad497da844e5,b243da9569b1,p2,2,0,True
lds-houston-edison-day-1,8,19,8058320be7d5,1a277084c298,p2,2,0,True
lds-houston-edison-day-1,8,20,3a32f29ade79,024a565a42df,p1,2,1,True
lds-houston-edison-day-1,8,21,e98a9370fd6e,52d8f7542383,p1,2,0,True
lds-houston-edison-day-1,8,22,9f5be64ab777,9f666db15734,p2,2,1,True
lds-houston-edison-day-1,8,23,f8b528b8a9fa,5935ceac72b9,p2,2,1,True
lds-houston-edison-day-1,8,24,6fd1797b4060,2ec7c90d1b56,p1,1,0,True
lds-houston-edison-day-1,8,25,82f967d03f35,a71cdc90461f,p1,2,0,True
lds-houston-edison-day-1,8,26,f6cc95f1a1c5,4e90363f7a4c,p1,2,0,True
lds-houston-edison-day-1,8,27,e53cebf37f8a,35efd7eb2d42,p2,2,1,True
lds-houston-edison-day-1,8,28,b1af61d63c9c,c8d609a3808c,p1,2,1,True
lds-houston-edison-day-1,8,29,399d605c4211,00b12904615d,p1,2,1,True
lds-houston-edison-day-1,8,30,e4ad853bfad3,a64360a2ea4c,p2,2,0,True
lds-houston-edison-day-1,8,31,ab5ca9e1a1bd,1b78ed5f99f5,p1,1,0,True
lds-houston-edison-day-1,8,32,96694444678a,ac90a5b36925,p2,2,0,True
lds-houston-edison-day-1,8,33,b2345002e252,f553bec37c37,p1,2,1,True
lds-houston-edison-day-1,8,34,dc0afa2f0c07,3695ef2bf362,p2,2,1,True
lds-houston-edison-day-1,8,35,3bb1a39e6020,cec60fd2e8b7,p1,2,1,True
lds-houston-edison-day-1,8,36,b2c12cfcd67d,fa8f3e2419ec,p2,2,0,True
lds-houston-edison-day-1,8,37,913ab2714733,ec00c290ab90,p2,1,0,True
lds-houston-edison-day-1,8,38,aadd9ab893a3,72a6dd8dae27,p2,2,1,True
lds-houston-edison-day-1,8,39,3de8021a10cd,3eba500f72b1,p2,2,0,True
lds-houston-edison-day-1,8,40,f573147d6f8b,9df587203aa4,p2,2,1,True
lds-houston-edison-day-1,8,41,d8dd12fba0d6,32d362b987e5,p2,2,1,True
lds-houston-edison-day-1,8,42,e36ee64542d7,73ff19531018,p2,2,0,True
lds-houston-edison-day-1,8,43,62719e683e9e,132fa60ef657,p2,2,1,True
lds-houston-edison-day-1,8,44,5412c2ad2811,33bd1760a4b0,p1,1,0,True
lds-houston-edison-day-1,8,45,2df1028eac97,bb788fa627be,p1,2,1,True
lds-houston-edison-day-1,8,46,8d4cd2b7f60c,0c9454f5e263,p1,2,1,True
lds-houston-edison-day-1,8,47,95020390796f,a3ff9eb48285,p2,1,0,True
lds-houston-edison-day-1,8,48,ec078c010dd2,81420824f27a,p1,2,0,True
lds-houston-edison-day-1,8,49,0696077f858e,15852732052c,p2,1,0,True
lds-houston-edison-day-1,8,50,d663b2fb2e1d,470b749315fc,p2,1,0,True
lds-houston-edison-day-1,8,51,910c90df211c,3a327ef065cd,p1,2,0,True
lds-houston-edison-day-1,8,52,fd9a795d8ed5,7744617154a3,p2,2,1,True
lds-houston-edison-day-1,8,53,9ae145ec9fc5,6057f543b84e,p1,2,0,True
lds-houston-edison-day-1,8,54,8aef376031c6,2eb39d29e5cc,p2,2,0,True
lds-houston-edison-day-1,8,55,3e4b8384dafe,f3dced33d0f8,p1,2,0,True
lds-houston-edison-day-1,8,56,f9eb71dfa231,f14c47a5c9f1,p1,2,0,True
lds-houston-edison-day-1,8,58,8ff0a0647a60,8aebda5474d1,p2,1,0,True
lds-houston-edison-day-1,8,59,31c8e0762d75,ba195ca9b6c5,p2,2,1,True
lds-houston-edison-day-1,8,60,5d12f551ca8b,d43afa6910a8,p2,2,0,True
lds-houston-edison-day-1,8,61,6b20d6889c27,0129ea6cc821,p1,2,1,True
lds-houston-edison-day-1,8,62,00d6e9a9fbbc,1af081e083d0,p1,2,1,True
lds-houston-edison-day-1,8,63,90f95142f37a,05acf6c79c01,p1,2,1,True
lds-houston-edison-day-1,8,64,a1682594fae5,aa6a1126d789,p2,2,0,True
lds-houston-edison-day-1,8,65,8e53014d3de5,7e542ecfbd09,p2,2,0,True
lds-houston-edison-day-1,8,66,a48ce2a4fd44,8cdccf31a81b,p1,1,0,True
lds-houston-edison-day-1,8,67,ca81f47d0037,825673197636,p1,2,0,True
lds-houston-edison-day-1,8,68,f8f5b9f73db4,bcc62bd21172,p2,2,0,True
lds-houston-edison-day-1,8,69,2761f8b46dbb,391b44b46cda,p1,2,0,True
lds-houston-edison-day-1,8,70,32e21f89a3c3,e4d70639a15d,p2,2,0,True
lds-houston-edison-day-1,8,71,63bee714a39e,a2f27f4f14c7,p1,2,0,True
lds-houston-edison-day-1,8,72,27574271ef6c,fb5d1c675f4d,p2,2,0,True
lds-houston-edison-day-1,8,73,9bbeab961a9a,6d5fdd6f0987,p2,1,0,True
lds-houston-edison-day-1,8,74,d640281b4ea2,ba44726a2396,p1,2,0,True
lds-houston-edison-day-1,8,75,8d31f25fcd4e,104ed1396046,p1,2,0,True
lds-houston-edison-day-1,8,76,a5f1e8f02675,6e175fcac7e0,draw,,,True
lds-houston-edison-day-1,8,77,7f15a76b7061,5616c04896d4,p1,2,1,True
lds-houston-edison-day-1,8,78,a43fc0423209,cb269e2b35fd,p1,2,0,True
lds-houston-edison-day-1,8,79,955d900660c0,11c8063e7656,p2,2,0,True
lds-houston-edison-day-1,8,80,ce6c0c4ac603,1f1f7ec86bbf,p2,2,0,True
lds-houston-edison-day-1,8,82,02f18b71476d,35590aee2fb1,p1,2,0,True
lds-houston-edison-day-1,8,85,262f516216af,456e31785e2f,p2,2,0,True
lds-houston-edison-day-1,8,86,1f6038ae46c2,e52e67cd8a85,p2,2,0,True
lds-houston-edison-day-1,8,87,dc97220b7e3d,038998b32557,p1,2,0,True
lds-houston-edison-day-1,8,88,7db8aac69d64,9497b43b3f96,p1,2,0,True
lds-houston-edison-day-1,8,90,b0857e840d01,0cf634bb9245,p1,2,0,True
lds-houston-edison-day-1,8,91,e07258880b71,84884157d2cb,p1,2,0,True
lds-houston-edison-day-1,8,92,421f9109a1d8,5a92e077d22d,p2,2,0,True
lds-houston-edison-day-1,8,93,006c323f4b6a,b55effc68f1a,p1,2,0,True
lds-houston-edison-day-1,8,94,03f0b4804304,aa155a5e7eef,p1,2,0,True
lds-houston-edison-day-1,8,95,17b76dbc3190,d3f9f7744afc,p2,2,0,True
lds-houston-edison-day-1,8,96,91e759464fdf,43540dcd4777,p1,2,0,True
lds-houston-edison-day-1,9,1,949c68b0d8fb,caf5061e38c7,p1,2,1,True
lds-houston-edison-day-1,9,2,c53354b569f0,c7009eff338a,p2,2,1,True
lds-houston-edison-day-1,9,3,01d59b2a39bf,2e458b91f31c,p1,2,1,True
lds-houston-edison-day-1,9,4,6c5e9063e179,d329ea8885b0,p2,2,1,True
lds-houston-edison-day-1,9,5,188880d67ae0,f0523278867b,p1,2,0,True
lds-houston-edison-day-1,9,6,2ceacba6f284,8ecccde3ee8b,p2,2,0,True
lds-houston-edison-day-1,9,7,40b592fd463f,c272b2ce6aa7,p2,1,0,True
lds-houston-edison-day-1,9,8,2e1ae0b7d36e,b09affa72191,p2,2,1,True
lds-houston-edison-day-1,9,9,fcca093a3bd0,2df1028eac97,p2,2,1,True
lds-houston-edison-day-1,9,10,fa8f3e2419ec,b935c691ab27,p1,2,0,True
lds-houston-edison-day-1,9,11,ac90a5b36925,060a67d975c1,p2,1,0,True
lds-houston-edison-day-1,9,12,470b749315fc,5935ceac72b9,p1,1,0,True
lds-houston-edison-day-1,9,13,73ff19531018,79391828a6f7,p1,2,1,True
lds-houston-edison-day-1,9,14,c91309a5e309,72a6dd8dae27,p2,2,0,True
lds-houston-edison-day-1,9,15,ca2ea3ff5107,1a277084c298,p2,2,0,True
lds-houston-edison-day-1,9,16,b1af61d63c9c,3eba500f72b1,p1,2,1,True
lds-houston-edison-day-1,9,17,c605f96bddf1,7e3d4ed38b0f,p2,2,0,True
lds-houston-edison-day-1,9,18,3bb1a39e6020,35efd7eb2d42,p1,2,0,True
lds-houston-edison-day-1,9,19,6fc04fa45310,910c90df211c,p2,2,0,True
lds-houston-edison-day-1,9,20,5a1fc49e132b,8d4cd2b7f60c,p2,2,1,True
lds-houston-edison-day-1,9,21,446dfdff5e10,9df587203aa4,p2,2,1,True
lds-houston-edison-day-1,9,22,ff9fb1ac860c,390ddd2625cb,p2,2,1,True
lds-houston-edison-day-1,9,23,b243da9569b1,6fd1797b4060,p1,2,0,True
lds-houston-edison-day-1,9,24,a3ff9eb48285,2bb3f635c17f,p2,1,0,True
lds-houston-edison-day-1,9,25,32d362b987e5,ec078c010dd2,p2,1,0,True
lds-houston-edison-day-1,9,26,3695ef2bf362,15852732052c,p2,1,0,True
lds-houston-edison-day-1,9,27,b2345002e252,ec00c290ab90,p2,1,0,True
lds-houston-edison-day-1,9,28,9f666db15734,5412c2ad2811,p2,2,0,True
lds-houston-edison-day-1,9,29,399d605c4211,ab5ca9e1a1bd,p2,1,0,True
lds-houston-edison-day-1,9,30,f6cc95f1a1c5,e98a9370fd6e,p2,2,0,True
lds-houston-edison-day-1,9,31,bc9cd455f270,132fa60ef657,p1,2,0,True
lds-houston-edison-day-1,9,32,82f967d03f35,a380ea7c3d2b,p1,2,0,True
lds-houston-edison-day-1,9,33,a64360a2ea4c,3a32f29ade79,p2,2,1,True
lds-houston-edison-day-1,9,34,9cbd0d64a2e0,63bee714a39e,p1,2,1,True
lds-houston-edison-day-1,9,35,d43afa6910a8,f8b528b8a9fa,p2,2,0,True
lds-houston-edison-day-1,9,36,3e4b8384dafe,1f1f7ec86bbf,p1,2,0,True
lds-houston-edison-day-1,9,37,6b20d6889c27,2eb39d29e5cc,p1,2,1,True
lds-houston-edison-day-1,9,38,00d6e9a9fbbc,913ab2714733,p1,2,0,True
lds-houston-edison-day-1,9,39,a43fc0423209,d8dd12fba0d6,p1,1,0,True
lds-houston-edison-day-1,9,40,8aebda5474d1,aa6a1126d789,p1,1,0,True
lds-houston-edison-day-1,9,41,33bd1760a4b0,90f95142f37a,p2,2,0,True
lds-houston-edison-day-1,9,42,ad497da844e5,9ae145ec9fc5,draw,,,True
lds-houston-edison-day-1,9,43,1b78ed5f99f5,bcc62bd21172,p2,2,0,True
lds-houston-edison-day-1,9,44,024a565a42df,e4d70639a15d,p1,2,1,True
lds-houston-edison-day-1,9,45,3bf72a6d4543,0696077f858e,p2,1,0,True
lds-houston-edison-day-1,9,46,0c9454f5e263,f9eb71dfa231,p2,2,0,True
lds-houston-edison-day-1,9,47,7744617154a3,3de8021a10cd,p2,2,0,True
lds-houston-edison-day-1,9,48,aadd9ab893a3,a48ce2a4fd44,p2,2,0,True
lds-houston-edison-day-1,9,49,8058320be7d5,fb5d1c675f4d,p1,2,0,True
lds-houston-edison-day-1,9,50,d640281b4ea2,9f5be64ab777,p2,1,0,True
lds-houston-edison-day-1,9,51,e36ee64542d7,8d31f25fcd4e,p2,2,0,True
lds-houston-edison-day-1,9,52,7f15a76b7061,e53cebf37f8a,p1,2,0,True
lds-houston-edison-day-1,9,53,a71cdc90461f,2761f8b46dbb,p1,2,1,True
lds-houston-edison-day-1,9,54,62719e683e9e,6d5fdd6f0987,p1,1,0,True
lds-houston-edison-day-1,9,55,96694444678a,ba195ca9b6c5,p1,2,0,True
lds-houston-edison-day-1,9,56,4e90363f7a4c,11c8063e7656,p1,2,1,True
lds-houston-edison-day-1,9,57,c8d609a3808c,7e542ecfbd09,p1,1,0,True
lds-houston-edison-day-1,9,58,ca81f47d0037,00b12904615d,p1,2,0,True
lds-houston-edison-day-1,9,59,52d8f7542383,95020390796f,p2,1,0,True
lds-houston-edison-day-1,9,60,f573147d6f8b,456e31785e2f,p2,2,0,True
lds-houston-edison-day-1,9,61,f3dced33d0f8,03f0b4804304,p1,2,0,True
lds-houston-edison-day-1,9,63,8ff0a0647a60,e52e67cd8a85,p2,2,0,True
lds-houston-edison-day-1,9,65,391b44b46cda,9bbeab961a9a,p1,2,0,True
lds-houston-edison-day-1,9,66,5616c04896d4,d3f9f7744afc,p2,2,0,True
lds-houston-edison-day-1,9,69,0129ea6cc821,955d900660c0,p1,2,0,True
lds-houston-edison-day-1,9,70,ce6c0c4ac603,a1682594fae5,p1,2,0,True
lds-houston-edison-day-1,9,71,825673197636,104ed1396046,p2,2,1,True
lds-houston-edison-day-1,9,73,6057f543b84e,91e759464fdf,p1,2,0,True
lds-houston-edison-day-1,9,74,e07258880b71,02f18b71476d,p2,2,0,True
lds-houston-edison-day-1,9,76,b0857e840d01,7db8aac69d64,p1,2,0,True
lds-houston-edison-day-1,9,77,17b76dbc3190,84884157d2cb,p1,2,0,True
lds-houston-edison-day-1,9,79,35590aee2fb1,4e6251e5c6dd,p1,2,0,True
lds-houston-edison-day-1,Finals,1,949c68b0d8fb,c272b2ce6aa7,p1,2,0,True
lds-houston-edison-day-1,Top 16,1,949c68b0d8fb,060a67d975c1,p1,2,1,True
lds-houston-edison-day-1,Top 16,2,ec078c010dd2,c53354b569f0,p2,2,1,True
lds-houston-edison-day-1,Top 16,3,01d59b2a39bf,2e1ae0b7d36e,p2,2,0,True
lds-houston-edison-day-1,Top 16,4,c7009eff338a,f0523278867b,p2,1,0,True
lds-houston-edison-day-1,Top 16,5,8ecccde3ee8b,2e458b91f31c,p2,1,0,True
lds-houston-edison-day-1,Top 16,6,fa8f3e2419ec,6c5e9063e179,p2,2,0,True
lds-houston-edison-day-1,Top 16,7,c272b2ce6aa7,fcca093a3bd0,p1,1,0,True
lds-houston-edison-day-1,Top 16,8,3a32f29ade79,390ddd2625cb,p2,2,1,True
lds-houston-edison-day-1,Top 32,1,949c68b0d8fb,73ff19531018,p1,2,1,True
lds-houston-edison-day-1,Top 32,2,2ceacba6f284,060a67d975c1,p2,1,0,True
lds-houston-edison-day-1,Top 32,3,188880d67ae0,ec078c010dd2,p2,1,0,True
lds-houston-edison-day-1,Top 32,4,c53354b569f0,7e3d4ed38b0f,p1,2,1,True
lds-houston-edison-day-1,Top 32,5,01d59b2a39bf,40b592fd463f,p1,2,0,True
lds-houston-edison-day-1,Top 32,6,2e1ae0b7d36e,caf5061e38c7,p1,2,1,True
lds-houston-edison-day-1,Top 32,7,c7009eff338a,5412c2ad2811,p1,2,1,True
lds-houston-edison-day-1,Top 32,8,f0523278867b,1a277084c298,p1,1,0,True
lds-houston-edison-day-1,Top 32,9,82f967d03f35,2e458b91f31c,p2,2,0,True
lds-houston-edison-day-1,Top 32,10,8ecccde3ee8b,3bb1a39e6020,p1,2,0,True
lds-houston-edison-day-1,Top 32,11,6c5e9063e179,b1af61d63c9c,p1,2,1,True
lds-houston-edison-day-1,Top 32,12,d329ea8885b0,fa8f3e2419ec,p2,2,1,True
lds-houston-edison-day-1,Top 32,13,2bb3f635c17f,fcca093a3bd0,p2,1,0,True
lds-houston-edison-day-1,Top 32,14,c272b2ce6aa7,470b749315fc,p1,1,0,True
lds-houston-edison-day-1,Top 32,15,ec00c290ab90,390ddd2625cb,p2,2,1,True
lds-houston-edison-day-1,Top 32,16,b09affa72191,3a32f29ade79,p2,2,0,True
lds-houston-edison-day-1,Top 4,1,949c68b0d8fb,f0523278867b,p1,2,0,True
lds-houston-edison-day-1,Top 4,2,c272b2ce6aa7,2e458b91f31c,p1,2,0,True
lds-houston-edison-day-1,Top 8,1,949c68b0d8fb,c53354b569f0,p1,2,0,True
lds-houston-edison-day-1,Top 8,2,2e1ae0b7d36e,f0523278867b,p2,2,0,True
lds-houston-edison-day-1,Top 8,3,6c5e9063e179,2e458b91f31c,p2,2,0,True
lds-houston-edison-day-1,Top 8,4,390ddd2625cb,c272b2ce6aa7,p2,1,0,True
wolfdog-edison-weekly-6,1,1,4fc65517e5ff,65728f2eb9b3,p1,2,0,False
wolfdog-edison-weekly-6,1,2,3bcc848ab257,a71d7566a6d6,p2,2,0,False
wolfdog-edison-weekly-6,1,3,fa4d9b733dd6,b15bee688551,p1,2,0,False
wolfdog-edison-weekly-6,1,4,70f0a6d87d63,0f6b8baa73b0,p1,2,1,False
wolfdog-edison-weekly-6,2,1,a71d7566a6d6,fa4d9b733dd6,p2,2,1,False
wolfdog-edison-weekly-6,2,2,4fc65517e5ff,70f0a6d87d63,p2,2,0,False
wolfdog-edison-weekly-6,2,3,3bcc848ab257,65728f2eb9b3,p2,2,0,False
wolfdog-edison-weekly-6,2,4,b15bee688551,0f6b8baa73b0,p2,2,1,False
wolfdog-edison-weekly-6,3,1,fa4d9b733dd6,70f0a6d87d63,p2,2,0,False
wolfdog-edison-weekly-6,3,2,a71d7566a6d6,4fc65517e5ff,p1,2,0,False
wolfdog-edison-weekly-6,3,3,0f6b8baa73b0,65728f2eb9b3,p1,2,0,False
wolfdog-edison-weekly-6,3,4,3bcc848ab257,b15bee688551,p2,2,1,False
friday-ygo,1,1,0e29dbe47aa9,e057ca2e1371,p1,2,0,False
friday-ygo,1,2,7d9b020abf5a,cad81cf1d088,p2,2,0,False
friday-ygo,1,3,3ee5a5253516,09bcbed583b4,p1,2,1,False
friday-ygo,1,4,83fd885b092b,770e990a8dbc,p1,2,0,False
friday-ygo,2,1,83fd885b092b,0e95f8c5b064,p1,2,0,False
friday-ygo,2,2,0e29dbe47aa9,cad81cf1d088,p1,2,0,False
friday-ygo,2,3,3ee5a5253516,7d9b020abf5a,p1,2,0,False
friday-ygo,2,4,770e990a8dbc,e057ca2e1371,p1,2,0,False
friday-ygo,3,1,83fd885b092b,3ee5a5253516,p2,2,0,False
friday-ygo,3,2,0e29dbe47aa9,770e990a8dbc,p2,2,1,False
friday-ygo,3,3,0e95f8c5b064,cad81cf1d088,p1,2,0,False
friday-ygo,3,4,09bcbed583b4,e057ca2e1371,p1,2,0,False
friday-ygo,4,1,3ee5a5253516,0e29dbe47aa9,p1,2,1,False
friday-ygo,4,2,83fd885b092b,09bcbed583b4,p2,2,1,False
friday-ygo,4,3,0e95f8c5b064,7d9b020abf5a,p2,2,1,False
friday-ygo,4,4,770e990a8dbc,cad81cf1d088,p2,2,1,False
the-geekerys-yu-gi-oh-edison-tournament-82,1,1,dd8b14dfccab,871be34acef6,p1,2,1,False
the-geekerys-yu-gi-oh-edison-tournament-82,1,2,9a466bb51775,f73419d0b850,p2,2,0,False
the-geekerys-yu-gi-oh-edison-tournament-82,1,3,42e744e26d41,8593fabb6e18,p1,2,0,False
the-geekerys-yu-gi-oh-edison-tournament-82,1,4,5d63d3ae8392,df9c41fcbfd8,p2,2,1,False
the-geekerys-yu-gi-oh-edison-tournament-82,2,1,f73419d0b850,42e744e26d41,p1,2,1,False
the-geekerys-yu-gi-oh-edison-tournament-82,2,2,df9c41fcbfd8,dd8b14dfccab,p1,2,1,False
the-geekerys-yu-gi-oh-edison-tournament-82,2,3,00e743f3e23a,5d63d3ae8392,p1,2,1,False
the-geekerys-yu-gi-oh-edison-tournament-82,2,4,871be34acef6,8593fabb6e18,p1,2,0,False
the-geekerys-yu-gi-oh-edison-tournament-82,2,5,a785cdcdc6ae,c89824411644,p2,2,1,False
the-geekerys-yu-gi-oh-edison-tournament-82,2,6,2162d164b4ce,9a466bb51775,p1,2,1,False
the-geekerys-yu-gi-oh-edison-tournament-82,3,1,df9c41fcbfd8,f73419d0b850,p1,2,0,False
the-geekerys-yu-gi-oh-edison-tournament-82,3,2,42e744e26d41,2162d164b4ce,p1,2,1,False
the-geekerys-yu-gi-oh-edison-tournament-82,3,3,dd8b14dfccab,c89824411644,p1,2,1,False
the-geekerys-yu-gi-oh-edison-tournament-82,3,4,00e743f3e23a,871be34acef6,p1,2,1,False
the-geekerys-yu-gi-oh-edison-tournament-82,3,5,a785cdcdc6ae,9a466bb51775,p2,2,1,False
the-geekerys-yu-gi-oh-edison-tournament-82,3,6,5d63d3ae8392,8593fabb6e18,p2,2,0,False
the-geekerys-yu-gi-oh-edison-tournament-82,4,1,df9c41fcbfd8,00e743f3e23a,p2,2,0,False
the-geekerys-yu-gi-oh-edison-tournament-82,4,2,dd8b14dfccab,f73419d0b850,p2,2,1,False
the-geekerys-yu-gi-oh-edison-tournament-82,4,3,42e744e26d41,9a466bb51775,p2,2,0,False
the-geekerys-yu-gi-oh-edison-tournament-82,4,4,c89824411644,2162d164b4ce,p1,2,1,False
wolfdog-edison-weekly-5,1,1,922e42b620f3,b15bee688551,p1,2,1,False
wolfdog-edison-weekly-5,1,2,4fc65517e5ff,70f0a6d87d63,p2,2,0,False
wolfdog-edison-weekly-5,1,3,fa4d9b733dd6,e4e9ae7997fd,p1,2,0,False
wolfdog-edison-weekly-5,1,4,0f6b8baa73b0,a71d7566a6d6,p2,2,1,False
wolfdog-edison-weekly-5,2,1,70f0a6d87d63,a71d7566a6d6,p1,2,0,False
wolfdog-edison-weekly-5,2,2,922e42b620f3,fa4d9b733dd6,p2,2,1,False
wolfdog-edison-weekly-5,2,3,0f6b8baa73b0,e4e9ae7997fd,p2,2,1,False
wolfdog-edison-weekly-5,2,4,b15bee688551,4fc65517e5ff,p1,2,0,False
wolfdog-edison-weekly-5,3,1,fa4d9b733dd6,70f0a6d87d63,p2,2,0,False
wolfdog-edison-weekly-5,3,2,922e42b620f3,a71d7566a6d6,p2,2,1,False
wolfdog-edison-weekly-5,3,3,e4e9ae7997fd,b15bee688551,p2,2,0,False
wolfdog-edison-weekly-5,3,4,4fc65517e5ff,0f6b8baa73b0,p1,2,0,False
ygo-weekly,1,1,004d69e87b90,c3e358b3edb3,p1,2,0,False
ygo-weekly,1,2,bb49953a7bf4,acd40c6275f0,p1,2,1,False
ygo-weekly,1,3,c5424d55b5b7,addb1a90d848,p1,2,1,False
ygo-weekly,1,4,74c2c844db14,29e09ce72c13,p2,2,0,False
ygo-weekly,2,1,29e09ce72c13,c5424d55b5b7,p2,2,0,False
ygo-weekly,2,2,bb49953a7bf4,004d69e87b90,p1,2,1,False
ygo-weekly,2,3,acd40c6275f0,74c2c844db14,p1,2,1,False
ygo-weekly,2,4,addb1a90d848,c3e358b3edb3,p1,2,1,False
ygo-weekly,3,1,bb49953a7bf4,c5424d55b5b7,p1,2,1,False
ygo-weekly,3,2,acd40c6275f0,29e09ce72c13,p2,2,1,False
ygo-weekly,3,3,004d69e87b90,addb1a90d848,p1,2,1,False
ygo-weekly,3,4,74c2c844db14,c3e358b3edb3,p2,2,0,False
the-geekerys-yu-gi-oh-edison-tournament-726,1,1,d09246fdf19d,f089279e2575,p1,2,1,False
the-geekerys-yu-gi-oh-edison-tournament-726,1,2,6760c7cb45f5,3f89cf7f9594,p1,2,1,False
the-geekerys-yu-gi-oh-edison-tournament-726,1,3,a312a83d797f,26add2f1949f,p2,2,1,False
the-geekerys-yu-gi-oh-edison-tournament-726,1,4,cf41bb4c57fa,26230bc2c99b,p2,2,1,False
the-geekerys-yu-gi-oh-edison-tournament-726,1,5,0d0deeca93ab,9fa637ffd285,p2,2,1,False
the-geekerys-yu-gi-oh-edison-tournament-726,2,1,6760c7cb45f5,26add2f1949f,p2,2,1,False
the-geekerys-yu-gi-oh-edison-tournament-726,2,2,d09246fdf19d,9fa637ffd285,p2,2,1,False
the-geekerys-yu-gi-oh-edison-tournament-726,2,3,26230bc2c99b,0d0deeca93ab,p2,2,0,False
the-geekerys-yu-gi-oh-edison-tournament-726,2,4,cf41bb4c57fa,f089279e2575,p2,2,1,False
the-geekerys-yu-gi-oh-edison-tournament-726,2,5,a312a83d797f,3f89cf7f9594,p1,2,1,False
the-geekerys-yu-gi-oh-edison-tournament-726,3,1,9fa637ffd285,26add2f1949f,p1,2,1,False
the-geekerys-yu-gi-oh-edison-tournament-726,3,2,d09246fdf19d,6760c7cb45f5,p1,2,0,False
the-geekerys-yu-gi-oh-edison-tournament-726,3,3,f089279e2575,0d0deeca93ab,p2,2,1,False
the-geekerys-yu-gi-oh-edison-tournament-726,3,4,a312a83d797f,26230bc2c99b,p1,2,0,False
the-geekerys-yu-gi-oh-edison-tournament-726,3,5,cf41bb4c57fa,3f89cf7f9594,p1,2,0,False
the-geekerys-yu-gi-oh-edison-tournament-726,4,1,9fa637ffd285,a312a83d797f,p2,2,1,False
the-geekerys-yu-gi-oh-edison-tournament-726,4,2,26add2f1949f,0d0deeca93ab,p2,2,0,False
the-geekerys-yu-gi-oh-edison-tournament-726,4,3,d09246fdf19d,26230bc2c99b,p1,2,1,False
the-geekerys-yu-gi-oh-edison-tournament-726,4,4,cf41bb4c57fa,6760c7cb45f5,p2,2,0,False
the-geekerys-yu-gi-oh-edison-tournament-726,4,5,f089279e2575,3f89cf7f9594,p2,2,0,False
jorge,1,1,8712b3365d85,35f9379205a2,p2,2,1,False
jorge,1,2,9ae145ec9fc5,6b20d6889c27,p2,2,0,False
jorge,1,3,104ed1396046,1fc54e68a899,p2,2,0,False
jorge,1,4,4ffd57cb4042,9da56f40a898,p1,2,1,False
jorge,2,1,1fc54e68a899,4ffd57cb4042,p1,2,0,False
jorge,2,2,6b20d6889c27,35f9379205a2,p2,2,1,False
jorge,2,3,9ae145ec9fc5,9da56f40a898,p1,2,0,False
jorge,2,4,8712b3365d85,104ed1396046,p1,2,1,False
jorge,3,1,35f9379205a2,1fc54e68a899,p1,2,1,False
jorge,3,2,9ae145ec9fc5,8712b3365d85,p2,2,0,False
jorge,3,3,6b20d6889c27,4ffd57cb4042,p1,2,0,False
jorge,3,4,9da56f40a898,104ed1396046,p2,2,0,False
jorge,4,1,35f9379205a2,104ed1396046,p2,2,1,False
jorge,4,2,6b20d6889c27,1fc54e68a899,p1,2,0,False
jorge,4,3,8712b3365d85,9da56f40a898,p1,2,1,False
jorge,4,4,9ae145ec9fc5,4ffd57cb4042,p1,2,0,False
jorge,Finals,1,1fc54e68a899,8712b3365d85,p1,2,0,False
jorge,Top 4,1,35f9379205a2,1fc54e68a899,p2,2,0,False
jorge,Top 4,2,6b20d6889c27,8712b3365d85,p2,2,0,False
yugioh-edison-weekly-12,1,1,d6c0e2b510e8,acdb30828541,p1,2,0,False
yugioh-edison-weekly-12,1,2,b2ea0e1ced56,30720b28dd5b,p2,2,1,False
yugioh-edison-weekly-12,1,3,16e974b88884,97e977592443,p1,2,0,False
yugioh-edison-weekly-12,2,1,d6c0e2b510e8,30720b28dd5b,p1,2,0,False
yugioh-edison-weekly-12,2,2,feee9cfda4a4,16e974b88884,p1,2,0,False
yugioh-edison-weekly-12,2,3,97e977592443,b2ea0e1ced56,p1,2,1,False
yugioh-edison-weekly-12,3,1,feee9cfda4a4,d6c0e2b510e8,p1,2,0,False
yugioh-edison-weekly-12,3,2,16e974b88884,30720b28dd5b,p1,2,1,False
yugioh-edison-weekly-12,3,3,97e977592443,acdb30828541,p1,2,1,False
wolfdog-edison-weekly-2,1,1,0f6b8baa73b0,e4e9ae7997fd,p1,2,0,False
wolfdog-edison-weekly-2,1,2,70f0a6d87d63,b15bee688551,p1,2,1,False
wolfdog-edison-weekly-2,1,3,fa4d9b733dd6,45ff868dd077,p1,2,0,False
wolfdog-edison-weekly-2,2,1,70f0a6d87d63,fa4d9b733dd6,p1,2,0,False
wolfdog-edison-weekly-2,2,2,0f6b8baa73b0,b15bee688551,p2,2,1,False
wolfdog-edison-weekly-2,2,3,e4e9ae7997fd,45ff868dd077,p2,2,1,False
wolfdog-edison-weekly-2,3,1,70f0a6d87d63,0f6b8baa73b0,p2,2,0,False
wolfdog-edison-weekly-2,3,2,fa4d9b733dd6,e4e9ae7997fd,p1,2,0,False
wolfdog-edison-weekly-2,3,3,b15bee688551,45ff868dd077,p1,2,0,False
jcs-edison-league-718,1,1,467a2dffdf15,f66a9b95b967,p2,1,0,False
jcs-edison-league-718,1,2,c4a2be85ac4a,f9d71be77cab,p2,2,1,False
jcs-edison-league-718,2,1,f66a9b95b967,f9d71be77cab,p1,1,0,False
jcs-edison-league-718,2,2,22c4a5497c7a,467a2dffdf15,p2,2,0,False
jcs-edison-league-718,3,1,f66a9b95b967,c4a2be85ac4a,p1,1,0,False
jcs-edison-league-718,3,2,22c4a5497c7a,f9d71be77cab,p2,2,1,False
isaias-birthday-monthly,1,1,6b20d6889c27,e36ee64542d7,p2,2,1,False
isaias-birthday-monthly,1,2,f5abe819fd79,5a92e077d22d,p2,2,0,False
isaias-birthday-monthly,1,3,3d4bd7052415,9ae145ec9fc5,p2,2,0,False
isaias-birthday-monthly,1,4,35f9379205a2,104ed1396046,p1,2,1,False
isaias-birthday-monthly,1,5,8712b3365d85,9da56f40a898,p1,2,1,False
isaias-birthday-monthly,2,1,9ae145ec9fc5,35f9379205a2,p2,2,1,False
isaias-birthday-monthly,2,2,e36ee64542d7,5a92e077d22d,p1,2,1,False
isaias-birthday-monthly,2,3,8712b3365d85,6b20d6889c27,p1,2,1,False
isaias-birthday-monthly,2,4,9da56f40a898,f5abe819fd79,p1,2,1,False
isaias-birthday-monthly,2,5,3d4bd7052415,104ed1396046,p2,2,0,False
isaias-birthday-monthly,3,1,35f9379205a2,e36ee64542d7,p1,2,0,False
isaias-birthday-monthly,3,2,8712b3365d85,5a92e077d22d,p2,2,1,False
isaias-birthday-monthly,3,3,9da56f40a898,104ed1396046,p2,2,0,False
isaias-birthday-monthly,3,4,9ae145ec9fc5,f5abe819fd79,p2,2,0,False
isaias-birthday-monthly,3,5,3d4bd7052415,6b20d6889c27,p2,2,0,False
isaias-birthday-monthly,4,1,35f9379205a2,5a92e077d22d,p2,2,0,False
isaias-birthday-monthly,4,2,8712b3365d85,e36ee64542d7,p1,2,1,False
isaias-birthday-monthly,4,3,104ed1396046,6b20d6889c27,p1,2,1,False
isaias-birthday-monthly,4,4,9da56f40a898,9ae145ec9fc5,p2,2,0,False
isaias-birthday-monthly,4,5,f5abe819fd79,3d4bd7052415,p1,2,1,False
isaias-birthday-monthly,Finals,1,104ed1396046,8712b3365d85,p2,2,1,False
isaias-birthday-monthly,Top 4,1,5a92e077d22d,104ed1396046,p2,2,1,False
isaias-birthday-monthly,Top 4,2,35f9379205a2,8712b3365d85,p2,2,1,False
retro-reborn-circuit-day-1-pittsburgh-edison,1,1,73117781a284,49c674b21f5c,p1,1,0,True
retro-reborn-circuit-day-1-pittsburgh-edison,1,2,017165a95039,e5e60a3e0322,p1,1,0,True
retro-reborn-circuit-day-1-pittsburgh-edison,1,3,b872387624e2,7275d882a6cf,p2,1,0,True
retro-reborn-circuit-day-1-pittsburgh-edison,1,4,fc881a2cd9cc,0dd66eb6cfa9,p1,1,0,True
retro-reborn-circuit-day-1-pittsburgh-edison,1,5,fd60c95b03c4,ec00c290ab90,p1,1,0,True
retro-reborn-circuit-day-1-pittsburgh-edison,1,6,3356e36553ef,a0d433848a79,p1,1,0,True
retro-reborn-circuit-day-1-pittsburgh-edison,1,7,c7016dfb5074,97811dd90989,p1,1,0,True
retro-reborn-circuit-day-1-pittsburgh-edison,1,8,4e4e0147dad5,97ba097dfac1,p1,1,0,True
retro-reborn-circuit-day-1-pittsburgh-edison,1,9,5ecbaab75254,2d49a7a618d6,p2,1,0,True
retro-reborn-circuit-day-1-pittsburgh-edison,1,10,6d5fdd6f0987,e9b8fce8266b,p2,1,0,True
retro-reborn-circuit-day-1-pittsburgh-edison,1,11,ccba6b43a764,b021647b2dbb,p2,1,0,True
retro-reborn-circuit-day-1-pittsburgh-edison,1,12,957a065e6b82,0d4eac007aa1,p1,1,0,True
retro-reborn-circuit-day-1-pittsburgh-edison,1,13,5dd1a36e04e9,2a8c4b85f479,p1,1,0,True
retro-reborn-circuit-day-1-pittsburgh-edison,1,14,169bb0596470,34c4ffbdfbd5,p2,1,0,True
retro-reborn-circuit-day-1-pittsburgh-edison,1,15,9f34671a13f2,ba70149d4174,p2,1,0,True
retro-reborn-circuit-day-1-pittsburgh-edison,1,16,4e54f61f9ce6,fa8f3e2419ec,p2,1,0,True
retro-reborn-circuit-day-1-pittsburgh-edison,1,17,b09affa72191,6da408177e00,p1,1,0,True
retro-reborn-circuit-day-1-pittsburgh-edison,1,18,ac0e33d02845,37f0e7acf814,draw,,,True
retro-reborn-circuit-day-1-pittsburgh-edison,1,19,8b46f61a5bf0,2b4d38ed171f,p2,1,0,True
retro-reborn-circuit-day-1-pittsburgh-edison,1,20,fb59653fbdbf,e53799904a2b,p2,1,0,True
retro-reborn-circuit-day-1-pittsburgh-edison,1,21,2b4e28f2bb3e,143d2ea47628,p2,1,0,True
retro-reborn-circuit-day-1-pittsburgh-edison,1,22,8863db0b3202,e9e3da847dec,p1,1,0,True
retro-reborn-circuit-day-1-pittsburgh-edison,1,23,95da534b0f49,7028cd6b06c9,p2,1,0,True
retro-reborn-circuit-day-1-pittsburgh-edison,1,24,c7009eff338a,044b54840ea1,p1,1,0,True
retro-reborn-circuit-day-1-pittsburgh-edison,1,25,67ea5a2a0911,c11d443124f9,p1,1,0,True
retro-reborn-circuit-day-1-pittsburgh-edison,1,26,e9047a66eca0,150524b501d9,p1,1,0,True
retro-reborn-circuit-day-1-pittsburgh-edison,1,27,0266c75b9d57,55436152ef2e,p2,1,0,True
retro-reborn-circuit-day-1-pittsburgh-edison,1,28,ee18b374d76b,69b7fe057419,p1,1,0,True
retro-reborn-circuit-day-1-pittsburgh-edison,1,29,3a07f40cbbe0,29b386c1c224,p2,1,0,True
retro-reborn-circuit-day-1-pittsburgh-edison,1,30,df99d44add31,138eb00cfcb9,p2,1,0,True
retro-reborn-circuit-day-1-pittsburgh-edison,1,31,66ad22b4981a,ffd6c6f26f9e,p1,1,0,True
retro-reborn-circuit-day-1-pittsburgh-edison,1,32,69d3e00878ed,bb788fa627be,p2,1,0,True
retro-reborn-circuit-day-1-pittsburgh-edison,1,33,dfb590d7822b,124c0aa52e64,p1,1,0,True
retro-reborn-circuit-day-1-pittsburgh-edison,1,34,eabf55664c59,c0701e87069b,p1,1,0,True
retro-reborn-circuit-day-1-pittsburgh-edison,1,35,1aa800a08b2d,cf9ebae55b72,p2,1,0,True
retro-reborn-circuit-day-1-pittsburgh-edison,1,36,27da43677430,869cdb37bac8,p1,1,0,True
retro-reborn-circuit-day-1-pittsburgh-edison,1,37,060a67d975c1,b243da9569b1,p1,1,0,True
retro-reborn-circuit-day-1-pittsburgh-edison,1,38,be2f9b4f46b2,99f088776f09,p1,1,0,True
retro-reborn-circuit-day-1-pittsburgh-edison,1,39,541f1487ac43,f663252e1e61,p1,1,0,True
retro-reborn-circuit-day-1-pittsburgh-edison,1,40,95398e45beb1,e8afafc500ee,draw,,,True
retro-reborn-circuit-day-1-pittsburgh-edison,1,41,6abd1b59c7c2,ac478c4faa1b,p2,1,0,True
retro-reborn-circuit-day-1-pittsburgh-edison,1,42,bfe531f49a7c,5410aa10e1ee,p2,1,0,True
retro-reborn-circuit-day-1-pittsburgh-edison,1,43,8cc6b5c7ec39,d10b376b730a,p2,1,0,True
retro-reborn-circuit-day-1-pittsburgh-edison,1,44,471895c408a5,3cfdcf287552,p1,1,0,True
retro-reborn-circuit-day-1-pittsburgh-edison,1,45,905caca38629,e37d35d5a9b5,p1,1,0,True
retro-reborn-circuit-day-1-pittsburgh-edison,1,46,4a0f1cde7c5e,63a841e72214,p1,1,0,True
retro-reborn-circuit-day-1-pittsburgh-edison,1,47,5aa54af67805,b88b9b46fed9,p2,1,0,True
retro-reborn-circuit-day-1-pittsburgh-edison,1,48,2b720ce67282,7d7d29798d76,p1,1,0,True
retro-reborn-circuit-day-1-pittsburgh-edison,1,49,5a1fc49e132b,2b3bfcc337a1,p1,1,0,True
retro-reborn-circuit-day-1-pittsburgh-edison,1,50,b1af61d63c9c,82f967d03f35,p2,1,0,True
retro-reborn-circuit-day-1-pittsburgh-edison,1,51,4ab437c95a73,ae500de226b3,p2,1,0,True
retro-reborn-circuit-day-1-pittsburgh-edison,1,52,ed0b1fc216ec,205aaba503be,p2,1,0,True
retro-reborn-circuit-day-1-pittsburgh-edison,1,53,7f04e3cac5ad,243e1ea3f2fa,p1,1,0,True
retro-reborn-circuit-day-1-pittsburgh-edison,1,54,ce71f3863e89,67a9d29c7260,p1,1,0,True
retro-reborn-circuit-day-1-pittsburgh-edison,1,55,ac625738dbb3,7b57b1dff980,p2,1,0,True
retro-reborn-circuit-day-1-pittsburgh-edison,1,56,0c09816754a2,fb9f40877093,p2,1,0,True
retro-reborn-circuit-day-1-pittsburgh-edison,1,57,14109b542b1b,b27c3ae81195,p2,1,0,True
retro-reborn-circuit-day-1-pittsburgh-edison,1,58,af3942e9db48,949e1c341c55,p1,1,0,True
retro-reborn-circuit-day-1-pittsburgh-edison,1,59,9ec302b1cd5d,77f095ec226c,p2,1,0,False
retro-reborn-circuit-day-1-pittsburgh-edison,1,60,ac90a5b36925,678a958e6ee5,p2,1,0,True
retro-reborn-circuit-day-1-pittsburgh-edison,1,61,095520e61fe4,80772c7479c3,p2,1,0,True
retro-reborn-circuit-day-1-pittsburgh-edison,1,62,3fce6023477d,41556373bba1,p1,1,0,True
retro-reborn-circuit-day-1-pittsburgh-edison,1,63,da5e20f35cab,06311cce4f2b,p2,1,0,True
retro-reborn-circuit-day-1-pittsburgh-edison,1,64,ed4232140b55,a7b26b8e62d8,p2,1,0,True
retro-reborn-circuit-day-1-pittsburgh-edison,1,65,997037171f4e,4f64150ba701,p2,1,0,True
retro-reborn-circuit-day-1-pittsburgh-edison,1,66,a3af5357db8e,ffe619736768,p2,1,0,True
retro-reborn-circuit-day-1-pittsburgh-edison,1,67,753f0817553c,151e869fcf64,p1,1,0,True
retro-reborn-circuit-day-1-pittsburgh-edison,1,68,f771aa0cb275,ab5ca9e1a1bd,p1,1,0,True
retro-reborn-circuit-day-1-pittsburgh-edison,1,69,9040b8b92134,c56fc8527649,p2,1,0,True
retro-reborn-circuit-day-1-pittsburgh-edison,1,70,011f8f5d3c1c,dcff02a1a893,p2,1,0,True
retro-reborn-circuit-day-1-pittsburgh-edison,1,71,cce73fd27211,250c423c6597,p1,1,0,True
retro-reborn-circuit-day-1-pittsburgh-edison,1,72,36d24caeb56c,2bb3f635c17f,p2,1,0,True
retro-reborn-circuit-day-1-pittsburgh-edison,1,73,2dac938e7af6,21537c8031e9,p2,1,0,True
retro-reborn-circuit-day-1-pittsburgh-edison,1,74,b663e10ae008,427af8578345,p2,1,0,True
retro-reborn-circuit-day-1-pittsburgh-edison,1,75,8704e1a4aada,5d98013615d1,p1,1,0,True
retro-reborn-circuit-day-1-pittsburgh-edison,1,76,8f77c1cacce2,f00eb120ac4f,p1,1,0,True
retro-reborn-circuit-day-1-pittsburgh-edison,1,77,391b44b46cda,53370b893baf,p1,1,0,True
retro-reborn-circuit-day-1-pittsburgh-edison,1,78,4d570eee53a6,2bf26872545d,p2,1,0,True
retro-reborn-circuit-day-1-pittsburgh-edison,1,79,b54fc77bf758,9a9c82713593,p2,1,0,True
retro-reborn-circuit-day-1-pittsburgh-edison,1,80,58240886959e,a9219aa352b8,p2,1,0,True
retro-reborn-circuit-day-1-pittsburgh-edison,1,81,89d029a90bb9,1a07253b9f5f,p1,1,0,True
retro-reborn-circuit-day-1-pittsburgh-edison,1,82,a56ca5f90103,1e44559f1bf7,p1,1,0,True
retro-reborn-circuit-day-1-pittsburgh-edison,1,83,0edf28b0ea46,4fed865dd939,p1,1,0,True
retro-reborn-circuit-day-1-pittsburgh-edison,1,84,ad497da844e5,da0c1b050f96,p2,1,0,True
retro-reborn-circuit-day-1-pittsburgh-edison,1,85,b802db20836b,0c6e1c3eb277,p1,1,0,True
retro-reborn-circuit-day-1-pittsburgh-edison,1,86,188880d67ae0,a6fdf251161a,p1,1,0,True
retro-reborn-circuit-day-1-pittsburgh-edison,1,87,910061b35866,19d0e09d3105,p2,1,0,True
retro-reborn-circuit-day-1-pittsburgh-edison,1,88,0bbf2566ceb9,5d802f186d99,p2,1,0,True
retro-reborn-circuit-day-1-pittsburgh-edison,1,89,6e1f0719c5d0,acd68261534b,p1,1,0,True
retro-reborn-circuit-day-1-pittsburgh-edison,1,90,bc6b61633a1d,1878d6cb3e7c,p2,1,0,True
retro-reborn-circuit-day-1-pittsburgh-edison,1,91,5ed27eba4b87,446dfdff5e10,p1,1,0,True
retro-reborn-circuit-day-1-pittsburgh-edison,1,92,4eccf38d3c04,ed0a46d53940,p1,1,0,True
retro-reborn-circuit-day-1-pittsburgh-edison,1,93,0090c09ac210,879ef8335272,p2,1,0,True
retro-reborn-circuit-day-1-pittsburgh-edison,1,94,ec8aaf6a1ca5,ce6e27e7f64e,p2,1,0,True
retro-reborn-circuit-day-1-pittsburgh-edison,1,95,90a2ea6f863f,2a276112b270,p2,1,0,True
retro-reborn-circuit-day-1-pittsburgh-edison,1,96,e712e36554b9,2cfd37688da5,p2,1,0,True
retro-reborn-circuit-day-1-pittsburgh-edison,1,97,7e426e19a6a3,39a351442023,p1,1,0,True
retro-reborn-circuit-day-1-pittsburgh-edison,1,98,de6d9446e451,f8e892757863,p1,1,0,True
retro-reborn-circuit-day-1-pittsburgh-edison,1,99,c82552679ae5,26fc4e9e3c9c,p2,1,0,True
retro-reborn-circuit-day-1-pittsburgh-edison,1,100,57c9c736f040,d01651af9bb2,p2,1,0,True
retro-reborn-circuit-day-1-pittsburgh-edison,1,101,00b995cc2122,c0e164836a75,p1,1,0,True
retro-reborn-circuit-day-1-pittsburgh-edison,1,102,910c90df211c,9fb8a75ccaf8,p2,1,0,True
retro-reborn-circuit-day-1-pittsburgh-edison,1,103,1a53eaf6e3d8,3a7504027c8a,p1,1,0,True
retro-reborn-circuit-day-1-pittsburgh-edison,1,104,43397d7df068,7e294dd09a28,p1,1,0,True
retro-reborn-circuit-day-1-pittsburgh-edison,1,105,308d36374388,d6c7a2cb957e,p1,1,0,True
retro-reborn-circuit-day-1-pittsburgh-edison,1,106,cde0efd74bd2,ea8b83ba488e,p1,1,0,True
retro-reborn-circuit-day-1-pittsburgh-edison,1,107,8883c67b7383,b2d53923cf02,p2,1,0,True
retro-reborn-circuit-day-1-pittsburgh-edison,1,108,8fad7d2a23a1,781ebd5e7c35,p1,1,0,True
retro-reborn-circuit-day-1-pittsburgh-edison,1,109,c59846d47d8d,5e196cec56fb,p2,1,0,True
retro-reborn-circuit-day-1-pittsburgh-edison,1,110,1e7ad37b71db,5586c4a19af2,p2,1,0,True
retro-reborn-circuit-day-1-pittsburgh-edison,1,111,57be2cc44fe7,35cdf84d8560,p1,1,0,True
retro-reborn-circuit-day-1-pittsburgh-edison,1,112,9e7e10a79052,2484b586c479,p2,1,0,True
retro-reborn-circuit-day-1-pittsburgh-edison,1,113,7cb6c6e2260a,5d28843e9059,p1,1,0,True
retro-reborn-circuit-day-1-pittsburgh-edison,1,114,dbea0acdee60,ef1b05660052,p2,1,0,True
retro-reborn-circuit-day-1-pittsburgh-edison,1,115,bfac4c66a9a7,2c9c987756df,p1,1,0,True
retro-reborn-circuit-day-1-pittsburgh-edison,1,116,e55e7207b828,ac11f4821f9e,p1,1,0,True
retro-reborn-circuit-day-1-pittsburgh-edison,1,117,999a505f55c7,90cd973c9981,p1,1,0,True
retro-reborn-circuit-day-1-pittsburgh-edison,1,118,8967e2a0acd2,caf5061e38c7,p2,1,0,True
retro-reborn-circuit-day-1-pittsburgh-edison,1,119,7f17ec52aed4,d0494701f975,p1,1,0,True
retro-reborn-circuit-day-1-pittsburgh-edison,1,120,7b8e6c384581,81db65d0cada,p1,1,0,True
retro-reborn-circuit-day-1-pittsburgh-edison,1,121,7a6a73ff8198,25957ca03343,p2,1,0,True
retro-reborn-circuit-day-1-pittsburgh-edison,1,122,4062d44a74bb,f18c24ab6e95,p1,1,0,True
retro-reborn-circuit-day-1-pittsburgh-edison,1,123,a3f179514023,b0f9bcda655c,p1,1,0,True
retro-reborn-circuit-day-1-pittsburgh-edison,1,124,ea4e4d98db88,44abab93633e,p1,1,0,True
retro-reborn-circuit-day-1-pittsburgh-edison,1,125,3341bfa286fe,695fc2a1553b,p1,1,0,True
retro-reborn-circuit-day-1-pittsburgh-edison,2,1,ba70149d4174,999a505f55c7,p1,1,0,True
retro-reborn-circuit-day-1-pittsburgh-edison,2,2,9fb8a75ccaf8,e9047a66eca0,p2,1,0,True
retro-reborn-circuit-day-1-pittsburgh-edison,2,3,be2f9b4f46b2,7f17ec52aed4,p1,1,0,True
retro-reborn-circuit-day-1-pittsburgh-edison,2,4,5d802f186d99,21537c8031e9,p1,1,0,True
retro-reborn-circuit-day-1-pittsburgh-edison,2,5,c7016dfb5074,4e4e0147dad5,p1,1,0,True
retro-reborn-circuit-day-1-pittsburgh-edison,2,6,7275d882a6cf,29b386c1c224,p1,1,0,True
retro-reborn-circuit-day-1-pittsburgh-edison,2,7,b27c3ae81195,8f77c1cacce2,p1,1,0,True
retro-reborn-circuit-day-1-pittsburgh-edison,2,8,26fc4e9e3c9c,471895c408a5,p2,1,0,True
retro-reborn-circuit-day-1-pittsburgh-edison,2,9,43397d7df068,bfac4c66a9a7,p1,1,0,True
retro-reborn-circuit-day-1-pittsburgh-edison,2,10,00b995cc2122,a9219aa352b8,p2,1,0,True
retro-reborn-circuit-day-1-pittsburgh-edison,2,11,b802db20836b,80772c7479c3,p1,1,0,True
retro-reborn-circuit-day-1-pittsburgh-edison,2,12,957a065e6b82,7f04e3cac5ad,p1,1,0,True
retro-reborn-circuit-day-1-pittsburgh-edison,2,13,4062d44a74bb,5a1fc49e132b,p1,1,0,True
retro-reborn-circuit-day-1-pittsburgh-edison,2,14,af3942e9db48,77f095ec226c,p1,1,0,False
retro-reborn-circuit-day-1-pittsburgh-edison,2,15,8863db0b3202,143d2ea47628,p2,1,0,True
retro-reborn-circuit-day-1-pittsburgh-edison,2,16,b88b9b46fed9,391b44b46cda,p1,1,0,True
retro-reborn-circuit-day-1-pittsburgh-edison,2,17,cde0efd74bd2,541f1487ac43,p1,1,0,True
retro-reborn-circuit-day-1-pittsburgh-edison,2,18,89d029a90bb9,ae500de226b3,p2,1,0,True
retro-reborn-circuit-day-1-pittsburgh-edison,2,19,a7b26b8e62d8,e53799904a2b,p2,1,0,True
retro-reborn-circuit-day-1-pittsburgh-edison,2,20,3fce6023477d,e55e7207b828,p1,1,0,True
retro-reborn-circuit-day-1-pittsburgh-edison,2,21,5dd1a36e04e9,caf5061e38c7,p2,1,0,True
retro-reborn-circuit-day-1-pittsburgh-edison,2,22,82f967d03f35,ffe619736768,p1,1,0,True
retro-reborn-circuit-day-1-pittsburgh-edison,2,23,d10b376b730a,879ef8335272,p1,1,0,True
retro-reborn-circuit-day-1-pittsburgh-edison,2,24,dfb590d7822b,bb788fa627be,p1,1,0,True
retro-reborn-circuit-day-1-pittsburgh-edison,2,25,7028cd6b06c9,b021647b2dbb,p1,1,0,True
retro-reborn-circuit-day-1-pittsburgh-edison,2,26,753f0817553c,c7009eff338a,p2,1,0,True
retro-reborn-circuit-day-1-pittsburgh-edison,2,27,a3f179514023,e9b8fce8266b,p2,1,0,True
retro-reborn-circuit-day-1-pittsburgh-edison,2,28,ea4e4d98db88,4a0f1cde7c5e,p1,1,0,True
retro-reborn-circuit-day-1-pittsburgh-edison,2,29,55436152ef2e,67ea5a2a0911,p2,1,0,True
retro-reborn-circuit-day-1-pittsburgh-edison,2,30,060a67d975c1,138eb00cfcb9,p1,1,0,True
retro-reborn-circuit-day-1-pittsburgh-edison,2,31,2d49a7a618d6,7b57b1dff980,p2,1,0,True
retro-reborn-circuit-day-1-pittsburgh-edison,2,32,06311cce4f2b,ac478c4faa1b,p1,1,0,True
retro-reborn-circuit-day-1-pittsburgh-edison,2,33,ce71f3863e89,427af8578345,p2,1,0,True
retro-reborn-circuit-day-1-pittsburgh-edison,2,34,25957ca03343,fb9f40877093,p1,1,0,True
retro-reborn-circuit-day-1-pittsburgh-edison,2,35,c56fc8527649,de6d9446e451,p1,1,0,True
retro-reborn-circuit-day-1-pittsburgh-edison,2,36,66ad22b4981a,b09affa72191,p2,1,0,True
retro-reborn-circuit-day-1-pittsburgh-edison,2,37,fd60c95b03c4,5e196cec56fb,p2,1,0,True
retro-reborn-circuit-day-1-pittsburgh-edison,2,38,3356e36553ef,fa8f3e2419ec,p2,1,0,True
retro-reborn-circuit-day-1-pittsburgh-edison,2,39,3341bfa286fe,5586c4a19af2,p1,1,0,True
retro-reborn-circuit-day-1-pittsburgh-edison,2,40,57be2cc44fe7,7b8e6c384581,p2,1,0,True
retro-reborn-circuit-day-1-pittsburgh-edison,2,41,678a958e6ee5,b2d53923cf02,p2,1,0,True
retro-reborn-circuit-day-1-pittsburgh-edison,2,42,2a276112b270,6e1f0719c5d0,p1,1,0,True
retro-reborn-circuit-day-1-pittsburgh-edison,2,43,5410aa10e1ee,cf9ebae55b72,p2,1,0,True
retro-reborn-circuit-day-1-pittsburgh-edison,2,44,9a9c82713593,017165a95039,p2,1,0,True
retro-reborn-circuit-day-1-pittsburgh-edison,2,45,0edf28b0ea46,27da43677430,p1,1,0,True
retro-reborn-circuit-day-1-pittsburgh-edison,2,46,8fad7d2a23a1,ce6e27e7f64e,p1,1,0,True
retro-reborn-circuit-day-1-pittsburgh-edison,2,47,34c4ffbdfbd5,7cb6c6e2260a,p2,1,0,True
retro-reborn-circuit-day-1-pittsburgh-edison,2,48,f771aa0cb275,2cfd37688da5,p1,1,0,True
retro-reborn-circuit-day-1-pittsburgh-edison,2,49,2b720ce67282,d01651af9bb2,p1,1,0,True
retro-reborn-circuit-day-1-pittsburgh-edison,2,50,ef1b05660052,1878d6cb3e7c,p1,1,0,True
retro-reborn-circuit-day-1-pittsburgh-edison,2,51,cce73fd27211,fc881a2cd9cc,p1,1,0,True
retro-reborn-circuit-day-1-pittsburgh-edison,2,52,2bb3f635c17f,2484b586c479,p1,1,0,True
retro-reborn-circuit-day-1-pittsburgh-edison,2,53,205aaba503be,188880d67ae0,p2,1,0,True
retro-reborn-circuit-day-1-pittsburgh-edison,2,54,4f64150ba701,4eccf38d3c04,p1,1,0,True
retro-reborn-circuit-day-1-pittsburgh-edison,2,55,5ed27eba4b87,2bf26872545d,p1,1,0,True
retro-reborn-circuit-day-1-pittsburgh-edison,2,56,2b4d38ed171f,19d0e09d3105,p1,1,0,True
retro-reborn-circuit-day-1-pittsburgh-edison,2,57,a56ca5f90103,73117781a284,p2,1,0,True
retro-reborn-circuit-day-1-pittsburgh-edison,2,58,ee18b374d76b,da0c1b050f96,p2,1,0,True
retro-reborn-circuit-day-1-pittsburgh-edison,2,59,308d36374388,7e426e19a6a3,p1,1,0,True
retro-reborn-circuit-day-1-pittsburgh-edison,2,60,dcff02a1a893,8704e1a4aada,p2,1,0,True
retro-reborn-circuit-day-1-pittsburgh-edison,2,61,eabf55664c59,1a53eaf6e3d8,p2,1,0,True
retro-reborn-circuit-day-1-pittsburgh-edison,2,62,905caca38629,37f0e7acf814,p2,1,0,True
retro-reborn-circuit-day-1-pittsburgh-edison,2,63,95398e45beb1,ac0e33d02845,p1,1,0,True
retro-reborn-circuit-day-1-pittsburgh-edison,2,64,e8afafc500ee,695fc2a1553b,p2,1,0,True
retro-reborn-circuit-day-1-pittsburgh-edison,2,65,14109b542b1b,8cc6b5c7ec39,p1,1,0,True
retro-reborn-circuit-day-1-pittsburgh-edison,2,66,c59846d47d8d,a3af5357db8e,p2,1,0,True
retro-reborn-circuit-day-1-pittsburgh-edison,2,67,b0f9bcda655c,0d4eac007aa1,p1,1,0,True
retro-reborn-circuit-day-1-pittsburgh-edison,2,68,fb59653fbdbf,ab5ca9e1a1bd,p2,1,0,True
retro-reborn-circuit-day-1-pittsburgh-edison,2,69,67a9d29c7260,b872387624e2,p1,1,0,True
retro-reborn-circuit-day-1-pittsburgh-edison,2,70,7d7d29798d76,910c90df211c,p2,1,0,True
retro-reborn-circuit-day-1-pittsburgh-edison,2,71,5ecbaab75254,ccba6b43a764,p2,1,0,True
retro-reborn-circuit-day-1-pittsburgh-edison,2,72,58240886959e,6da408177e00,p2,1,0,True
retro-reborn-circuit-day-1-pittsburgh-edison,2,73,d6c7a2cb957e,949e1c341c55,p2,1,0,True
retro-reborn-circuit-day-1-pittsburgh-edison,2,74,0bbf2566ceb9,c82552679ae5,p1,1,0,True
retro-reborn-circuit-day-1-pittsburgh-edison,2,75,2a8c4b85f479,044b54840ea1,p2,1,0,True
retro-reborn-circuit-day-1-pittsburgh-edison,2,76,90a2ea6f863f,6d5fdd6f0987,p2,1,0,True
retro-reborn-circuit-day-1-pittsburgh-edison,2,77,ec00c290ab90,3a07f40cbbe0,p2,1,0,True
retro-reborn-circuit-day-1-pittsburgh-edison,2,78,f663252e1e61,ac625738dbb3,p1,1,0,True
retro-reborn-circuit-day-1-pittsburgh-edison,2,79,0266c75b9d57,bc6b61633a1d,p1,1,0,True
retro-reborn-circuit-day-1-pittsburgh-edison,2,80,4d570eee53a6,c0e164836a75,p1,1,0,True
retro-reborn-circuit-day-1-pittsburgh-edison,2,81,2c9c987756df,9f34671a13f2,p1,1,0,True
retro-reborn-circuit-day-1-pittsburgh-edison,2,82,90cd973c9981,a6fdf251161a,p2,1,0,True
retro-reborn-circuit-day-1-pittsburgh-edison,2,83,53370b893baf,2b3bfcc337a1,p2,1,0,True
retro-reborn-circuit-day-1-pittsburgh-edison,2,84,e37d35d5a9b5,ad497da844e5,p1,1,0,True
retro-reborn-circuit-day-1-pittsburgh-edison,2,85,1a07253b9f5f,e9e3da847dec,p2,1,0,True
retro-reborn-circuit-day-1-pittsburgh-edison,2,86,7e294dd09a28,4fed865dd939,p1,1,0,True
retro-reborn-circuit-day-1-pittsburgh-edison,2,87,c11d443124f9,7a6a73ff8198,p1,1,0,True
retro-reborn-circuit-day-1-pittsburgh-edison,2,88,2dac938e7af6,8b46f61a5bf0,p2,1,0,True
retro-reborn-circuit-day-1-pittsburgh-edison,2,89,8883c67b7383,997037171f4e,p2,1,0,True
retro-reborn-circuit-day-1-pittsburgh-edison,2,90,39a351442023,f00eb120ac4f,p1,1,0,True
retro-reborn-circuit-day-1-pittsburgh-edison,2,91,6abd1b59c7c2,44abab93633e,p1,1,0,True
retro-reborn-circuit-day-1-pittsburgh-edison,2,92,4ab437c95a73,ea8b83ba488e,p1,1,0,True
retro-reborn-circuit-day-1-pittsburgh-edison,2,93,81db65d0cada,5aa54af67805,p2,1,0,True
retro-reborn-circuit-day-1-pittsburgh-edison,2,94,b243da9569b1,124c0aa52e64,p1,1,0,True
retro-reborn-circuit-day-1-pittsburgh-edison,2,95,1aa800a08b2d,35cdf84d8560,p1,1,0,True
retro-reborn-circuit-day-1-pittsburgh-edison,2,96,869cdb37bac8,a0d433848a79,p2,1,0,True
retro-reborn-circuit-day-1-pittsburgh-edison,2,97,b54fc77bf758,781ebd5e7c35,p2,1,0,True
retro-reborn-circuit-day-1-pittsburgh-edison,2,98,ed0b1fc216ec,150524b501d9,p1,1,0,True
retro-reborn-circuit-day-1-pittsburgh-edison,2,99,2b4e28f2bb3e,095520e61fe4,p1,1,0,True
retro-reborn-circuit-day-1-pittsburgh-edison,2,100,d0494701f975,49c674b21f5c,p1,1,0,True
retro-reborn-circuit-day-1-pittsburgh-edison,2,101,c0701e87069b,250c423c6597,p2,1,0,True
retro-reborn-circuit-day-1-pittsburgh-edison,2,102,bfe531f49a7c,f8e892757863,p2,1,0,True
retro-reborn-circuit-day-1-pittsburgh-edison,2,103,0090c09ac210,97ba097dfac1,p1,1,0,True
retro-reborn-circuit-day-1-pittsburgh-edison,2,104,57c9c736f040,95da534b0f49,p2,1,0,True
retro-reborn-circuit-day-1-pittsburgh-edison,2,105,151e869fcf64,69d3e00878ed,p2,1,0,True
retro-reborn-circuit-day-1-pittsburgh-edison,2,106,169bb0596470,ec8aaf6a1ca5,p2,1,0,True
retro-reborn-circuit-day-1-pittsburgh-edison,2,107,ffd6c6f26f9e,1e44559f1bf7,p2,1,0,True
retro-reborn-circuit-day-1-pittsburgh-edison,2,108,910061b35866,5d28843e9059,p1,1,0,True
retro-reborn-circuit-day-1-pittsburgh-edison,2,109,99f088776f09,df99d44add31,p2,1,0,True
retro-reborn-circuit-day-1-pittsburgh-edison,2,110,97811dd90989,69b7fe057419,p1,1,0,True
retro-reborn-circuit-day-1-pittsburgh-edison,2,111,4e54f61f9ce6,ed4232140b55,p1,1,0,True
retro-reborn-circuit-day-1-pittsburgh-edison,2,112,41556373bba1,8967e2a0acd2,p2,1,0,True
retro-reborn-circuit-day-1-pittsburgh-edison,2,113,ac11f4821f9e,0dd66eb6cfa9,p1,1,0,True
retro-reborn-circuit-day-1-pittsburgh-edison,2,114,dbea0acdee60,b1af61d63c9c,p2,1,0,True
retro-reborn-circuit-day-1-pittsburgh-edison,2,115,e5e60a3e0322,5d98013615d1,p2,1,0,True
retro-reborn-circuit-day-1-pittsburgh-edison,2,116,0c09816754a2,9ec302b1cd5d,p2,1,0,True
retro-reborn-circuit-day-1-pittsburgh-edison,2,117,446dfdff5e10,1e7ad37b71db,p1,1,0,True
retro-reborn-circuit-day-1-pittsburgh-edison,2,118,b663e10ae008,f18c24ab6e95,p1,1,0,True
retro-reborn-circuit-day-1-pittsburgh-edison,2,119,63a841e72214,ed0a46d53940,p2,1,0,True
retro-reborn-circuit-day-1-pittsburgh-edison,2,120,3a7504027c8a,da5e20f35cab,p2,1,0,True
retro-reborn-circuit-day-1-pittsburgh-edison,2,121,9e7e10a79052,0c6e1c3eb277,p2,1,0,True
retro-reborn-circuit-day-1-pittsburgh-edison,2,122,243e1ea3f2fa,e712e36554b9,p2,2,1,True
retro-reborn-circuit-day-1-pittsburgh-edison,2,123,9040b8b92134,36d24caeb56c,p1,1,0,True
retro-reborn-circuit-day-1-pittsburgh-edison,2,124,3cfdcf287552,ac90a5b36925,p2,1,0,True
retro-reborn-circuit-day-1-pittsburgh-edison,2,125,011f8f5d3c1c,acd68261534b,p1,1,0,True
retro-reborn-circuit-day-1-pittsburgh-edison,3,1,471895c408a5,dfb590d7822b,p2,1,0,True
retro-reborn-circuit-day-1-pittsburgh-edison,3,2,82f967d03f35,7cb6c6e2260a,p2,1,0,True
retro-reborn-circuit-day-1-pittsburgh-edison,3,3,b27c3ae81195,67ea5a2a0911,p2,1,0,True
retro-reborn-circuit-day-1-pittsburgh-edison,3,4,5ed27eba4b87,b09affa72191,p1,1,0,True
retro-reborn-circuit-day-1-pittsburgh-edison,3,5,ea4e4d98db88,da0c1b050f96,p1,1,0,True
retro-reborn-circuit-day-1-pittsburgh-edison,3,6,957a065e6b82,060a67d975c1,p1,1,0,True
retro-reborn-circuit-day-1-pittsburgh-edison,3,7,b802db20836b,c7016dfb5074,p2,1,0,True
retro-reborn-circuit-day-1-pittsburgh-edison,3,8,3fce6023477d,143d2ea47628,p2,1,0,True
retro-reborn-circuit-day-1-pittsburgh-edison,3,9,2b4d38ed171f,43397d7df068,p1,1,0,True
retro-reborn-circuit-day-1-pittsburgh-edison,3,10,4f64150ba701,cce73fd27211,p2,1,0,True
retro-reborn-circuit-day-1-pittsburgh-edison,3,11,af3942e9db48,7028cd6b06c9,p1,1,0,True
retro-reborn-circuit-day-1-pittsburgh-edison,3,12,b2d53923cf02,8704e1a4aada,p1,1,0,True
retro-reborn-circuit-day-1-pittsburgh-edison,3,13,2bb3f635c17f,ae500de226b3,p1,1,0,True
retro-reborn-circuit-day-1-pittsburgh-edison,3,14,be2f9b4f46b2,73117781a284,p1,1,0,True
retro-reborn-circuit-day-1-pittsburgh-edison,3,15,ba70149d4174,7b57b1dff980,p1,1,0,True
retro-reborn-circuit-day-1-pittsburgh-edison,3,16,0edf28b0ea46,f771aa0cb275,p1,1,0,True
retro-reborn-circuit-day-1-pittsburgh-edison,3,17,c7009eff338a,caf5061e38c7,p2,1,0,True
retro-reborn-circuit-day-1-pittsburgh-edison,3,18,25957ca03343,188880d67ae0,p1,1,0,True
retro-reborn-circuit-day-1-pittsburgh-edison,3,19,b88b9b46fed9,e9b8fce8266b,p1,1,0,True
retro-reborn-circuit-day-1-pittsburgh-edison,3,20,fa8f3e2419ec,308d36374388,p2,1,0,True
retro-reborn-circuit-day-1-pittsburgh-edison,3,21,ef1b05660052,cde0efd74bd2,p1,1,0,True
retro-reborn-circuit-day-1-pittsburgh-edison,3,22,2a276112b270,1a53eaf6e3d8,p2,1,0,True
retro-reborn-circuit-day-1-pittsburgh-edison,3,23,d10b376b730a,8fad7d2a23a1,p2,1,0,True
retro-reborn-circuit-day-1-pittsburgh-edison,3,24,c56fc8527649,a9219aa352b8,p2,1,0,True
retro-reborn-circuit-day-1-pittsburgh-edison,3,25,4062d44a74bb,5e196cec56fb,p1,1,0,True
retro-reborn-circuit-day-1-pittsburgh-edison,3,26,017165a95039,2b720ce67282,p1,1,0,True
retro-reborn-circuit-day-1-pittsburgh-edison,3,27,06311cce4f2b,e53799904a2b,p1,1,0,True
retro-reborn-circuit-day-1-pittsburgh-edison,3,28,3341bfa286fe,5d802f186d99,p1,1,0,True
retro-reborn-circuit-day-1-pittsburgh-edison,3,29,7275d882a6cf,427af8578345,p2,1,0,True
retro-reborn-circuit-day-1-pittsburgh-edison,3,30,e9047a66eca0,7b8e6c384581,p1,1,0,True
retro-reborn-circuit-day-1-pittsburgh-edison,3,31,cf9ebae55b72,95398e45beb1,p2,1,0,True
retro-reborn-circuit-day-1-pittsburgh-edison,3,32,37f0e7acf814,910c90df211c,p2,1,0,True
retro-reborn-circuit-day-1-pittsburgh-edison,3,33,2b3bfcc337a1,ac478c4faa1b,p1,1,0,True
retro-reborn-circuit-day-1-pittsburgh-edison,3,34,ee18b374d76b,da5e20f35cab,p2,1,0,True
retro-reborn-circuit-day-1-pittsburgh-edison,3,35,4ab437c95a73,b663e10ae008,p1,1,0,True
retro-reborn-circuit-day-1-pittsburgh-edison,3,36,fc881a2cd9cc,910061b35866,p2,1,0,True
retro-reborn-circuit-day-1-pittsburgh-edison,3,37,2c9c987756df,541f1487ac43,p2,1,0,True
retro-reborn-circuit-day-1-pittsburgh-edison,3,38,ce6e27e7f64e,67a9d29c7260,p1,1,0,True
retro-reborn-circuit-day-1-pittsburgh-edison,3,39,34c4ffbdfbd5,9a9c82713593,p2,1,0,True
retro-reborn-circuit-day-1-pittsburgh-edison,3,40,0bbf2566ceb9,678a958e6ee5,p1,1,0,True
retro-reborn-circuit-day-1-pittsburgh-edison,3,41,2d49a7a618d6,205aaba503be,p2,1,0,True
retro-reborn-circuit-day-1-pittsburgh-edison,3,42,80772c7479c3,b021647b2dbb,p2,1,0,True
retro-reborn-circuit-day-1-pittsburgh-edison,3,43,0266c75b9d57,fd60c95b03c4,p2,1,0,True
retro-reborn-circuit-day-1-pittsburgh-edison,3,44,89d029a90bb9,9ec302b1cd5d,p1,1,0,True
retro-reborn-circuit-day-1-pittsburgh-edison,3,45,b0f9bcda655c,446dfdff5e10,p1,1,0,True
retro-reborn-circuit-day-1-pittsburgh-edison,3,46,14109b542b1b,4a0f1cde7c5e,p1,1,0,True
retro-reborn-circuit-day-1-pittsburgh-edison,3,47,ed0a46d53940,5dd1a36e04e9,p2,1,0,True
retro-reborn-circuit-day-1-pittsburgh-edison,3,48,ac90a5b36925,ffe619736768,p2,1,0,True
retro-reborn-circuit-day-1-pittsburgh-edison,3,49,391b44b46cda,8b46f61a5bf0,p1,1,0,True
retro-reborn-circuit-day-1-pittsburgh-edison,3,50,21537c8031e9,4d570eee53a6,p2,1,0,True
retro-reborn-circuit-day-1-pittsburgh-edison,3,51,29b386c1c224,e55e7207b828,p2,1,0,True
retro-reborn-circuit-day-1-pittsburgh-edison,3,52,a7b26b8e62d8,95da534b0f49,p1,1,0,True
retro-reborn-circuit-day-1-pittsburgh-edison,3,53,66ad22b4981a,5d98013615d1,p1,1,0,True
retro-reborn-circuit-day-1-pittsburgh-edison,3,54,8f77c1cacce2,f8e892757863,p1,1,0,True
retro-reborn-circuit-day-1-pittsburgh-edison,3,55,4e4e0147dad5,1e44559f1bf7,p1,1,0,True
retro-reborn-circuit-day-1-pittsburgh-edison,3,56,6d5fdd6f0987,39a351442023,p1,1,0,True
retro-reborn-circuit-day-1-pittsburgh-edison,3,57,ec8aaf6a1ca5,27da43677430,p2,1,0,True
retro-reborn-circuit-day-1-pittsburgh-edison,3,58,4e54f61f9ce6,1878d6cb3e7c,p1,1,0,True
retro-reborn-circuit-day-1-pittsburgh-edison,3,59,dcff02a1a893,2484b586c479,p1,1,0,True
retro-reborn-circuit-day-1-pittsburgh-edison,3,60,f663252e1e61,ed0b1fc216ec,p1,1,0,True
retro-reborn-circuit-day-1-pittsburgh-edison,3,61,879ef8335272,9fb8a75ccaf8,p2,1,0,True
retro-reborn-circuit-day-1-pittsburgh-edison,3,62,2cfd37688da5,781ebd5e7c35,p1,2,0,True
retro-reborn-circuit-day-1-pittsburgh-edison,3,63,5a1fc49e132b,695fc2a1553b,p2,1,0,True
retro-reborn-circuit-day-1-pittsburgh-edison,3,64,eabf55664c59,8967e2a0acd2,p2,1,0,True
retro-reborn-circuit-day-1-pittsburgh-edison,3,65,26fc4e9e3c9c,2bf26872545d,p1,1,0,True
retro-reborn-circuit-day-1-pittsburgh-edison,3,66,ccba6b43a764,c11d443124f9,p2,1,0,True
retro-reborn-circuit-day-1-pittsburgh-edison,3,67,0090c09ac210,a3af5357db8e,p1,1,0,True
retro-reborn-circuit-day-1-pittsburgh-edison,3,68,55436152ef2e,ce71f3863e89,p2,1,0,True
retro-reborn-circuit-day-1-pittsburgh-edison,3,69,ac11f4821f9e,9040b8b92134,p1,1,0,True
retro-reborn-circuit-day-1-pittsburgh-edison,3,70,57be2cc44fe7,6da408177e00,p2,1,0,True
retro-reborn-circuit-day-1-pittsburgh-edison,3,71,a56ca5f90103,19d0e09d3105,p1,1,0,True
retro-reborn-circuit-day-1-pittsburgh-edison,3,72,0c6e1c3eb277,69d3e00878ed,p2,1,0,True
retro-reborn-circuit-day-1-pittsburgh-edison,3,73,7e426e19a6a3,3356e36553ef,p1,1,0,True
retro-reborn-circuit-day-1-pittsburgh-edison,3,74,fb9f40877093,949e1c341c55,p1,1,0,True
retro-reborn-circuit-day-1-pittsburgh-edison,3,75,7f04e3cac5ad,97811dd90989,p1,1,0,True
retro-reborn-circuit-day-1-pittsburgh-edison,3,76,df99d44add31,7e294dd09a28,p1,1,0,True
retro-reborn-circuit-day-1-pittsburgh-edison,3,77,00b995cc2122,138eb00cfcb9,p2,1,0,True
retro-reborn-circuit-day-1-pittsburgh-edison,3,78,d01651af9bb2,044b54840ea1,p1,1,0,True
retro-reborn-circuit-day-1-pittsburgh-edison,3,79,7f17ec52aed4,905caca38629,p1,1,0,True
retro-reborn-circuit-day-1-pittsburgh-edison,3,80,6abd1b59c7c2,753f0817553c,p1,1,0,True
retro-reborn-circuit-day-1-pittsburgh-edison,3,81,a3f179514023,de6d9446e451,p1,1,0,True
retro-reborn-circuit-day-1-pittsburgh-edison,3,82,a0d433848a79,4eccf38d3c04,p2,1,0,True
retro-reborn-circuit-day-1-pittsburgh-edison,3,83,b1af61d63c9c,2b4e28f2bb3e,p1,1,0,True
retro-reborn-circuit-day-1-pittsburgh-edison,3,84,e37d35d5a9b5,a6fdf251161a,p2,1,0,True
retro-reborn-circuit-day-1-pittsburgh-edison,3,85,e9e3da847dec,011f8f5d3c1c,p2,1,0,True
retro-reborn-circuit-day-1-pittsburgh-edison,3,86,8863db0b3202,1aa800a08b2d,p2,1,0,True
retro-reborn-circuit-day-1-pittsburgh-edison,3,87,b243da9569b1,bfac4c66a9a7,p1,1,0,True
retro-reborn-circuit-day-1-pittsburgh-edison,3,88,d0494701f975,3a07f40cbbe0,p1,1,0,True
retro-reborn-circuit-day-1-pittsburgh-edison,3,89,250c423c6597,6e1f0719c5d0,p1,1,0,True
retro-reborn-circuit-day-1-pittsburgh-edison,3,90,ab5ca9e1a1bd,999a505f55c7,p2,1,0,True
retro-reborn-circuit-day-1-pittsburgh-edison,3,91,5aa54af67805,5410aa10e1ee,p2,1,0,True
retro-reborn-circuit-day-1-pittsburgh-edison,3,92,bb788fa627be,e712e36554b9,p2,1,0,True
retro-reborn-circuit-day-1-pittsburgh-edison,3,93,997037171f4e,5586c4a19af2,p2,1,0,True
retro-reborn-circuit-day-1-pittsburgh-edison,3,94,e8afafc500ee,ac0e33d02845,p2,1,0,True
retro-reborn-circuit-day-1-pittsburgh-edison,3,95,35cdf84d8560,b872387624e2,p2,1,0,True
retro-reborn-circuit-day-1-pittsburgh-edison,3,96,150524b501d9,7a6a73ff8198,p1,1,0,True
retro-reborn-circuit-day-1-pittsburgh-edison,3,97,0dd66eb6cfa9,124c0aa52e64,p2,1,0,True
retro-reborn-circuit-day-1-pittsburgh-edison,3,98,5d28843e9059,9e7e10a79052,p2,1,0,True
retro-reborn-circuit-day-1-pittsburgh-edison,3,99,e5e60a3e0322,169bb0596470,p1,1,0,True
retro-reborn-circuit-day-1-pittsburgh-edison,3,100,095520e61fe4,4fed865dd939,p1,1,0,True
retro-reborn-circuit-day-1-pittsburgh-edison,3,101,90a2ea6f863f,243e1ea3f2fa,p1,2,0,True
retro-reborn-circuit-day-1-pittsburgh-edison,3,102,5ecbaab75254,acd68261534b,p2,1,0,True
retro-reborn-circuit-day-1-pittsburgh-edison,3,103,ec00c290ab90,8883c67b7383,p1,1,0,True
retro-reborn-circuit-day-1-pittsburgh-edison,3,104,3cfdcf287552,ac625738dbb3,p1,1,0,True
retro-reborn-circuit-day-1-pittsburgh-edison,3,105,44abab93633e,63a841e72214,p1,1,0,True
retro-reborn-circuit-day-1-pittsburgh-edison,3,106,f00eb120ac4f,36d24caeb56c,p2,1,0,True
retro-reborn-circuit-day-1-pittsburgh-edison,3,107,c59846d47d8d,0d4eac007aa1,p1,1,0,True
retro-reborn-circuit-day-1-pittsburgh-edison,3,108,fb59653fbdbf,151e869fcf64,p1,1,0,True
retro-reborn-circuit-day-1-pittsburgh-edison,3,109,7d7d29798d76,2dac938e7af6,p2,1,0,True
retro-reborn-circuit-day-1-pittsburgh-edison,3,110,58240886959e,69b7fe057419,p2,1,0,True
retro-reborn-circuit-day-1-pittsburgh-edison,3,111,97ba097dfac1,d6c7a2cb957e,p2,1,0,True
retro-reborn-circuit-day-1-pittsburgh-edison,3,112,3a7504027c8a,99f088776f09,p1,1,0,True
retro-reborn-circuit-day-1-pittsburgh-edison,3,113,ea8b83ba488e,0c09816754a2,p1,1,0,True
retro-reborn-circuit-day-1-pittsburgh-edison,3,114,53370b893baf,dbea0acdee60,p1,1,0,True
retro-reborn-circuit-day-1-pittsburgh-edison,3,115,8cc6b5c7ec39,ffd6c6f26f9e,p2,1,0,True
retro-reborn-circuit-day-1-pittsburgh-edison,3,116,869cdb37bac8,ed4232140b55,p1,1,0,True
retro-reborn-circuit-day-1-pittsburgh-edison,3,117,81db65d0cada,2a8c4b85f479,p2,1,0,True
retro-reborn-circuit-day-1-pittsburgh-edison,3,118,c0701e87069b,90cd973c9981,p2,1,0,True
retro-reborn-circuit-day-1-pittsburgh-edison,3,119,b54fc77bf758,c0e164836a75,p1,1,0,True
retro-reborn-circuit-day-1-pittsburgh-edison,3,120,49c674b21f5c,f18c24ab6e95,p2,1,0,True
retro-reborn-circuit-day-1-pittsburgh-edison,3,121,bfe531f49a7c,bc6b61633a1d,p2,1,0,True
retro-reborn-circuit-day-1-pittsburgh-edison,3,122,57c9c736f040,9f34671a13f2,p2,1,0,True
retro-reborn-circuit-day-1-pittsburgh-edison,4,1,ef1b05660052,cce73fd27211,p2,1,0,True
retro-reborn-circuit-day-1-pittsburgh-edison,4,2,7cb6c6e2260a,957a065e6b82,p2,1,0,True
retro-reborn-circuit-day-1-pittsburgh-edison,4,3,2b4d38ed171f,67ea5a2a0911,p1,1,0,True
retro-reborn-circuit-day-1-pittsburgh-edison,4,4,b2d53923cf02,af3942e9db48,p2,1,0,True
retro-reborn-circuit-day-1-pittsburgh-edison,4,5,b88b9b46fed9,e9047a66eca0,p2,1,0,True
retro-reborn-circuit-day-1-pittsburgh-edison,4,6,017165a95039,0edf28b0ea46,p2,1,0,True
retro-reborn-circuit-day-1-pittsburgh-edison,4,7,06311cce4f2b,143d2ea47628,p2,1,0,True
retro-reborn-circuit-day-1-pittsburgh-edison,4,8,5ed27eba4b87,ea4e4d98db88,p1,1,0,True
retro-reborn-circuit-day-1-pittsburgh-edison,4,9,427af8578345,25957ca03343,p1,1,0,True
retro-reborn-circuit-day-1-pittsburgh-edison,4,10,c7016dfb5074,ba70149d4174,p2,1,0,True
retro-reborn-circuit-day-1-pittsburgh-edison,4,11,308d36374388,2bb3f635c17f,p2,1,0,True
retro-reborn-circuit-day-1-pittsburgh-edison,4,12,be2f9b4f46b2,1a53eaf6e3d8,p2,1,0,True
retro-reborn-circuit-day-1-pittsburgh-edison,4,13,4062d44a74bb,a9219aa352b8,p2,1,0,True
retro-reborn-circuit-day-1-pittsburgh-edison,4,14,3341bfa286fe,caf5061e38c7,p2,1,0,True
retro-reborn-circuit-day-1-pittsburgh-edison,4,15,dfb590d7822b,8fad7d2a23a1,p1,1,0,True
retro-reborn-circuit-day-1-pittsburgh-edison,4,16,95398e45beb1,060a67d975c1,p2,1,0,True
retro-reborn-circuit-day-1-pittsburgh-edison,4,17,a56ca5f90103,da5e20f35cab,p2,1,0,True
retro-reborn-circuit-day-1-pittsburgh-edison,4,18,c7009eff338a,471895c408a5,p2,1,0,True
retro-reborn-circuit-day-1-pittsburgh-edison,4,19,5586c4a19af2,5d802f186d99,p1,1,0,True
retro-reborn-circuit-day-1-pittsburgh-edison,4,20,138eb00cfcb9,2cfd37688da5,p2,2,0,True
retro-reborn-circuit-day-1-pittsburgh-edison,4,21,910c90df211c,4e54f61f9ce6,p1,1,0,True
retro-reborn-circuit-day-1-pittsburgh-edison,4,22,999a505f55c7,f771aa0cb275,p2,1,0,True
retro-reborn-circuit-day-1-pittsburgh-edison,4,23,250c423c6597,f663252e1e61,p1,1,0,True
retro-reborn-circuit-day-1-pittsburgh-edison,4,24,69d3e00878ed,d0494701f975,p2,1,0,True
retro-reborn-circuit-day-1-pittsburgh-edison,4,25,1aa800a08b2d,541f1487ac43,p1,1,0,True
retro-reborn-circuit-day-1-pittsburgh-edison,4,26,7028cd6b06c9,8967e2a0acd2,p1,1,0,True
retro-reborn-circuit-day-1-pittsburgh-edison,4,27,43397d7df068,c11d443124f9,p1,1,0,True
retro-reborn-circuit-day-1-pittsburgh-edison,4,28,73117781a284,5e196cec56fb,p1,1,0,True
retro-reborn-circuit-day-1-pittsburgh-edison,4,29,27da43677430,b021647b2dbb,p2,1,0,True
retro-reborn-circuit-day-1-pittsburgh-edison,4,30,66ad22b4981a,2b3bfcc337a1,p1,1,0,True
retro-reborn-circuit-day-1-pittsburgh-edison,4,31,fb9f40877093,14109b542b1b,p1,1,0,True
retro-reborn-circuit-day-1-pittsburgh-edison,4,32,4e4e0147dad5,910061b35866,p1,1,0,True
retro-reborn-circuit-day-1-pittsburgh-edison,4,33,8704e1a4aada,a6fdf251161a,p1,1,0,True
retro-reborn-circuit-day-1-pittsburgh-edison,4,34,9a9c82713593,c56fc8527649,p1,1,0,True
retro-reborn-circuit-day-1-pittsburgh-edison,4,35,cf9ebae55b72,2b720ce67282,p1,1,0,True
retro-reborn-circuit-day-1-pittsburgh-edison,4,36,e53799904a2b,5410aa10e1ee,p1,1,0,True
retro-reborn-circuit-day-1-pittsburgh-edison,4,37,a7b26b8e62d8,4eccf38d3c04,p1,1,0,True
retro-reborn-circuit-day-1-pittsburgh-edison,4,38,5dd1a36e04e9,7b8e6c384581,p1,1,0,True
retro-reborn-circuit-day-1-pittsburgh-edison,4,39,0bbf2566ceb9,7275d882a6cf,p1,1,0,True
retro-reborn-circuit-day-1-pittsburgh-edison,4,40,3fce6023477d,0090c09ac210,p2,1,0,True
retro-reborn-circuit-day-1-pittsburgh-edison,4,41,b1af61d63c9c,ae500de226b3,p1,1,0,True
retro-reborn-circuit-day-1-pittsburgh-edison,4,42,6abd1b59c7c2,b0f9bcda655c,p2,1,0,True
retro-reborn-circuit-day-1-pittsburgh-edison,4,43,188880d67ae0,ce71f3863e89,p1,1,0,True
retro-reborn-circuit-day-1-pittsburgh-edison,4,44,d10b376b730a,e712e36554b9,p1,1,0,True
retro-reborn-circuit-day-1-pittsburgh-edison,4,45,ffe619736768,2a276112b270,p1,1,0,True
retro-reborn-circuit-day-1-pittsburgh-edison,4,46,89d029a90bb9,4d570eee53a6,p2,1,0,True
retro-reborn-circuit-day-1-pittsburgh-edison,4,47,011f8f5d3c1c,7b57b1dff980,p2,1,0,True
retro-reborn-circuit-day-1-pittsburgh-edison,4,48,df99d44add31,695fc2a1553b,p2,1,0,True
retro-reborn-circuit-day-1-pittsburgh-edison,4,49,fd60c95b03c4,dcff02a1a893,p2,1,0,True
retro-reborn-circuit-day-1-pittsburgh-edison,4,50,b802db20836b,4f64150ba701,p2,1,0,True
retro-reborn-circuit-day-1-pittsburgh-edison,4,51,7f04e3cac5ad,ce6e27e7f64e,p2,1,0,True
retro-reborn-circuit-day-1-pittsburgh-edison,4,52,6d5fdd6f0987,b27c3ae81195,p1,1,0,True
retro-reborn-circuit-day-1-pittsburgh-edison,4,53,a3f179514023,7e426e19a6a3,p2,1,0,True
retro-reborn-circuit-day-1-pittsburgh-edison,4,54,4ab437c95a73,b243da9569b1,p2,1,0,True
retro-reborn-circuit-day-1-pittsburgh-edison,4,55,e9b8fce8266b,cde0efd74bd2,p2,1,0,True
retro-reborn-circuit-day-1-pittsburgh-edison,4,56,6da408177e00,e55e7207b828,p1,1,0,True
retro-reborn-circuit-day-1-pittsburgh-edison,4,57,205aaba503be,b09affa72191,p1,1,0,True
retro-reborn-circuit-day-1-pittsburgh-edison,4,58,fa8f3e2419ec,9fb8a75ccaf8,p2,1,0,True
retro-reborn-circuit-day-1-pittsburgh-edison,4,59,26fc4e9e3c9c,ac11f4821f9e,p1,1,0,True
retro-reborn-circuit-day-1-pittsburgh-edison,4,60,391b44b46cda,d01651af9bb2,p2,1,0,True
retro-reborn-circuit-day-1-pittsburgh-edison,4,61,da0c1b050f96,8f77c1cacce2,p2,1,0,True
retro-reborn-circuit-day-1-pittsburgh-edison,4,62,82f967d03f35,7f17ec52aed4,p1,1,0,True
retro-reborn-circuit-day-1-pittsburgh-edison,4,63,ac0e33d02845,6e1f0719c5d0,p1,1,0,True
retro-reborn-circuit-day-1-pittsburgh-edison,4,64,37f0e7acf814,44abab93633e,p2,1,0,True
retro-reborn-circuit-day-1-pittsburgh-edison,4,65,f8e892757863,2bf26872545d,p1,1,0,True
retro-reborn-circuit-day-1-pittsburgh-edison,4,66,9040b8b92134,ab5ca9e1a1bd,p2,1,0,True
retro-reborn-circuit-day-1-pittsburgh-edison,4,67,29b386c1c224,39a351442023,p1,1,0,True
retro-reborn-circuit-day-1-pittsburgh-edison,4,68,ee18b374d76b,e9e3da847dec,p1,1,0,True
retro-reborn-circuit-day-1-pittsburgh-edison,4,69,a0d433848a79,a3af5357db8e,p1,1,0,True
retro-reborn-circuit-day-1-pittsburgh-edison,4,70,fc881a2cd9cc,90a2ea6f863f,p2,2,1,True
retro-reborn-circuit-day-1-pittsburgh-edison,4,71,ed0b1fc216ec,ccba6b43a764,p2,1,0,True
retro-reborn-circuit-day-1-pittsburgh-edison,4,72,e5e60a3e0322,2a8c4b85f479,p1,1,0,True
retro-reborn-circuit-day-1-pittsburgh-edison,4,73,8863db0b3202,69b7fe057419,p2,1,0,True
retro-reborn-circuit-day-1-pittsburgh-edison,4,74,3a07f40cbbe0,00b995cc2122,p2,1,0,True
retro-reborn-circuit-day-1-pittsburgh-edison,4,75,9f34671a13f2,55436152ef2e,p1,1,0,True
retro-reborn-circuit-day-1-pittsburgh-edison,4,76,b872387624e2,124c0aa52e64,p2,1,0,True
retro-reborn-circuit-day-1-pittsburgh-edison,4,77,90cd973c9981,bc6b61633a1d,p1,1,0,True
retro-reborn-circuit-day-1-pittsburgh-edison,4,78,2d49a7a618d6,ac90a5b36925,p1,1,0,True
retro-reborn-circuit-day-1-pittsburgh-edison,4,79,ffd6c6f26f9e,044b54840ea1,p2,1,0,True
retro-reborn-circuit-day-1-pittsburgh-edison,4,80,ec00c290ab90,905caca38629,p1,2,0,True
retro-reborn-circuit-day-1-pittsburgh-edison,4,81,b663e10ae008,3356e36553ef,p1,1,0,True
retro-reborn-circuit-day-1-pittsburgh-edison,4,82,0266c75b9d57,997037171f4e,p1,1,0,True
retro-reborn-circuit-day-1-pittsburgh-edison,4,83,97811dd90989,0c6e1c3eb277,p2,1,0,True
retro-reborn-circuit-day-1-pittsburgh-edison,4,84,879ef8335272,678a958e6ee5,p1,1,0,True
retro-reborn-circuit-day-1-pittsburgh-edison,4,85,36d24caeb56c,f18c24ab6e95,p1,1,0,True
retro-reborn-circuit-day-1-pittsburgh-edison,4,86,1878d6cb3e7c,c59846d47d8d,p1,1,0,True
retro-reborn-circuit-day-1-pittsburgh-edison,4,87,fb59653fbdbf,095520e61fe4,p2,1,0,True
retro-reborn-circuit-day-1-pittsburgh-edison,4,88,7e294dd09a28,80772c7479c3,p2,1,0,True
retro-reborn-circuit-day-1-pittsburgh-edison,4,89,ed0a46d53940,5aa54af67805,p1,1,0,True
retro-reborn-circuit-day-1-pittsburgh-edison,4,90,57be2cc44fe7,2b4e28f2bb3e,p1,1,0,True
retro-reborn-circuit-day-1-pittsburgh-edison,4,91,1e44559f1bf7,acd68261534b,p2,1,0,True
retro-reborn-circuit-day-1-pittsburgh-edison,4,92,ac478c4faa1b,4a0f1cde7c5e,p2,1,0,True
retro-reborn-circuit-day-1-pittsburgh-edison,4,93,5d98013615d1,ec8aaf6a1ca5,p1,1,0,True
retro-reborn-circuit-day-1-pittsburgh-edison,4,94,753f0817553c,2c9c987756df,p1,1,0,True
retro-reborn-circuit-day-1-pittsburgh-edison,4,95,bfac4c66a9a7,d6c7a2cb957e,p1,1,0,True
retro-reborn-circuit-day-1-pittsburgh-edison,4,96,150524b501d9,19d0e09d3105,p2,1,0,True
retro-reborn-circuit-day-1-pittsburgh-edison,4,97,2dac938e7af6,e37d35d5a9b5,p1,1,0,True
retro-reborn-circuit-day-1-pittsburgh-edison,4,98,de6d9446e451,bb788fa627be,p1,1,0,True
retro-reborn-circuit-day-1-pittsburgh-edison,4,99,9e7e10a79052,21537c8031e9,p2,1,0,True
retro-reborn-circuit-day-1-pittsburgh-edison,4,100,8b46f61a5bf0,3cfdcf287552,p2,2,0,True
retro-reborn-circuit-day-1-pittsburgh-edison,4,101,3a7504027c8a,95da534b0f49,p2,1,0,True
retro-reborn-circuit-day-1-pittsburgh-edison,4,102,b54fc77bf758,67a9d29c7260,p1,1,0,True
retro-reborn-circuit-day-1-pittsburgh-edison,4,103,53370b893baf,869cdb37bac8,p2,1,0,True
retro-reborn-circuit-day-1-pittsburgh-edison,4,104,e8afafc500ee,151e869fcf64,p2,1,0,True
retro-reborn-circuit-day-1-pittsburgh-edison,4,105,243e1ea3f2fa,8883c67b7383,p1,1,0,True
retro-reborn-circuit-day-1-pittsburgh-edison,4,106,49c674b21f5c,58240886959e,draw,,,True
retro-reborn-circuit-day-1-pittsburgh-edison,4,107,97ba097dfac1,7a6a73ff8198,p2,1,0,True
retro-reborn-circuit-day-1-pittsburgh-edison,4,108,0dd66eb6cfa9,5d28843e9059,p2,1,0,True
retro-reborn-circuit-day-1-pittsburgh-edison,4,109,ed4232140b55,0d4eac007aa1,draw,,,True
retro-reborn-circuit-day-1-pittsburgh-edison,5,1,ba70149d4174,143d2ea47628,p2,1,0,True
retro-reborn-circuit-day-1-pittsburgh-edison,5,2,caf5061e38c7,427af8578345,p2,1,0,True
retro-reborn-circuit-day-1-pittsburgh-edison,5,3,dfb590d7822b,af3942e9db48,p2,1,0,True
retro-reborn-circuit-day-1-pittsburgh-edison,5,4,5ed27eba4b87,957a065e6b82,p1,1,0,True
retro-reborn-circuit-day-1-pittsburgh-edison,5,5,a9219aa352b8,cce73fd27211,p1,1,0,True
retro-reborn-circuit-day-1-pittsburgh-edison,5,6,2b4d38ed171f,1a53eaf6e3d8,p1,1,0,True
retro-reborn-circuit-day-1-pittsburgh-edison,5,7,2bb3f635c17f,0edf28b0ea46,p2,1,0,True
retro-reborn-circuit-day-1-pittsburgh-edison,5,8,e9047a66eca0,82f967d03f35,p2,1,0,True
retro-reborn-circuit-day-1-pittsburgh-edison,5,9,f771aa0cb275,66ad22b4981a,p1,1,0,True
retro-reborn-circuit-day-1-pittsburgh-edison,5,10,4e4e0147dad5,5dd1a36e04e9,p2,1,0,True
retro-reborn-circuit-day-1-pittsburgh-edison,5,11,cf9ebae55b72,060a67d975c1,p2,1,0,True
retro-reborn-circuit-day-1-pittsburgh-edison,5,12,d01651af9bb2,6d5fdd6f0987,p1,1,0,True
retro-reborn-circuit-day-1-pittsburgh-edison,5,13,1aa800a08b2d,5586c4a19af2,p1,1,0,True
retro-reborn-circuit-day-1-pittsburgh-edison,5,14,205aaba503be,ea4e4d98db88,p2,1,0,True
retro-reborn-circuit-day-1-pittsburgh-edison,5,15,8fad7d2a23a1,910c90df211c,p2,1,0,True
retro-reborn-circuit-day-1-pittsburgh-edison,5,16,017165a95039,d0494701f975,p1,1,0,True
retro-reborn-circuit-day-1-pittsburgh-edison,5,17,9a9c82713593,b0f9bcda655c,p1,1,0,True
retro-reborn-circuit-day-1-pittsburgh-edison,5,18,8704e1a4aada,b243da9569b1,p2,1,0,True
retro-reborn-circuit-day-1-pittsburgh-edison,5,19,4d570eee53a6,67ea5a2a0911,p2,1,0,True
retro-reborn-circuit-day-1-pittsburgh-edison,5,20,a7b26b8e62d8,3341bfa286fe,p2,1,0,True
retro-reborn-circuit-day-1-pittsburgh-edison,5,21,cde0efd74bd2,ce6e27e7f64e,p2,1,0,True
retro-reborn-circuit-day-1-pittsburgh-edison,5,22,b88b9b46fed9,da5e20f35cab,p1,1,0,True
retro-reborn-circuit-day-1-pittsburgh-edison,5,23,ffe619736768,250c423c6597,p2,1,0,True
retro-reborn-circuit-day-1-pittsburgh-edison,5,24,73117781a284,188880d67ae0,p2,1,0,True
retro-reborn-circuit-day-1-pittsburgh-edison,5,25,b1af61d63c9c,9fb8a75ccaf8,p2,1,0,True
retro-reborn-circuit-day-1-pittsburgh-edison,5,26,d10b376b730a,695fc2a1553b,p2,1,0,True
retro-reborn-circuit-day-1-pittsburgh-edison,5,27,4f64150ba701,7b57b1dff980,p1,1,0,True
retro-reborn-circuit-day-1-pittsburgh-edison,5,28,7cb6c6e2260a,2cfd37688da5,p1,1,0,True
retro-reborn-circuit-day-1-pittsburgh-edison,5,29,43397d7df068,c7016dfb5074,p1,1,0,True
retro-reborn-circuit-day-1-pittsburgh-edison,5,30,be2f9b4f46b2,308d36374388,p1,1,0,True
retro-reborn-circuit-day-1-pittsburgh-edison,5,31,fb9f40877093,471895c408a5,p1,1,0,True
retro-reborn-circuit-day-1-pittsburgh-edison,5,32,0bbf2566ceb9,dcff02a1a893,p1,1,0,True
retro-reborn-circuit-day-1-pittsburgh-edison,5,33,7e426e19a6a3,b021647b2dbb,p2,1,0,True
retro-reborn-circuit-day-1-pittsburgh-edison,5,34,7028cd6b06c9,e53799904a2b,p2,1,0,True
retro-reborn-circuit-day-1-pittsburgh-edison,5,35,8f77c1cacce2,06311cce4f2b,p1,1,0,True
retro-reborn-circuit-day-1-pittsburgh-edison,5,36,6da408177e00,b2d53923cf02,p2,1,0,True
retro-reborn-circuit-day-1-pittsburgh-edison,5,37,0090c09ac210,4062d44a74bb,p2,1,0,True
retro-reborn-circuit-day-1-pittsburgh-edison,5,38,25957ca03343,26fc4e9e3c9c,p2,1,0,True
retro-reborn-circuit-day-1-pittsburgh-edison,5,39,ef1b05660052,ac0e33d02845,p2,1,0,True
retro-reborn-circuit-day-1-pittsburgh-edison,5,40,95398e45beb1,138eb00cfcb9,p1,1,0,True
retro-reborn-circuit-day-1-pittsburgh-edison,5,41,753f0817553c,b09affa72191,p2,1,0,True
retro-reborn-circuit-day-1-pittsburgh-edison,5,42,5d802f186d99,36d24caeb56c,p2,1,0,True
retro-reborn-circuit-day-1-pittsburgh-edison,5,43,27da43677430,7f04e3cac5ad,p2,1,0,True
retro-reborn-circuit-day-1-pittsburgh-edison,5,44,90cd973c9981,b27c3ae81195,p2,1,0,True
retro-reborn-circuit-day-1-pittsburgh-edison,5,45,ed0a46d53940,e55e7207b828,p2,1,0,True
retro-reborn-circuit-day-1-pittsburgh-edison,5,46,95da534b0f49,b663e10ae008,p2,1,0,True
retro-reborn-circuit-day-1-pittsburgh-edison,5,47,c11d443124f9,a0d433848a79,p1,1,0,True
retro-reborn-circuit-day-1-pittsburgh-edison,5,48,0c6e1c3eb277,f8e892757863,p2,1,0,True
retro-reborn-circuit-day-1-pittsburgh-edison,5,49,29b386c1c224,4a0f1cde7c5e,p1,1,0,True
retro-reborn-circuit-day-1-pittsburgh-edison,5,50,00b995cc2122,c56fc8527649,p2,1,0,True
retro-reborn-circuit-day-1-pittsburgh-edison,5,51,3fce6023477d,999a505f55c7,p2,1,0,True
retro-reborn-circuit-day-1-pittsburgh-edison,5,52,57be2cc44fe7,9f34671a13f2,p2,1,0,True
retro-reborn-circuit-day-1-pittsburgh-edison,5,53,de6d9446e451,c7009eff338a,p2,1,0,True
retro-reborn-circuit-day-1-pittsburgh-edison,5,54,ee18b374d76b,3cfdcf287552,p1,1,0,True
retro-reborn-circuit-day-1-pittsburgh-edison,5,55,69b7fe057419,541f1487ac43,p2,1,0,True
retro-reborn-circuit-day-1-pittsburgh-edison,5,56,a56ca5f90103,da0c1b050f96,p2,1,0,True
retro-reborn-circuit-day-1-pittsburgh-edison,5,57,5d98013615d1,ccba6b43a764,p1,1,0,True
retro-reborn-circuit-day-1-pittsburgh-edison,5,58,80772c7479c3,4eccf38d3c04,p2,1,0,True
retro-reborn-circuit-day-1-pittsburgh-edison,5,59,044b54840ea1,fd60c95b03c4,p1,1,0,True
retro-reborn-circuit-day-1-pittsburgh-edison,5,60,1878d6cb3e7c,df99d44add31,p2,1,0,True
retro-reborn-circuit-day-1-pittsburgh-edison,5,61,391b44b46cda,2a276112b270,p1,1,0,True
retro-reborn-circuit-day-1-pittsburgh-edison,5,62,2b3bfcc337a1,869cdb37bac8,p2,1,0,True
retro-reborn-circuit-day-1-pittsburgh-edison,5,63,0266c75b9d57,a3f179514023,p2,1,0,True
retro-reborn-circuit-day-1-pittsburgh-edison,5,64,b802db20836b,acd68261534b,p1,1,0,True
retro-reborn-circuit-day-1-pittsburgh-edison,5,65,ce71f3863e89,095520e61fe4,p1,1,0,True
retro-reborn-circuit-day-1-pittsburgh-edison,5,66,f663252e1e61,8967e2a0acd2,p2,1,0,True
retro-reborn-circuit-day-1-pittsburgh-edison,5,67,7b8e6c384581,e712e36554b9,p1,1,0,True
retro-reborn-circuit-day-1-pittsburgh-edison,5,68,89d029a90bb9,19d0e09d3105,p2,1,0,True
retro-reborn-circuit-day-1-pittsburgh-edison,5,69,4e54f61f9ce6,44abab93633e,p1,1,0,True
retro-reborn-circuit-day-1-pittsburgh-edison,5,70,ae500de226b3,5e196cec56fb,p1,1,0,True
retro-reborn-circuit-day-1-pittsburgh-edison,5,71,4ab437c95a73,2dac938e7af6,p2,1,0,True
retro-reborn-circuit-day-1-pittsburgh-edison,5,72,879ef8335272,910061b35866,p1,1,0,True
retro-reborn-circuit-day-1-pittsburgh-edison,5,73,fa8f3e2419ec,e9b8fce8266b,p2,1,0,True
retro-reborn-circuit-day-1-pittsburgh-edison,5,74,21537c8031e9,b54fc77bf758,p1,1,0,True
retro-reborn-circuit-day-1-pittsburgh-edison,5,75,7f17ec52aed4,ac11f4821f9e,p2,1,0,True
retro-reborn-circuit-day-1-pittsburgh-edison,5,76,14109b542b1b,011f8f5d3c1c,p2,1,0,True
retro-reborn-circuit-day-1-pittsburgh-edison,5,77,e5e60a3e0322,2d49a7a618d6,p1,1,0,True
retro-reborn-circuit-day-1-pittsburgh-edison,5,78,69d3e00878ed,90a2ea6f863f,p1,1,0,True
retro-reborn-circuit-day-1-pittsburgh-edison,5,79,a6fdf251161a,ab5ca9e1a1bd,p2,1,0,True
retro-reborn-circuit-day-1-pittsburgh-edison,5,80,bfac4c66a9a7,7275d882a6cf,p2,1,0,True
retro-reborn-circuit-day-1-pittsburgh-edison,5,81,37f0e7acf814,3a07f40cbbe0,p1,1,0,True
retro-reborn-circuit-day-1-pittsburgh-edison,5,82,e37d35d5a9b5,243e1ea3f2fa,p2,1,0,True
retro-reborn-circuit-day-1-pittsburgh-edison,5,83,7e294dd09a28,8863db0b3202,p2,1,0,True
retro-reborn-circuit-day-1-pittsburgh-edison,5,84,ac90a5b36925,7a6a73ff8198,p1,1,0,True
retro-reborn-circuit-day-1-pittsburgh-edison,5,85,d6c7a2cb957e,5aa54af67805,draw,,,True
retro-reborn-circuit-day-1-pittsburgh-edison,5,86,39a351442023,f18c24ab6e95,p1,1,0,True
retro-reborn-circuit-day-1-pittsburgh-edison,5,87,b872387624e2,bc6b61633a1d,draw,,,True
retro-reborn-circuit-day-1-pittsburgh-edison,5,88,53370b893baf,5d28843e9059,p1,1,0,True
retro-reborn-circuit-day-1-pittsburgh-edison,5,89,3a7504027c8a,1e44559f1bf7,p2,1,0,True
retro-reborn-circuit-day-1-pittsburgh-edison,5,90,ac478c4faa1b,c59846d47d8d,p1,1,0,True
retro-reborn-circuit-day-1-pittsburgh-edison,5,91,67a9d29c7260,e9e3da847dec,p2,1,0,True
retro-reborn-circuit-day-1-pittsburgh-edison,5,92,905caca38629,e8afafc500ee,p1,1,0,True
retro-reborn-circuit-day-1-pittsburgh-edison,5,93,0dd66eb6cfa9,97ba097dfac1,p2,1,0,True
retro-reborn-circuit-day-1-pittsburgh-edison,6,1,af3942e9db48,5ed27eba4b87,p1,1,0,True
retro-reborn-circuit-day-1-pittsburgh-edison,6,2,427af8578345,2b4d38ed171f,p1,1,0,True
retro-reborn-circuit-day-1-pittsburgh-edison,6,3,a9219aa352b8,0edf28b0ea46,p2,1,0,True
retro-reborn-circuit-day-1-pittsburgh-edison,6,4,143d2ea47628,060a67d975c1,p1,1,0,True
retro-reborn-circuit-day-1-pittsburgh-edison,6,5,8f77c1cacce2,caf5061e38c7,p1,1,0,True
retro-reborn-circuit-day-1-pittsburgh-edison,6,6,b021647b2dbb,b2d53923cf02,p2,1,0,True
retro-reborn-circuit-day-1-pittsburgh-edison,6,7,e53799904a2b,4f64150ba701,p1,1,0,True
retro-reborn-circuit-day-1-pittsburgh-edison,6,8,017165a95039,26fc4e9e3c9c,p1,1,0,True
retro-reborn-circuit-day-1-pittsburgh-edison,6,9,dfb590d7822b,1aa800a08b2d,p1,1,0,True
retro-reborn-circuit-day-1-pittsburgh-edison,6,10,3341bfa286fe,5dd1a36e04e9,p1,1,0,True
retro-reborn-circuit-day-1-pittsburgh-edison,6,11,957a065e6b82,2bb3f635c17f,p2,1,0,True
retro-reborn-circuit-day-1-pittsburgh-edison,6,12,0bbf2566ceb9,1a53eaf6e3d8,p1,1,0,True
retro-reborn-circuit-day-1-pittsburgh-edison,6,13,188880d67ae0,9a9c82713593,p1,1,0,True
retro-reborn-circuit-day-1-pittsburgh-edison,6,14,7cb6c6e2260a,9fb8a75ccaf8,p1,1,0,True
retro-reborn-circuit-day-1-pittsburgh-edison,6,15,43397d7df068,be2f9b4f46b2,p2,1,0,True
retro-reborn-circuit-day-1-pittsburgh-edison,6,16,e9047a66eca0,ea4e4d98db88,p1,1,0,True
retro-reborn-circuit-day-1-pittsburgh-edison,6,17,4062d44a74bb,f771aa0cb275,p1,1,0,True
retro-reborn-circuit-day-1-pittsburgh-edison,6,18,82f967d03f35,67ea5a2a0911,p2,1,0,True
retro-reborn-circuit-day-1-pittsburgh-edison,6,19,fb9f40877093,ba70149d4174,p2,1,0,True
retro-reborn-circuit-day-1-pittsburgh-edison,6,20,b88b9b46fed9,b243da9569b1,p1,1,0,True
retro-reborn-circuit-day-1-pittsburgh-edison,6,21,ce6e27e7f64e,250c423c6597,p2,1,0,True
retro-reborn-circuit-day-1-pittsburgh-edison,6,22,910c90df211c,695fc2a1553b,p1,1,0,True
retro-reborn-circuit-day-1-pittsburgh-edison,6,23,cce73fd27211,d01651af9bb2,p2,1,0,True
retro-reborn-circuit-day-1-pittsburgh-edison,6,24,ac0e33d02845,205aaba503be,p2,1,0,True
retro-reborn-circuit-day-1-pittsburgh-edison,6,25,95398e45beb1,ab5ca9e1a1bd,p2,1,0,True
retro-reborn-circuit-day-1-pittsburgh-edison,6,26,7e426e19a6a3,b663e10ae008,p2,1,0,True
retro-reborn-circuit-day-1-pittsburgh-edison,6,27,8967e2a0acd2,19d0e09d3105,p1,1,0,True
retro-reborn-circuit-day-1-pittsburgh-edison,6,28,b802db20836b,da5e20f35cab,p1,1,0,True
retro-reborn-circuit-day-1-pittsburgh-edison,6,29,df99d44add31,c56fc8527649,p1,1,0,True
retro-reborn-circuit-day-1-pittsburgh-edison,6,30,a3f179514023,0090c09ac210,p1,1,0,True
retro-reborn-circuit-day-1-pittsburgh-edison,6,31,2dac938e7af6,73117781a284,p2,1,0,True
retro-reborn-circuit-day-1-pittsburgh-edison,6,32,391b44b46cda,c7016dfb5074,p2,1,0,True
retro-reborn-circuit-day-1-pittsburgh-edison,6,33,7028cd6b06c9,5586c4a19af2,p1,1,0,True
retro-reborn-circuit-day-1-pittsburgh-edison,6,34,b1af61d63c9c,25957ca03343,p2,1,0,True
retro-reborn-circuit-day-1-pittsburgh-edison,6,35,4d570eee53a6,b0f9bcda655c,p2,1,0,True
retro-reborn-circuit-day-1-pittsburgh-edison,6,36,69d3e00878ed,da0c1b050f96,p1,1,0,True
retro-reborn-circuit-day-1-pittsburgh-edison,6,37,4e4e0147dad5,ac11f4821f9e,p1,1,0,True
retro-reborn-circuit-day-1-pittsburgh-edison,6,38,cf9ebae55b72,ee18b374d76b,p2,1,0,True
retro-reborn-circuit-day-1-pittsburgh-edison,6,39,7b8e6c384581,4e54f61f9ce6,p1,1,0,True
retro-reborn-circuit-day-1-pittsburgh-edison,6,40,8fad7d2a23a1,ae500de226b3,p2,1,0,True
retro-reborn-circuit-day-1-pittsburgh-edison,6,41,4eccf38d3c04,dcff02a1a893,p1,1,0,True
retro-reborn-circuit-day-1-pittsburgh-edison,6,42,b09affa72191,044b54840ea1,p1,1,0,True
retro-reborn-circuit-day-1-pittsburgh-edison,6,43,36d24caeb56c,29b386c1c224,p1,1,0,True
retro-reborn-circuit-day-1-pittsburgh-edison,6,44,66ad22b4981a,e5e60a3e0322,p1,1,0,True
retro-reborn-circuit-day-1-pittsburgh-edison,6,45,6da408177e00,9f34671a13f2,p2,1,0,True
retro-reborn-circuit-day-1-pittsburgh-edison,6,46,7275d882a6cf,2cfd37688da5,p2,2,0,True
retro-reborn-circuit-day-1-pittsburgh-edison,6,47,5d98013615d1,7f04e3cac5ad,p1,1,0,True
retro-reborn-circuit-day-1-pittsburgh-edison,6,48,471895c408a5,c11d443124f9,p1,1,0,True
retro-reborn-circuit-day-1-pittsburgh-edison,6,49,21537c8031e9,308d36374388,p1,1,0,True
retro-reborn-circuit-day-1-pittsburgh-edison,6,50,cde0efd74bd2,ffe619736768,p2,1,0,True
retro-reborn-circuit-day-1-pittsburgh-edison,6,51,b27c3ae81195,541f1487ac43,p2,1,0,True
retro-reborn-circuit-day-1-pittsburgh-edison,6,52,7b57b1dff980,f8e892757863,p1,1,0,True
retro-reborn-circuit-day-1-pittsburgh-edison,6,53,d0494701f975,011f8f5d3c1c,p2,1,0,True
retro-reborn-circuit-day-1-pittsburgh-edison,6,54,c7009eff338a,06311cce4f2b,p1,1,0,True
retro-reborn-circuit-day-1-pittsburgh-edison,6,55,6d5fdd6f0987,a7b26b8e62d8,p1,1,0,True
retro-reborn-circuit-day-1-pittsburgh-edison,6,56,879ef8335272,ce71f3863e89,p2,1,0,True
retro-reborn-circuit-day-1-pittsburgh-edison,6,57,999a505f55c7,e9b8fce8266b,p2,1,0,True
retro-reborn-circuit-day-1-pittsburgh-edison,6,58,ef1b05660052,869cdb37bac8,p2,1,0,True
retro-reborn-circuit-day-1-pittsburgh-edison,6,59,8704e1a4aada,37f0e7acf814,p2,1,0,True
retro-reborn-circuit-day-1-pittsburgh-edison,6,60,4a0f1cde7c5e,80772c7479c3,p1,1,0,True
retro-reborn-circuit-day-1-pittsburgh-edison,6,61,a6fdf251161a,e9e3da847dec,p1,1,0,True
retro-reborn-circuit-day-1-pittsburgh-edison,6,62,90cd973c9981,ac90a5b36925,p1,1,0,True
retro-reborn-circuit-day-1-pittsburgh-edison,6,63,b54fc77bf758,95da534b0f49,p1,1,0,True
retro-reborn-circuit-day-1-pittsburgh-edison,6,64,910061b35866,39a351442023,p2,1,0,True
retro-reborn-circuit-day-1-pittsburgh-edison,6,65,0266c75b9d57,acd68261534b,draw,,,True
retro-reborn-circuit-day-1-pittsburgh-edison,6,66,5d802f186d99,90a2ea6f863f,draw,,,True
retro-reborn-circuit-day-1-pittsburgh-edison,6,67,7f17ec52aed4,095520e61fe4,p2,1,0,True
retro-reborn-circuit-day-1-pittsburgh-edison,6,68,53370b893baf,ac478c4faa1b,p1,1,0,True
retro-reborn-circuit-day-1-pittsburgh-edison,6,69,905caca38629,8863db0b3202,p2,1,0,True
retro-reborn-circuit-day-1-pittsburgh-edison,6,70,3fce6023477d,57be2cc44fe7,p1,1,0,True
retro-reborn-circuit-day-1-pittsburgh-edison,6,71,4ab437c95a73,fd60c95b03c4,p1,1,0,True
retro-reborn-circuit-day-1-pittsburgh-edison,6,72,69b7fe057419,243e1ea3f2fa,p2,1,0,True
retro-reborn-circuit-day-1-pittsburgh-edison,6,73,5d28843e9059,c59846d47d8d,p1,1,0,True
retro-reborn-circuit-day-1-pittsburgh-edison,6,74,7e294dd09a28,e37d35d5a9b5,draw,,,True
retro-reborn-circuit-day-1-pittsburgh-edison,6,75,f18c24ab6e95,7a6a73ff8198,p2,1,0,True
retro-reborn-circuit-day-1-pittsburgh-edison,6,76,67a9d29c7260,97ba097dfac1,draw,,,True
retro-reborn-circuit-day-1-pittsburgh-edison,6,77,e8afafc500ee,0dd66eb6cfa9,p1,1,0,True
retro-reborn-circuit-day-1-pittsburgh-edison,7,1,427af8578345,af3942e9db48,p1,1,0,True
retro-reborn-circuit-day-1-pittsburgh-edison,7,2,143d2ea47628,0edf28b0ea46,p1,1,0,True
retro-reborn-circuit-day-1-pittsburgh-edison,7,3,e53799904a2b,3341bfa286fe,p1,1,0,True
retro-reborn-circuit-day-1-pittsburgh-edison,7,4,7cb6c6e2260a,a9219aa352b8,p2,1,0,True
retro-reborn-circuit-day-1-pittsburgh-edison,7,5,b2d53923cf02,be2f9b4f46b2,draw,,,True
retro-reborn-circuit-day-1-pittsburgh-edison,7,6,67ea5a2a0911,910c90df211c,p1,1,0,True
retro-reborn-circuit-day-1-pittsburgh-edison,7,7,2b4d38ed171f,4062d44a74bb,p1,1,0,True
retro-reborn-circuit-day-1-pittsburgh-edison,7,8,250c423c6597,017165a95039,p1,1,0,True
retro-reborn-circuit-day-1-pittsburgh-edison,7,9,d01651af9bb2,ba70149d4174,p2,1,0,True
retro-reborn-circuit-day-1-pittsburgh-edison,7,10,b88b9b46fed9,188880d67ae0,p2,1,0,True
retro-reborn-circuit-day-1-pittsburgh-edison,7,11,0bbf2566ceb9,dfb590d7822b,p2,1,0,True
retro-reborn-circuit-day-1-pittsburgh-edison,7,12,5ed27eba4b87,2bb3f635c17f,p1,1,0,True
retro-reborn-circuit-day-1-pittsburgh-edison,7,13,8f77c1cacce2,e9047a66eca0,p2,1,0,True
retro-reborn-circuit-day-1-pittsburgh-edison,7,14,66ad22b4981a,b0f9bcda655c,p2,1,0,True
retro-reborn-circuit-day-1-pittsburgh-edison,7,15,f771aa0cb275,7b8e6c384581,p1,1,0,True
retro-reborn-circuit-day-1-pittsburgh-edison,7,16,8967e2a0acd2,cce73fd27211,p2,1,0,True
retro-reborn-circuit-day-1-pittsburgh-edison,7,17,b802db20836b,b243da9569b1,p2,1,0,True
retro-reborn-circuit-day-1-pittsburgh-edison,7,18,b09affa72191,c7016dfb5074,p1,1,0,True
retro-reborn-circuit-day-1-pittsburgh-edison,7,19,82f967d03f35,b021647b2dbb,p2,1,0,True
retro-reborn-circuit-day-1-pittsburgh-edison,7,20,ee18b374d76b,7028cd6b06c9,p2,1,0,True
retro-reborn-circuit-day-1-pittsburgh-edison,7,21,ce71f3863e89,695fc2a1553b,p2,1,0,True
retro-reborn-circuit-day-1-pittsburgh-edison,7,22,1aa800a08b2d,060a67d975c1,p1,1,0,True
retro-reborn-circuit-day-1-pittsburgh-edison,7,23,df99d44add31,011f8f5d3c1c,p1,1,0,True
retro-reborn-circuit-day-1-pittsburgh-edison,7,24,7b57b1dff980,957a065e6b82,p1,1,0,True
retro-reborn-circuit-day-1-pittsburgh-edison,7,25,9f34671a13f2,ffe619736768,p2,1,0,True
retro-reborn-circuit-day-1-pittsburgh-edison,7,26,4eccf38d3c04,ae500de226b3,p1,1,0,True
retro-reborn-circuit-day-1-pittsburgh-edison,7,27,541f1487ac43,a3f179514023,p2,1,0,True
retro-reborn-circuit-day-1-pittsburgh-edison,7,28,ce6e27e7f64e,205aaba503be,p2,1,0,True
retro-reborn-circuit-day-1-pittsburgh-edison,7,29,21537c8031e9,caf5061e38c7,p1,1,0,True
retro-reborn-circuit-day-1-pittsburgh-edison,7,30,43397d7df068,25957ca03343,p2,1,0,True
retro-reborn-circuit-day-1-pittsburgh-edison,7,31,69d3e00878ed,ea4e4d98db88,p2,1,0,True
retro-reborn-circuit-day-1-pittsburgh-edison,7,32,36d24caeb56c,5dd1a36e04e9,p2,1,0,True
retro-reborn-circuit-day-1-pittsburgh-edison,7,33,9fb8a75ccaf8,9a9c82713593,p2,1,0,True
retro-reborn-circuit-day-1-pittsburgh-edison,7,34,ab5ca9e1a1bd,26fc4e9e3c9c,p1,1,0,True
retro-reborn-circuit-day-1-pittsburgh-edison,7,35,b663e10ae008,c7009eff338a,p2,1,0,True
retro-reborn-circuit-day-1-pittsburgh-edison,7,36,73117781a284,4f64150ba701,p1,1,0,True
retro-reborn-circuit-day-1-pittsburgh-edison,7,37,e9b8fce8266b,2cfd37688da5,p1,1,0,True
retro-reborn-circuit-day-1-pittsburgh-edison,7,38,6d5fdd6f0987,1a53eaf6e3d8,p1,1,0,True
retro-reborn-circuit-day-1-pittsburgh-edison,7,39,4e4e0147dad5,471895c408a5,p2,1,0,True
retro-reborn-circuit-day-1-pittsburgh-edison,7,40,869cdb37bac8,5d98013615d1,p1,1,0,True
retro-reborn-circuit-day-1-pittsburgh-edison,7,41,ac0e33d02845,095520e61fe4,p2,1,0,True
retro-reborn-circuit-day-1-pittsburgh-edison,7,42,37f0e7acf814,95398e45beb1,p1,1,0,True
retro-reborn-circuit-day-1-pittsburgh-edison,7,43,b54fc77bf758,4a0f1cde7c5e,p2,1,0,True
retro-reborn-circuit-day-1-pittsburgh-edison,7,44,39a351442023,ac11f4821f9e,p1,1,0,True
retro-reborn-circuit-day-1-pittsburgh-edison,7,45,cf9ebae55b72,308d36374388,p1,1,0,True
retro-reborn-circuit-day-1-pittsburgh-edison,7,46,0090c09ac210,8863db0b3202,p2,1,0,True
retro-reborn-circuit-day-1-pittsburgh-edison,7,47,4ab437c95a73,879ef8335272,p1,1,0,True
retro-reborn-circuit-day-1-pittsburgh-edison,7,48,ef1b05660052,da0c1b050f96,p2,1,0,True
retro-reborn-circuit-day-1-pittsburgh-edison,7,49,999a505f55c7,d0494701f975,p1,1,0,True
retro-reborn-circuit-day-1-pittsburgh-edison,7,50,391b44b46cda,243e1ea3f2fa,p1,1,0,True
retro-reborn-circuit-day-1-pittsburgh-edison,7,51,3fce6023477d,da5e20f35cab,p1,1,0,True
retro-reborn-circuit-day-1-pittsburgh-edison,7,52,7f04e3cac5ad,4d570eee53a6,p2,1,0,True
retro-reborn-circuit-day-1-pittsburgh-edison,7,53,8fad7d2a23a1,53370b893baf,p2,1,0,True
retro-reborn-circuit-day-1-pittsburgh-edison,7,54,7a6a73ff8198,5d28843e9059,p1,1,0,True
retro-reborn-circuit-day-1-pittsburgh-edison,7,55,e9e3da847dec,7f17ec52aed4,p2,1,0,True
retro-reborn-circuit-day-1-pittsburgh-edison,7,56,905caca38629,69b7fe057419,p1,1,0,True
retro-reborn-circuit-day-1-pittsburgh-edison,7,57,ac90a5b36925,910061b35866,p1,1,0,True
retro-reborn-circuit-day-1-pittsburgh-edison,7,58,57be2cc44fe7,80772c7479c3,p1,1,0,True
retro-reborn-circuit-day-1-pittsburgh-edison,7,59,fd60c95b03c4,ac478c4faa1b,p1,1,0,True
retro-reborn-circuit-day-1-pittsburgh-edison,7,60,e8afafc500ee,c59846d47d8d,draw,,,True
retro-reborn-circuit-day-1-pittsburgh-edison,7,61,f18c24ab6e95,0dd66eb6cfa9,draw,,,True
retro-reborn-circuit-day-1-pittsburgh-edison,8,1,427af8578345,143d2ea47628,p2,1,0,True
retro-reborn-circuit-day-1-pittsburgh-edison,8,2,67ea5a2a0911,ba70149d4174,p1,1,0,True
retro-reborn-circuit-day-1-pittsburgh-edison,8,3,dfb590d7822b,a9219aa352b8,p2,1,0,True
retro-reborn-circuit-day-1-pittsburgh-edison,8,4,2b4d38ed171f,e53799904a2b,p2,1,0,True
retro-reborn-circuit-day-1-pittsburgh-edison,8,5,250c423c6597,5ed27eba4b87,p1,1,0,True
retro-reborn-circuit-day-1-pittsburgh-edison,8,6,188880d67ae0,e9047a66eca0,p1,1,0,True
retro-reborn-circuit-day-1-pittsburgh-edison,8,7,0edf28b0ea46,af3942e9db48,p1,1,0,True
retro-reborn-circuit-day-1-pittsburgh-edison,8,8,b2d53923cf02,b243da9569b1,p2,1,0,True
retro-reborn-circuit-day-1-pittsburgh-edison,8,9,be2f9b4f46b2,25957ca03343,p2,1,0,True
retro-reborn-circuit-day-1-pittsburgh-edison,8,10,7028cd6b06c9,a3f179514023,p2,1,0,True
retro-reborn-circuit-day-1-pittsburgh-edison,8,11,471895c408a5,df99d44add31,p1,1,0,True
retro-reborn-circuit-day-1-pittsburgh-edison,8,12,73117781a284,017165a95039,p2,1,0,True
retro-reborn-circuit-day-1-pittsburgh-edison,8,13,b09affa72191,5dd1a36e04e9,p1,1,0,True
retro-reborn-circuit-day-1-pittsburgh-edison,8,14,910c90df211c,e9b8fce8266b,p2,1,0,True
retro-reborn-circuit-day-1-pittsburgh-edison,8,15,f771aa0cb275,205aaba503be,p2,1,0,True
retro-reborn-circuit-day-1-pittsburgh-edison,8,16,ea4e4d98db88,7b57b1dff980,p2,1,0,True
retro-reborn-circuit-day-1-pittsburgh-edison,8,17,21537c8031e9,b88b9b46fed9,p2,1,0,True
retro-reborn-circuit-day-1-pittsburgh-edison,8,18,6d5fdd6f0987,1aa800a08b2d,p2,1,0,True
retro-reborn-circuit-day-1-pittsburgh-edison,8,19,3341bfa286fe,4eccf38d3c04,p2,1,0,True
retro-reborn-circuit-day-1-pittsburgh-edison,8,20,b021647b2dbb,2bb3f635c17f,p1,1,0,True
retro-reborn-circuit-day-1-pittsburgh-edison,8,21,4062d44a74bb,0bbf2566ceb9,p1,1,0,True
retro-reborn-circuit-day-1-pittsburgh-edison,8,22,ffe619736768,d01651af9bb2,p1,1,0,True
retro-reborn-circuit-day-1-pittsburgh-edison,8,23,cce73fd27211,7cb6c6e2260a,p1,1,0,True
retro-reborn-circuit-day-1-pittsburgh-edison,8,24,695fc2a1553b,869cdb37bac8,p1,1,0,True
retro-reborn-circuit-day-1-pittsburgh-edison,8,25,b0f9bcda655c,c7009eff338a,p2,1,0,True
retro-reborn-circuit-day-1-pittsburgh-edison,8,26,ab5ca9e1a1bd,9a9c82713593,p1,1,0,True
retro-reborn-circuit-day-1-pittsburgh-edison,8,27,8f77c1cacce2,37f0e7acf814,p2,1,0,True
retro-reborn-circuit-day-1-pittsburgh-edison,8,28,8863db0b3202,8967e2a0acd2,p1,1,0,True
retro-reborn-circuit-day-1-pittsburgh-edison,8,29,3fce6023477d,4d570eee53a6,p1,1,0,True
retro-reborn-circuit-day-1-pittsburgh-edison,8,30,4e4e0147dad5,ce6e27e7f64e,p2,1,0,True
retro-reborn-circuit-day-1-pittsburgh-edison,8,31,36d24caeb56c,391b44b46cda,p2,1,0,True
retro-reborn-circuit-day-1-pittsburgh-edison,8,32,ee18b374d76b,caf5061e38c7,p2,1,0,True
retro-reborn-circuit-day-1-pittsburgh-edison,8,33,1a53eaf6e3d8,957a065e6b82,p2,1,0,True
retro-reborn-circuit-day-1-pittsburgh-edison,8,34,7b8e6c384581,53370b893baf,p1,1,0,True
retro-reborn-circuit-day-1-pittsburgh-edison,8,35,011f8f5d3c1c,da0c1b050f96,p2,1,0,True
retro-reborn-circuit-day-1-pittsburgh-edison,8,36,999a505f55c7,43397d7df068,p1,1,0,True
retro-reborn-circuit-day-1-pittsburgh-edison,8,37,4f64150ba701,66ad22b4981a,p1,1,0,True
retro-reborn-circuit-day-1-pittsburgh-edison,8,38,b663e10ae008,39a351442023,p2,1,0,True
retro-reborn-circuit-day-1-pittsburgh-edison,8,39,541f1487ac43,26fc4e9e3c9c,draw,,,True
retro-reborn-circuit-day-1-pittsburgh-edison,8,40,ae500de226b3,ce71f3863e89,p2,1,0,True
retro-reborn-circuit-day-1-pittsburgh-edison,8,41,2cfd37688da5,4a0f1cde7c5e,p1,1,0,True
retro-reborn-circuit-day-1-pittsburgh-edison,8,42,095520e61fe4,82f967d03f35,p1,1,0,True
retro-reborn-circuit-day-1-pittsburgh-edison,8,43,95398e45beb1,7f17ec52aed4,p2,1,0,True
retro-reborn-circuit-day-1-pittsburgh-edison,8,44,ac0e33d02845,7f04e3cac5ad,draw,,,True
retro-reborn-circuit-day-1-pittsburgh-edison,8,45,fd60c95b03c4,8fad7d2a23a1,p1,1,0,True
retro-reborn-circuit-day-1-pittsburgh-edison,8,46,0090c09ac210,ac90a5b36925,draw,,,True
retro-reborn-circuit-day-1-pittsburgh-edison,8,47,d0494701f975,b54fc77bf758,p2,1,0,True
retro-reborn-circuit-day-1-pittsburgh-edison,8,48,57be2cc44fe7,da5e20f35cab,p1,1,0,True
retro-reborn-circuit-day-1-pittsburgh-edison,8,49,243e1ea3f2fa,7a6a73ff8198,p2,1,0,True
retro-reborn-circuit-day-1-pittsburgh-edison,8,50,5d28843e9059,69b7fe057419,p1,1,0,True
retro-reborn-circuit-day-1-pittsburgh-edison,8,51,ac478c4faa1b,80772c7479c3,draw,,,True
retro-reborn-circuit-day-1-pittsburgh-edison,Finals,1,25957ca03343,250c423c6597,p1,1,0,True
retro-reborn-circuit-day-1-pittsburgh-edison,Top 16,1,143d2ea47628,5ed27eba4b87,p2,1,0,True
retro-reborn-circuit-day-1-pittsburgh-edison,Top 16,2,67ea5a2a0911,ba70149d4174,p1,1,0,True
retro-reborn-circuit-day-1-pittsburgh-edison,Top 16,3,0edf28b0ea46,b88b9b46fed9,p1,1,0,True
retro-reborn-circuit-day-1-pittsburgh-edison,Top 16,4,a9219aa352b8,25957ca03343,p2,1,0,True
retro-reborn-circuit-day-1-pittsburgh-edison,Top 16,5,250c423c6597,2b4d38ed171f,p1,1,0,True
retro-reborn-circuit-day-1-pittsburgh-edison,Top 16,6,188880d67ae0,dfb590d7822b,p1,1,0,True
retro-reborn-circuit-day-1-pittsburgh-edison,Top 16,7,e53799904a2b,af3942e9db48,p1,1,0,True
retro-reborn-circuit-day-1-pittsburgh-edison,Top 16,8,427af8578345,017165a95039,p2,1,0,True
retro-reborn-circuit-day-1-pittsburgh-edison,Top 4,1,67ea5a2a0911,25957ca03343,p2,1,0,True
retro-reborn-circuit-day-1-pittsburgh-edison,Top 4,2,017165a95039,250c423c6597,p2,1,0,True
retro-reborn-circuit-day-1-pittsburgh-edison,Top 8,1,5ed27eba4b87,67ea5a2a0911,p2,1,0,True
retro-reborn-circuit-day-1-pittsburgh-edison,Top 8,2,0edf28b0ea46,25957ca03343,p2,1,0,True
retro-reborn-circuit-day-1-pittsburgh-edison,Top 8,3,188880d67ae0,250c423c6597,p2,1,0,True
retro-reborn-circuit-day-1-pittsburgh-edison,Top 8,4,017165a95039,e53799904a2b,p1,1,0,True
wolfdog-edison-weekly-copy-2,1,1,e4e9ae7997fd,a71d7566a6d6,p2,2,0,False
wolfdog-edison-weekly-copy-2,1,2,aa955256ea11,b15bee688551,p2,2,1,False
wolfdog-edison-weekly-copy-2,1,3,4fc65517e5ff,70f0a6d87d63,p2,2,0,False
wolfdog-edison-weekly-copy-2,1,4,0f6b8baa73b0,922e42b620f3,p2,2,1,False
wolfdog-edison-weekly-copy-2,1,5,563c41ec9263,fa4d9b733dd6,p2,2,1,False
wolfdog-edison-weekly-copy-2,2,1,fa4d9b733dd6,b15bee688551,p1,2,0,False
wolfdog-edison-weekly-copy-2,2,2,922e42b620f3,70f0a6d87d63,p2,2,0,False
wolfdog-edison-weekly-copy-2,2,3,a71d7566a6d6,4fc65517e5ff,p2,2,1,False
wolfdog-edison-weekly-copy-2,2,4,0f6b8baa73b0,aa955256ea11,p1,2,0,False
wolfdog-edison-weekly-copy-2,2,5,563c41ec9263,e4e9ae7997fd,p1,2,1,False
wolfdog-edison-weekly-copy-2,3,1,70f0a6d87d63,fa4d9b733dd6,p1,2,0,False
wolfdog-edison-weekly-copy-2,3,2,563c41ec9263,a71d7566a6d6,p1,2,1,False
wolfdog-edison-weekly-copy-2,3,3,4fc65517e5ff,0f6b8baa73b0,p2,2,0,False
wolfdog-edison-weekly-copy-2,3,4,b15bee688551,922e42b620f3,p2,2,1,False
wolfdog-edison-weekly-copy-2,3,5,e4e9ae7997fd,aa955256ea11,p1,2,1,False
rbet-paris,1,1,5a00efab3c69,d8902a233ffb,p1,2,0,True
rbet-paris,1,2,2c695830a24b,03d9a24ff9c7,p1,2,0,False
rbet-paris,1,3,067a8c3ad5bd,161631292f5b,p2,2,0,True
rbet-paris,1,4,607a2063eed6,5f884e3ece95,p1,2,1,True
rbet-paris,1,5,13bdd4eeea47,52bacf55f00b,p1,1,0,True
rbet-paris,1,6,fcd88aee2980,210e4647ea47,p2,1,0,True
rbet-paris,1,7,7d407c16d2da,3193cc0497d0,p2,2,0,False
rbet-paris,1,8,4a9820498778,de3c027bd517,p1,1,0,False
rbet-paris,1,9,d299c0699593,829028de49b0,p2,2,0,True
rbet-paris,1,10,bc35a3f45435,a4b3d79fdc4e,p1,2,1,True
rbet-paris,1,11,8d908c567be3,f5d3c1cc1587,p1,2,0,False
rbet-paris,1,12,73d173a0ef13,563b39c35ca8,p2,2,1,True
rbet-paris,1,13,b59a1b58cc26,666521497962,p1,2,1,True
rbet-paris,1,14,a82c0d8a927f,a58971696c63,p1,2,1,True
rbet-paris,1,15,925f299734a4,15aed1895af1,p2,2,1,True
rbet-paris,1,16,a331d2f571f4,663faf7eecd9,p1,2,1,True
rbet-paris,1,17,cd7167356d22,518101655ab2,draw,,,False
rbet-paris,1,18,9977dddb0b13,a156077a96aa,p1,2,1,True
rbet-paris,1,19,451ea73ac0db,8071b199007f,p1,2,0,True
rbet-paris,1,20,180f541c3e8f,95fd5ed1c7b3,p1,2,0,False
rbet-paris,1,21,446e07b49f8f,c3075507cae7,p2,2,1,True
rbet-paris,1,22,166d2b9e069d,adcaa2236e69,p1,2,0,True
rbet-paris,1,23,2749c9aa0b8b,3ee2a6c9e335,p1,2,0,True
rbet-paris,1,24,070417c97489,119da0c5188f,p1,2,1,True
rbet-paris,1,25,b4b887db0209,c964371ca748,p1,2,0,True
rbet-paris,1,26,8dac7d2b9d61,a32d003323b3,p1,2,1,True
rbet-paris,1,27,3bb1857d459f,bf3f6c4f189c,p1,2,0,False
rbet-paris,1,28,6f72add0a3d0,731fef4d02d9,p2,2,0,False
rbet-paris,1,29,cd8029c2e1a5,ca79c000bf0d,p2,2,0,False
rbet-paris,1,30,b13fde5089c4,a7c8087564fd,p2,2,1,True
rbet-paris,1,31,fa5adeb49258,58bd991095b0,p1,2,1,True
rbet-paris,1,32,84bbe3b756de,ef4179c11d7c,p1,2,1,True
rbet-paris,1,33,fc2d6489ceaa,61708b77018b,p1,2,1,True
rbet-paris,1,34,93e57653aed4,d3725478a6cb,p2,2,1,True
rbet-paris,1,35,5af3977ff245,76c43c11211e,p1,2,1,True
rbet-paris,1,36,1089a106e3ba,a19996a00472,p1,2,0,True
rbet-paris,1,37,d0a33e7af827,0769e37f87d4,p2,2,1,True
rbet-paris,1,38,b2c3dda41a8b,aa9fa9806f07,p2,2,1,True
rbet-paris,1,39,d6679ea72a99,7beefa06b459,p1,2,0,True
rbet-paris,1,40,1777bb1494e6,bdbf385d7a29,p2,2,0,True
rbet-paris,1,41,1be1c05d7bbc,7fa62da6f9d9,p1,2,1,True
rbet-paris,1,42,55e7afd437fd,121fbd55a19a,p2,1,0,True
rbet-paris,1,43,d7fe4ac6ac4c,0afa9b07dfe4,p2,2,0,False
rbet-paris,1,44,02a0c886fc80,b8e50a03086f,p1,2,0,True
rbet-paris,1,45,abdf9c6fd4e4,1c1e40ac4096,p2,2,0,True
rbet-paris,1,46,88bd02bf4f4c,c327eb17fe9a,p2,2,0,True
rbet-paris,1,47,b039c2150503,906234d0f503,p1,2,0,False
rbet-paris,1,48,115b9d5e74f2,51505e2cd100,p2,2,0,True
rbet-paris,1,49,55ce43e1be0a,0de39515e9e7,p1,2,0,False
rbet-paris,1,50,e1648153e9cb,2f52318cc955,p1,2,1,True
rbet-paris,1,51,20c77061a537,0f0121ada247,p2,2,0,True
rbet-paris,1,52,86d228550380,1f414c520171,p2,2,1,True
rbet-paris,1,53,769f0549a862,81a21bef7bb0,p1,2,1,True
rbet-paris,1,54,25896f033c5f,30abfefc9192,p2,2,0,True
rbet-paris,1,55,a0bddd239d27,640c91eb3589,p2,2,1,True
rbet-paris,1,56,87422026651b,f1be14abd06c,p2,2,0,True
rbet-paris,1,57,ea416d0b748e,c0bb68326849,p2,2,0,False
rbet-paris,1,58,3f9893177825,6e422f1b3e69,p1,2,1,True
rbet-paris,1,59,83f1f74b3315,9b992864f977,p2,2,0,True
rbet-paris,1,60,2a40272f8916,1fd2e2ec5f2c,p1,2,1,True
rbet-paris,1,61,7343aecbf503,d6b597d0d1ec,p1,1,0,False
rbet-paris,1,62,8e60b9b12ac4,c7fdbc9b3976,p2,2,1,True
rbet-paris,1,63,624f965da4ee,b8cf9eaf4158,p2,2,0,True
rbet-paris,1,64,c13f58c9c40e,e913644adbfe,p2,2,0,False
rbet-paris,1,65,8984a83060cf,25892e3352f3,p1,2,0,False
rbet-paris,1,66,81c84a041d13,3db820a4f8e8,p2,2,0,False
rbet-paris,1,67,52c72c974e2f,bfc07ff61cd8,p2,2,1,True
rbet-paris,1,68,b55bda6a0639,83544f816e4f,p1,2,0,False
rbet-paris,1,69,ef2d02e29fca,ec7c406dfcbe,p2,2,0,False
rbet-paris,1,70,4460b61a2e88,68878617338e,p1,2,1,True
rbet-paris,1,71,933589c574fa,84b7f5b6610a,p1,2,0,True
rbet-paris,1,72,5412f6d6b5a3,270887a37c55,p1,2,0,True
rbet-paris,1,73,2d819dc9f19c,5b9c01705223,p1,2,0,True
rbet-paris,1,74,dd0602ee81d2,8dcd17c65eae,p1,2,0,False
rbet-paris,1,75,32ba7ac665d0,fb1f5da37c90,p1,2,1,True
rbet-paris,1,76,b88b423ca0e3,0f896a11737b,p2,2,0,True
rbet-paris,1,77,2f0e948387f9,d0712ed0a262,draw,,,False
rbet-paris,1,78,9eb3196a15ff,b21badfef7a7,p2,2,0,False
rbet-paris,1,79,50e5c55de4fb,0c052bfaf333,p1,2,0,True
rbet-paris,1,80,ebf22db0c721,cdb806d8204a,p1,2,1,True
rbet-paris,1,81,14c77768b9c3,8eaadabdfacb,p1,2,0,False
rbet-paris,1,82,930418b35cc1,3b2658db77d8,p1,2,0,False
rbet-paris,1,83,31aa8598f029,a486af40e908,p2,2,1,True
rbet-paris,1,84,34179c685aa8,6c7b3f30ae72,p2,2,0,True
rbet-paris,1,85,082f4c9d0be1,3e6ec45a6865,p1,2,0,False
rbet-paris,1,86,c7a493952dcf,223cbc3d8fa0,p1,2,1,True
rbet-paris,1,87,6cda509c9395,4b135b37ac53,p1,2,0,False
rbet-paris,1,88,b54097fa93c3,fb1b13077600,p2,2,1,True
rbet-paris,1,89,4cbc2b3d6356,98f81a820fb4,p1,2,1,True
rbet-paris,1,90,9658fdda24b8,14358cac4223,p1,2,0,True
rbet-paris,1,91,e51a32e63f3c,9b427142bc7e,p2,2,0,True
rbet-paris,1,92,14c87bdcaaa7,e01e09b12ce7,p2,2,1,True
rbet-paris,1,93,1010dd607edd,87d5c8ab095b,p1,2,0,True
rbet-paris,1,94,2749960504e2,2950f35dceef,p2,2,0,True
rbet-paris,1,95,34eb88ac6400,1f63cc37c868,p1,2,0,False
rbet-paris,1,96,07ec427e74ed,0285d2265978,p1,2,0,True
rbet-paris,1,97,30afc7ef6934,92fba831b80c,p1,2,1,True
rbet-paris,1,98,29abfa18e76f,22e11068933e,p2,2,0,False
rbet-paris,1,99,95a8b443dbe8,93fda5f2aa6e,p1,2,1,True
rbet-paris,1,100,7afee861c37c,cdcc245950a2,p1,1,0,False
rbet-paris,1,101,fc172cdd4641,3eba500f72b1,p2,2,1,True
rbet-paris,1,102,52d920ef4294,0039b75825ae,p2,2,1,True
rbet-paris,1,103,b54482a511ea,4ad08a5d30b2,p2,2,0,True
rbet-paris,1,104,495eb13dbf69,5323b68cdd95,p1,2,1,True
rbet-paris,1,105,25a778c30f69,261d3569f320,p1,2,1,True
rbet-paris,1,106,a9bf0a7bbcee,c205ebf1d6aa,p1,2,0,True
rbet-paris,1,107,ae4a47cc269a,44e980a565cb,p1,2,0,True
rbet-paris,1,108,e01745803a31,b9b0e2ea147a,p1,2,1,True
rbet-paris,1,109,7d98d03953aa,753bf0d06169,p1,2,1,True
rbet-paris,1,110,776e528c3850,735fc224ef55,p1,2,0,True
rbet-paris,1,111,93a5977e2399,29ee5259d0b7,p2,2,1,True
rbet-paris,1,112,4d00d952219f,e1b41d8bafb8,p2,2,0,False
rbet-paris,1,113,9d4cbda27b85,cf6998ce1955,p2,2,0,False
rbet-paris,1,114,fec9749c5ab9,93e5375ae749,p1,2,0,True
rbet-paris,1,115,24e5ca8b59a8,4b821a0ab67d,p1,2,1,True
rbet-paris,1,116,dc646fe348d5,efdb9e729635,p1,2,0,False
rbet-paris,1,117,7793893c12c4,e370dbcf1903,p1,2,0,True
rbet-paris,1,118,7c9613c67fae,445aa4833603,p2,2,0,True
rbet-paris,1,119,0e2d479005d3,963267e1292a,p2,2,1,True
rbet-paris,1,120,a26c7e898ac8,f742584bd091,p1,2,0,True
rbet-paris,1,121,af45a9131ef4,d15094495b12,p1,2,1,True
rbet-paris,1,122,d06bef5af9e2,e419b13a156e,p1,2,1,True
rbet-paris,1,123,00160c7ab44a,031a8c3dbc68,p2,2,0,False
rbet-paris,1,124,652f095aaebb,a88836c637d4,p2,2,0,True
rbet-paris,1,125,6b4eb7336a65,096deaa2d45b,p1,2,0,True
rbet-paris,1,126,d03642b66a0c,03b57cf7e1dd,p2,2,1,True
rbet-paris,1,127,0405afb6a624,9709c06706d7,p2,2,1,True
rbet-paris,1,128,a3b9a5d6764f,1027c26f845f,p2,2,0,True
rbet-paris,1,129,04887ef258de,dba38c8398c0,p2,2,0,True
rbet-paris,1,130,6a521226acee,ece86a47caed,p2,2,0,False
rbet-paris,1,131,61f53f6281c1,d89da181655e,p1,2,1,True
rbet-paris,1,132,0d41e704f747,9fee3a165155,p1,2,1,True
rbet-paris,1,133,0c864de9725e,725b13bd39ca,p2,2,0,True
rbet-paris,1,134,99ec22d9291f,0300dba62fdb,p1,2,0,True
rbet-paris,1,135,e229ac250346,3b84d5f4ab09,p2,2,0,True
rbet-paris,1,136,e0b2c19d4cf9,f32b8996c820,p2,2,1,True
rbet-paris,1,137,28835d11d73e,abe61cca6eba,p1,2,1,True
rbet-paris,1,138,c8c82befea9a,fefdaab4ef56,p1,2,0,False
rbet-paris,1,139,e9a82790bf0e,a5c1577fa6c6,p2,2,1,True
rbet-paris,1,140,863c6cf644e9,ba7505ea11cc,p2,2,1,True
rbet-paris,1,141,5250bea521a2,d8423ad19b42,p2,2,1,True
rbet-paris,1,142,c3af351925ba,9b2be9a6bddd,p1,2,1,True
rbet-paris,1,143,d52bb7c569b7,fd5db927f527,p2,2,0,True
rbet-paris,1,144,68aad04fdfeb,abb539d20250,p2,2,0,True
rbet-paris,1,145,d82a5012b8b2,c00083b689cd,p2,2,0,True
rbet-paris,1,146,3e3069efc163,170bd19f68ad,p2,2,1,True
rbet-paris,1,147,4fcdbfc9dd7b,551b5dec4358,p2,2,1,True
rbet-paris,1,148,78c1305f0898,361f870cf167,p1,2,0,True
rbet-paris,1,149,c26c55d5d737,0359a44285ce,p2,2,1,True
rbet-paris,1,150,bed067b29a6c,da7b73e2c0f8,p2,2,1,True
rbet-paris,1,151,fd7fdb773fe0,aad3e0f4c162,p1,2,0,True
rbet-paris,1,152,513c36038cc7,0400782c3e89,p2,2,0,False
rbet-paris,1,153,aa53e94bfe7b,d01a7d0b5c72,p2,2,1,True
rbet-paris,1,154,cc281bb21ff5,d41cb04f23b2,p2,2,0,False
rbet-paris,1,155,dc8ef07cd47c,3481abc1027f,p2,2,0,True
rbet-paris,1,156,bfa6bc37c2cc,3e5eb2c50e68,p1,2,0,False
rbet-paris,1,157,ec0f8c0482cc,a9e9783307b7,p2,2,0,True
rbet-paris,1,158,04124e785b0c,fd5b7c95d90f,p2,2,0,True
rbet-paris,1,159,ca1a9318efd2,30ba403941d7,p2,2,1,True
rbet-paris,2,1,3bb1857d459f,451ea73ac0db,p2,2,1,True
rbet-paris,2,2,6cda509c9395,c7a493952dcf,p1,2,0,True
rbet-paris,2,3,22e11068933e,121fbd55a19a,p1,2,0,True
rbet-paris,2,4,5412f6d6b5a3,30ba403941d7,p1,2,0,True
rbet-paris,2,5,3eba500f72b1,24e5ca8b59a8,p2,2,0,True
rbet-paris,2,6,ec7c406dfcbe,03b57cf7e1dd,p1,2,0,True
rbet-paris,2,7,da7b73e2c0f8,0d41e704f747,p2,2,1,True
rbet-paris,2,8,fec9749c5ab9,170bd19f68ad,p2,2,1,True
rbet-paris,2,9,aa9fa9806f07,6c7b3f30ae72,p2,2,0,True
rbet-paris,2,10,fd5db927f527,13bdd4eeea47,p1,2,1,True
rbet-paris,2,11,a5c1577fa6c6,4a9820498778,p1,2,1,False
rbet-paris,2,12,c7fdbc9b3976,495eb13dbf69,p2,2,1,True
rbet-paris,2,13,84bbe3b756de,c327eb17fe9a,p1,2,0,True
rbet-paris,2,14,d06bef5af9e2,4cbc2b3d6356,p2,2,1,True
rbet-paris,2,15,b21badfef7a7,dba38c8398c0,p2,2,1,True
rbet-paris,2,16,68878617338e,abdf9c6fd4e4,p1,2,1,True
rbet-paris,2,17,d8423ad19b42,8dac7d2b9d61,p1,2,1,True
rbet-paris,2,18,50e5c55de4fb,bfc07ff61cd8,p1,2,0,True
rbet-paris,2,19,ca79c000bf0d,abb539d20250,p2,2,1,True
rbet-paris,2,20,e01e09b12ce7,180f541c3e8f,p2,2,1,True
rbet-paris,2,21,0769e37f87d4,551b5dec4358,p2,2,1,True
rbet-paris,2,22,0afa9b07dfe4,bdbf385d7a29,p2,2,1,True
rbet-paris,2,23,cf6998ce1955,b4b887db0209,p2,2,1,True
rbet-paris,2,24,7793893c12c4,a9e9783307b7,p2,2,0,True
rbet-paris,2,25,a331d2f571f4,0039b75825ae,p2,2,0,True
rbet-paris,2,26,a486af40e908,b59a1b58cc26,p1,2,1,True
rbet-paris,2,27,1c1e40ac4096,0f896a11737b,p1,2,1,True
rbet-paris,2,28,51505e2cd100,ece86a47caed,p2,2,0,True
rbet-paris,2,29,9b427142bc7e,1be1c05d7bbc,p2,2,1,True
rbet-paris,2,30,ae4a47cc269a,07ec427e74ed,p2,2,1,True
rbet-paris,2,31,3481abc1027f,a26c7e898ac8,p2,2,1,True
rbet-paris,2,32,933589c574fa,963267e1292a,p1,2,1,True
rbet-paris,2,33,166d2b9e069d,d41cb04f23b2,p2,2,1,False
rbet-paris,2,34,95a8b443dbe8,210e4647ea47,p1,2,0,True
rbet-paris,2,35,ba7505ea11cc,2950f35dceef,p1,2,1,True
rbet-paris,2,36,2749c9aa0b8b,b039c2150503,p1,2,0,True
rbet-paris,2,37,5a00efab3c69,0400782c3e89,p2,2,1,True
rbet-paris,2,38,fd7fdb773fe0,1089a106e3ba,p2,2,1,True
rbet-paris,2,39,776e528c3850,99ec22d9291f,p1,2,1,True
rbet-paris,2,40,c0bb68326849,d01a7d0b5c72,p1,2,1,True
rbet-paris,2,41,bc35a3f45435,1010dd607edd,p2,2,1,True
rbet-paris,2,42,3f9893177825,5af3977ff245,p1,2,0,True
rbet-paris,2,43,7343aecbf503,a7c8087564fd,p1,2,1,True
rbet-paris,2,44,769f0549a862,f32b8996c820,p1,2,0,True
rbet-paris,2,45,2c695830a24b,a9bf0a7bbcee,p2,2,1,True
rbet-paris,2,46,3193cc0497d0,9709c06706d7,p2,2,0,True
rbet-paris,2,47,4ad08a5d30b2,9977dddb0b13,p2,2,0,True
rbet-paris,2,48,d3725478a6cb,070417c97489,p2,2,1,True
rbet-paris,2,49,731fef4d02d9,b55bda6a0639,p1,2,0,True
rbet-paris,2,50,e01745803a31,c00083b689cd,p1,2,0,True
rbet-paris,2,51,d6679ea72a99,c8c82befea9a,p1,2,1,True
rbet-paris,2,52,1f414c520171,2a40272f8916,p2,2,0,True
rbet-paris,2,53,78c1305f0898,e1648153e9cb,p1,2,1,True
rbet-paris,2,54,082f4c9d0be1,29ee5259d0b7,p2,2,0,True
rbet-paris,2,55,2d819dc9f19c,14c77768b9c3,p1,2,1,True
rbet-paris,2,56,8984a83060cf,28835d11d73e,p1,2,0,True
rbet-paris,2,57,0f0121ada247,a82c0d8a927f,p2,2,0,True
rbet-paris,2,58,30abfefc9192,445aa4833603,p1,2,1,True
rbet-paris,2,59,b8cf9eaf4158,02a0c886fc80,p2,2,1,True
rbet-paris,2,60,c3075507cae7,25a778c30f69,p1,2,0,True
rbet-paris,2,61,f1be14abd06c,44f6b750815d,p1,2,1,True
rbet-paris,2,62,3b84d5f4ab09,a88836c637d4,p1,2,0,True
rbet-paris,2,63,7d98d03953aa,829028de49b0,p1,2,0,True
rbet-paris,2,64,bfa6bc37c2cc,e1b41d8bafb8,p1,2,0,True
rbet-paris,2,65,dc646fe348d5,30afc7ef6934,p2,2,1,True
rbet-paris,2,66,6b4eb7336a65,031a8c3dbc68,p1,2,1,True
rbet-paris,2,67,dd0602ee81d2,563b39c35ca8,p1,2,1,True
rbet-paris,2,68,607a2063eed6,c3af351925ba,p2,2,0,True
rbet-paris,2,69,fb1b13077600,55ce43e1be0a,p1,2,0,True
rbet-paris,2,70,9b992864f977,32ba7ac665d0,p1,2,1,True
rbet-paris,2,71,fc2d6489ceaa,61f53f6281c1,p1,2,0,True
rbet-paris,2,72,fd5b7c95d90f,fa5adeb49258,p1,2,1,True
rbet-paris,2,73,15aed1895af1,930418b35cc1,p1,2,0,True
rbet-paris,2,74,161631292f5b,1027c26f845f,p1,2,1,True
rbet-paris,2,75,9658fdda24b8,725b13bd39ca,p2,2,0,True
rbet-paris,2,76,4460b61a2e88,e913644adbfe,p1,2,0,True
rbet-paris,2,77,7afee861c37c,640c91eb3589,p1,2,0,True
rbet-paris,2,78,0359a44285ce,34eb88ac6400,p1,2,0,True
rbet-paris,2,79,3db820a4f8e8,8d908c567be3,p1,2,0,True
rbet-paris,2,80,a32d003323b3,7beefa06b459,p1,2,1,True
rbet-paris,2,81,d89da181655e,34179c685aa8,p1,2,0,True
rbet-paris,2,82,bed067b29a6c,04887ef258de,p2,2,0,True
rbet-paris,2,83,624f965da4ee,ca1a9318efd2,p2,2,0,True
rbet-paris,2,84,1fd2e2ec5f2c,8eaadabdfacb,p1,2,0,False
rbet-paris,2,85,c205ebf1d6aa,a156077a96aa,p1,2,0,True
rbet-paris,2,86,d8902a233ffb,e370dbcf1903,p1,2,0,True
rbet-paris,2,87,067a8c3ad5bd,fb1f5da37c90,p2,2,1,True
rbet-paris,2,88,a4b3d79fdc4e,83f1f74b3315,p1,2,0,True
rbet-paris,2,89,e9a82790bf0e,abe61cca6eba,p2,2,1,True
rbet-paris,2,90,76c43c11211e,92fba831b80c,p2,2,0,True
rbet-paris,2,91,115b9d5e74f2,5323b68cdd95,p1,2,1,True
rbet-paris,2,92,20c77061a537,68aad04fdfeb,p1,2,0,True
rbet-paris,2,93,7c9613c67fae,25896f033c5f,p2,2,1,True
rbet-paris,2,94,0e2d479005d3,cc281bb21ff5,p1,2,1,True
rbet-paris,2,95,270887a37c55,aa53e94bfe7b,p2,2,0,True
rbet-paris,2,96,fc172cdd4641,73d173a0ef13,p2,2,0,True
rbet-paris,2,97,dc8ef07cd47c,8dcd17c65eae,p1,2,0,False
rbet-paris,2,98,b88b423ca0e3,efdb9e729635,p1,2,0,False
rbet-paris,2,99,0300dba62fdb,b9b0e2ea147a,p2,2,1,True
rbet-paris,2,100,81a21bef7bb0,ec0f8c0482cc,p2,2,0,True
rbet-paris,2,101,223cbc3d8fa0,a3b9a5d6764f,p1,2,0,True
rbet-paris,2,102,0285d2265978,52bacf55f00b,p1,2,1,True
rbet-paris,2,103,0c052bfaf333,3e6ec45a6865,p1,2,0,False
rbet-paris,2,104,93a5977e2399,a19996a00472,p1,2,0,True
rbet-paris,2,105,4fcdbfc9dd7b,ef4179c11d7c,p2,2,0,True
rbet-paris,2,106,9b2be9a6bddd,8071b199007f,p1,2,1,True
rbet-paris,2,107,14358cac4223,44e980a565cb,p1,2,0,True
rbet-paris,2,108,5f884e3ece95,14c87bdcaaa7,p1,2,1,True
rbet-paris,2,109,4d00d952219f,652f095aaebb,p2,2,0,False
rbet-paris,2,110,2749960504e2,c26c55d5d737,p2,2,1,True
rbet-paris,2,111,1777bb1494e6,81c84a041d13,p1,2,0,False
rbet-paris,2,112,d52bb7c569b7,446e07b49f8f,p1,2,0,True
rbet-paris,2,113,3ee2a6c9e335,b2c3dda41a8b,p2,2,0,True
rbet-paris,2,114,d299c0699593,aad3e0f4c162,p1,2,0,True
rbet-paris,2,115,0405afb6a624,863c6cf644e9,p2,2,0,True
rbet-paris,2,116,61708b77018b,735fc224ef55,p1,2,1,True
rbet-paris,2,117,e51a32e63f3c,93e5375ae749,p2,2,1,True
rbet-paris,2,118,4b821a0ab67d,29abfa18e76f,p1,2,0,False
rbet-paris,2,119,5b9c01705223,98f81a820fb4,p1,2,1,True
rbet-paris,2,120,31aa8598f029,925f299734a4,p2,2,1,True
rbet-paris,2,121,ebf22db0c721,af45a9131ef4,p2,2,1,True
rbet-paris,2,122,e419b13a156e,d15094495b12,p2,2,1,True
rbet-paris,2,123,663faf7eecd9,b8e50a03086f,p1,2,0,True
rbet-paris,2,124,25892e3352f3,3b2658db77d8,draw,,,False
rbet-paris,2,125,6e422f1b3e69,1f63cc37c868,p1,2,0,False
rbet-paris,2,126,a0bddd239d27,58bd991095b0,p2,2,1,True
rbet-paris,2,127,5250bea521a2,cdb806d8204a,p1,2,0,True
rbet-paris,2,128,f742584bd091,666521497962,p2,2,1,True
rbet-paris,2,129,753bf0d06169,adcaa2236e69,p2,2,1,True
rbet-paris,2,130,87d5c8ab095b,3e3069efc163,p2,2,1,True
rbet-paris,2,131,b54482a511ea,ef2d02e29fca,p1,2,0,False
rbet-paris,2,132,4b135b37ac53,513c36038cc7,p1,2,0,False
rbet-paris,2,133,84b7f5b6610a,86d228550380,p1,2,1,True
rbet-paris,2,134,04124e785b0c,d03642b66a0c,p1,2,0,True
rbet-paris,2,135,52c72c974e2f,8e60b9b12ac4,p1,2,0,True
rbet-paris,2,136,c964371ca748,096deaa2d45b,p1,2,1,True
rbet-paris,2,137,7fa62da6f9d9,d6b597d0d1ec,p1,2,0,False
rbet-paris,2,138,a58971696c63,93e57653aed4,p2,2,0,True
rbet-paris,2,139,88bd02bf4f4c,d82a5012b8b2,p2,2,1,True
rbet-paris,2,140,9eb3196a15ff,f5d3c1cc1587,draw,,,False
rbet-paris,2,141,93fda5f2aa6e,d0a33e7af827,p2,2,1,True
rbet-paris,2,142,361f870cf167,9d4cbda27b85,p1,2,0,False
rbet-paris,2,143,261d3569f320,e0b2c19d4cf9,p2,2,1,True
rbet-paris,2,144,2f52318cc955,119da0c5188f,p1,2,1,True
rbet-paris,2,145,0c864de9725e,83544f816e4f,p1,2,0,False
rbet-paris,2,146,52d920ef4294,55e7afd437fd,p1,2,0,True
rbet-paris,2,147,b54097fa93c3,e229ac250346,p2,2,0,True
rbet-paris,2,148,fcd88aee2980,b13fde5089c4,p1,2,1,True
rbet-paris,3,1,7343aecbf503,02a0c886fc80,p1,2,0,True
rbet-paris,3,2,9b992864f977,2749c9aa0b8b,p1,2,0,True
rbet-paris,3,3,fd5db927f527,a82c0d8a927f,p2,2,1,True
rbet-paris,3,4,6c7b3f30ae72,5412f6d6b5a3,p1,2,1,True
rbet-paris,3,5,24e5ca8b59a8,070417c97489,p1,2,0,True
rbet-paris,3,6,4cbc2b3d6356,dd0602ee81d2,p1,2,1,True
rbet-paris,3,7,29ee5259d0b7,a5c1577fa6c6,p1,2,1,True
rbet-paris,3,8,d6679ea72a99,6b4eb7336a65,p1,2,1,True
rbet-paris,3,9,fd5b7c95d90f,7afee861c37c,p1,2,0,True
rbet-paris,3,10,bdbf385d7a29,d41cb04f23b2,p1,2,1,False
rbet-paris,3,11,78c1305f0898,7d98d03953aa,p2,2,1,True
rbet-paris,3,12,ba7505ea11cc,933589c574fa,p1,2,1,True
rbet-paris,3,13,753bf0d06169,0300dba62fdb,p2,2,0,True
rbet-paris,3,14,0039b75825ae,30abfefc9192,p1,2,1,True
rbet-paris,3,15,0400782c3e89,769f0549a862,p1,2,1,True
rbet-paris,3,16,0d41e704f747,50e5c55de4fb,p2,2,0,True
rbet-paris,3,17,95a8b443dbe8,495eb13dbf69,p1,2,0,True
rbet-paris,3,18,170bd19f68ad,a486af40e908,p2,2,0,True
rbet-paris,3,19,1010dd607edd,07ec427e74ed,p1,2,1,True
rbet-paris,3,20,551b5dec4358,776e528c3850,p1,2,1,True
rbet-paris,3,21,6cda509c9395,0359a44285ce,p1,2,0,True
rbet-paris,3,22,180f541c3e8f,1c1e40ac4096,p2,2,0,True
rbet-paris,3,23,1be1c05d7bbc,ece86a47caed,p1,2,0,True
rbet-paris,3,24,8984a83060cf,b4b887db0209,p1,2,1,True
rbet-paris,3,25,a9bf0a7bbcee,a26c7e898ac8,p1,2,1,True
rbet-paris,3,26,30afc7ef6934,4460b61a2e88,p2,2,1,True
rbet-paris,3,27,bfa6bc37c2cc,9977dddb0b13,p1,2,1,True
rbet-paris,3,28,c3af351925ba,a9e9783307b7,p1,2,0,True
rbet-paris,3,29,22e11068933e,c3075507cae7,p1,2,1,True
rbet-paris,3,30,abb539d20250,161631292f5b,p1,2,0,True
rbet-paris,3,31,fb1b13077600,2a40272f8916,p2,2,0,True
rbet-paris,3,32,3f9893177825,e01745803a31,p1,2,0,True
rbet-paris,3,33,f1be14abd06c,dba38c8398c0,p2,2,1,True
rbet-paris,3,34,d8423ad19b42,731fef4d02d9,p1,2,1,True
rbet-paris,3,35,1089a106e3ba,15aed1895af1,p2,2,0,True
rbet-paris,3,36,84bbe3b756de,725b13bd39ca,p2,2,1,True
rbet-paris,3,37,3db820a4f8e8,fc2d6489ceaa,p2,2,0,True
rbet-paris,3,38,c0bb68326849,ec7c406dfcbe,p2,2,0,True
rbet-paris,3,39,3b84d5f4ab09,451ea73ac0db,p1,2,1,True
rbet-paris,3,40,9709c06706d7,b2c3dda41a8b,p2,2,0,True
rbet-paris,3,41,a32d003323b3,b8cf9eaf4158,p2,2,1,True
rbet-paris,3,42,e913644adbfe,a7c8087564fd,p2,2,0,True
rbet-paris,3,43,0f0121ada247,25896f033c5f,p1,2,1,True
rbet-paris,3,44,5f884e3ece95,d8902a233ffb,p2,2,0,True
rbet-paris,3,45,3eba500f72b1,c964371ca748,p1,2,1,True
rbet-paris,3,46,ca79c000bf0d,e1648153e9cb,p1,2,0,True
rbet-paris,3,47,9fee3a165155,082f4c9d0be1,p2,2,0,True
rbet-paris,3,48,166d2b9e069d,3bb1857d459f,p1,2,0,True
rbet-paris,3,49,b59a1b58cc26,4ad08a5d30b2,p2,2,0,True
rbet-paris,3,50,6e422f1b3e69,fec9749c5ab9,p2,2,1,True
rbet-paris,3,51,04887ef258de,5250bea521a2,p2,2,1,True
rbet-paris,3,52,fcd88aee2980,0afa9b07dfe4,p2,2,1,True
rbet-paris,3,53,34eb88ac6400,03b57cf7e1dd,p2,2,0,True
rbet-paris,3,54,8dac7d2b9d61,04124e785b0c,p2,2,0,True
rbet-paris,3,55,9b2be9a6bddd,652f095aaebb,p2,2,1,True
rbet-paris,3,56,2f52318cc955,fb1f5da37c90,p1,2,0,True
rbet-paris,3,57,73d173a0ef13,ebf22db0c721,p2,2,1,True
rbet-paris,3,58,c7fdbc9b3976,c205ebf1d6aa,p2,2,1,True
rbet-paris,3,59,b54482a511ea,c327eb17fe9a,p2,2,0,True
rbet-paris,3,60,32ba7ac665d0,c00083b689cd,p1,2,1,True
rbet-paris,3,61,bc35a3f45435,1fd2e2ec5f2c,p2,2,0,True
rbet-paris,3,62,99ec22d9291f,a88836c637d4,p1,2,1,True
rbet-paris,3,63,d01a7d0b5c72,1027c26f845f,p1,2,0,True
rbet-paris,3,64,aa53e94bfe7b,84b7f5b6610a,p1,2,1,True
rbet-paris,3,65,25a778c30f69,adcaa2236e69,p1,2,1,True
rbet-paris,3,66,2950f35dceef,93a5977e2399,p2,2,1,True
rbet-paris,3,67,f32b8996c820,ef4179c11d7c,p1,2,0,True
rbet-paris,3,68,61f53f6281c1,0c864de9725e,p1,2,0,True
rbet-paris,3,69,4a9820498778,7793893c12c4,p2,2,1,False
rbet-paris,3,70,aa9fa9806f07,58bd991095b0,p2,2,0,True
rbet-paris,3,71,d3725478a6cb,963267e1292a,p1,2,1,True
rbet-paris,3,72,dc646fe348d5,fd7fdb773fe0,p1,2,0,True
rbet-paris,3,73,b55bda6a0639,b039c2150503,p2,2,1,True
rbet-paris,3,74,44f6b750815d,0285d2265978,p1,2,0,True
rbet-paris,3,75,93e5375ae749,9b427142bc7e,p1,2,0,True
rbet-paris,3,76,abe61cca6eba,bfc07ff61cd8,p2,2,1,True
rbet-paris,3,77,ec0f8c0482cc,445aa4833603,p2,2,0,True
rbet-paris,3,78,3193cc0497d0,92fba831b80c,p2,2,0,True
rbet-paris,3,79,8d908c567be3,cf6998ce1955,p2,2,0,True
rbet-paris,3,80,930418b35cc1,51505e2cd100,p2,2,1,True
rbet-paris,3,81,13bdd4eeea47,9658fdda24b8,p2,2,1,True
rbet-paris,3,82,c26c55d5d737,7fa62da6f9d9,p1,2,1,True
rbet-paris,3,83,d82a5012b8b2,925f299734a4,p2,2,0,True
rbet-paris,3,84,d15094495b12,d06bef5af9e2,p1,2,1,True
rbet-paris,3,85,4b135b37ac53,c8c82befea9a,p2,2,0,False
rbet-paris,3,86,b9b0e2ea147a,5af3977ff245,p1,2,0,True
rbet-paris,3,87,55ce43e1be0a,5a00efab3c69,p2,2,0,True
rbet-paris,3,88,e229ac250346,210e4647ea47,p1,2,1,True
rbet-paris,3,89,e1b41d8bafb8,1777bb1494e6,p2,2,1,True
rbet-paris,3,90,863c6cf644e9,a4b3d79fdc4e,p2,2,1,True
rbet-paris,3,91,1f414c520171,0769e37f87d4,p2,2,1,True
rbet-paris,3,92,68878617338e,607a2063eed6,p2,2,0,True
rbet-paris,3,93,223cbc3d8fa0,b88b423ca0e3,p1,2,1,True
rbet-paris,3,94,dc8ef07cd47c,563b39c35ca8,p2,2,0,True
rbet-paris,3,95,121fbd55a19a,ca1a9318efd2,p2,2,1,True
rbet-paris,3,96,14358cac4223,61708b77018b,p1,2,0,True
rbet-paris,3,97,28835d11d73e,5b9c01705223,p2,2,1,True
rbet-paris,3,98,4b821a0ab67d,3481abc1027f,p1,2,1,True
rbet-paris,3,99,20c77061a537,52d920ef4294,p2,2,1,True
rbet-paris,3,100,d0a33e7af827,d52bb7c569b7,p2,2,1,True
rbet-paris,3,101,a331d2f571f4,e0b2c19d4cf9,p1,2,0,True
rbet-paris,3,102,031a8c3dbc68,e01e09b12ce7,p2,2,1,True
rbet-paris,3,103,d299c0699593,ae4a47cc269a,p2,2,1,True
rbet-paris,3,104,0e2d479005d3,663faf7eecd9,p1,2,1,True
rbet-paris,3,105,b21badfef7a7,115b9d5e74f2,p2,2,1,True
rbet-paris,3,106,0f896a11737b,640c91eb3589,p2,2,1,True
rbet-paris,3,107,e51a32e63f3c,44e980a565cb,p2,2,0,True
rbet-paris,3,108,3e3069efc163,c7a493952dcf,p2,2,0,True
rbet-paris,3,109,52c72c974e2f,361f870cf167,p1,2,0,True
rbet-paris,3,110,fa5adeb49258,2c695830a24b,p2,2,0,True
rbet-paris,3,111,829028de49b0,666521497962,p2,2,0,True
rbet-paris,3,112,d89da181655e,30ba403941d7,p2,2,0,True
rbet-paris,3,113,14c77768b9c3,0c052bfaf333,p2,2,0,True
rbet-paris,3,114,0405afb6a624,cdb806d8204a,p2,2,1,True
rbet-paris,3,115,b8e50a03086f,93fda5f2aa6e,p2,2,0,True
rbet-paris,3,116,067a8c3ad5bd,31aa8598f029,p2,2,1,True
rbet-paris,3,117,513c36038cc7,a156077a96aa,p2,2,0,False
rbet-paris,3,118,14c87bdcaaa7,7c9613c67fae,p1,2,1,True
rbet-paris,3,119,bed067b29a6c,8071b199007f,p2,2,0,True
rbet-paris,3,120,34179c685aa8,4fcdbfc9dd7b,p1,2,0,True
rbet-paris,3,121,2d819dc9f19c,af45a9131ef4,p2,2,1,True
rbet-paris,3,122,7beefa06b459,e419b13a156e,p1,2,0,True
rbet-paris,3,123,446e07b49f8f,261d3569f320,draw,,,True
rbet-paris,3,124,ef2d02e29fca,aad3e0f4c162,p2,2,0,False
rbet-paris,3,125,b54097fa93c3,e370dbcf1903,p1,2,0,True
rbet-paris,3,126,86d228550380,87d5c8ab095b,p1,2,0,True
rbet-paris,3,127,3ee2a6c9e335,52bacf55f00b,p2,2,1,True
rbet-paris,3,128,b13fde5089c4,d03642b66a0c,p2,2,0,True
rbet-paris,3,129,8e60b9b12ac4,88bd02bf4f4c,p2,2,1,True
rbet-paris,3,130,93e57653aed4,da7b73e2c0f8,p2,2,1,True
rbet-paris,3,131,a3b9a5d6764f,f742584bd091,p1,2,1,True
rbet-paris,3,132,2749960504e2,d6b597d0d1ec,p2,2,1,False
rbet-paris,3,133,55e7afd437fd,abdf9c6fd4e4,p1,2,0,True
rbet-paris,3,134,5323b68cdd95,624f965da4ee,p2,2,1,True
rbet-paris,3,135,096deaa2d45b,119da0c5188f,p2,2,0,True
rbet-paris,3,136,735fc224ef55,68aad04fdfeb,p2,2,1,True
rbet-paris,4,1,a9bf0a7bbcee,dba38c8398c0,p2,2,0,True
rbet-paris,4,2,bfa6bc37c2cc,4460b61a2e88,p1,2,1,True
rbet-paris,4,3,725b13bd39ca,7343aecbf503,p2,2,1,True
rbet-paris,4,4,a82c0d8a927f,ba7505ea11cc,p2,2,0,True
rbet-paris,4,5,4cbc2b3d6356,29ee5259d0b7,p2,2,1,True
rbet-paris,4,6,1010dd607edd,a486af40e908,p1,2,0,True
rbet-paris,4,7,fd5b7c95d90f,bdbf385d7a29,p2,2,0,True
rbet-paris,4,8,0400782c3e89,50e5c55de4fb,p2,2,0,True
rbet-paris,4,9,1be1c05d7bbc,9b992864f977,p1,2,1,True
rbet-paris,4,10,ec7c406dfcbe,95a8b443dbe8,p1,2,1,True
rbet-paris,4,11,abb539d20250,24e5ca8b59a8,p2,2,0,True
rbet-paris,4,12,3b84d5f4ab09,fc2d6489ceaa,p2,2,1,True
rbet-paris,4,13,d6679ea72a99,3f9893177825,p1,2,1,True
rbet-paris,4,14,15aed1895af1,d8423ad19b42,p1,2,1,True
rbet-paris,4,15,753bf0d06169,87d5c8ab095b,p1,2,0,True
rbet-paris,4,16,22e11068933e,2a40272f8916,p2,2,1,True
rbet-paris,4,17,1c1e40ac4096,551b5dec4358,p1,2,1,True
rbet-paris,4,18,6c7b3f30ae72,8984a83060cf,p2,2,0,True
rbet-paris,4,19,0039b75825ae,c3af351925ba,p2,2,1,True
rbet-paris,4,20,6cda509c9395,1fd2e2ec5f2c,p2,2,0,True
rbet-paris,4,21,02a0c886fc80,e01745803a31,p2,2,1,True
rbet-paris,4,22,0769e37f87d4,fec9749c5ab9,p2,2,1,True
rbet-paris,4,23,7793893c12c4,925f299734a4,p2,2,1,True
rbet-paris,4,24,c8c82befea9a,fb1b13077600,p1,2,1,True
rbet-paris,4,25,a9e9783307b7,082f4c9d0be1,p1,2,0,True
rbet-paris,4,26,a331d2f571f4,a7c8087564fd,p2,2,1,True
rbet-paris,4,27,b2c3dda41a8b,d01a7d0b5c72,p2,2,0,True
rbet-paris,4,28,ca1a9318efd2,e01e09b12ce7,p2,2,1,True
rbet-paris,4,29,d52bb7c569b7,c327eb17fe9a,p2,2,1,True
rbet-paris,4,30,04124e785b0c,93a5977e2399,p2,2,0,True
rbet-paris,4,31,769f0549a862,3db820a4f8e8,p1,2,1,True
rbet-paris,4,32,b4b887db0209,776e528c3850,p2,2,0,True
rbet-paris,4,33,c26c55d5d737,5a00efab3c69,p2,2,1,True
rbet-paris,4,34,731fef4d02d9,61f53f6281c1,p2,2,1,True
rbet-paris,4,35,d3725478a6cb,b039c2150503,p2,2,1,True
rbet-paris,4,36,e229ac250346,a26c7e898ac8,p2,2,0,True
rbet-paris,4,37,070417c97489,2f52318cc955,p2,2,0,True
rbet-paris,4,38,92fba831b80c,451ea73ac0db,p2,2,0,True
rbet-paris,4,39,9658fdda24b8,30abfefc9192,p2,2,0,True
rbet-paris,4,40,58bd991095b0,0f0121ada247,p1,2,1,True
rbet-paris,4,41,f32b8996c820,607a2063eed6,p2,2,1,True
rbet-paris,4,42,5b9c01705223,166d2b9e069d,p2,2,0,True
rbet-paris,4,43,115b9d5e74f2,93e5375ae749,p2,2,1,True
rbet-paris,4,44,3eba500f72b1,0c052bfaf333,p1,2,1,True
rbet-paris,4,45,5412f6d6b5a3,0359a44285ce,p2,2,0,True
rbet-paris,4,46,1777bb1494e6,d41cb04f23b2,p1,2,1,False
rbet-paris,4,47,f1be14abd06c,ca79c000bf0d,p2,2,1,True
rbet-paris,4,48,d15094495b12,223cbc3d8fa0,p2,2,0,True
rbet-paris,4,49,c0bb68326849,b9b0e2ea147a,p1,2,1,True
rbet-paris,4,50,a4b3d79fdc4e,7afee861c37c,p2,2,1,True
rbet-paris,4,51,14358cac4223,fd5db927f527,p1,2,0,True
rbet-paris,4,52,2c695830a24b,2d819dc9f19c,p1,2,1,True
rbet-paris,4,53,dd0602ee81d2,bfc07ff61cd8,p1,2,0,True
rbet-paris,4,54,ae4a47cc269a,495eb13dbf69,p2,2,0,True
rbet-paris,4,55,32ba7ac665d0,d8902a233ffb,p1,2,0,True
rbet-paris,4,56,445aa4833603,0e2d479005d3,p1,2,0,True
rbet-paris,4,57,84bbe3b756de,2749c9aa0b8b,p2,2,1,True
rbet-paris,4,58,ece86a47caed,c3075507cae7,p2,2,0,True
rbet-paris,4,59,0d41e704f747,52d920ef4294,p1,2,1,True
rbet-paris,4,60,9709c06706d7,0afa9b07dfe4,p1,2,0,True
rbet-paris,4,61,6b4eb7336a65,5250bea521a2,p2,2,1,True
rbet-paris,4,62,ebf22db0c721,25a778c30f69,p1,2,0,True
rbet-paris,4,63,933589c574fa,99ec22d9291f,p1,2,1,True
rbet-paris,4,64,c7a493952dcf,180f541c3e8f,p2,2,0,True
rbet-paris,4,65,4b821a0ab67d,30afc7ef6934,p2,2,0,True
rbet-paris,4,66,44f6b750815d,640c91eb3589,p1,2,1,True
rbet-paris,4,67,161631292f5b,aa53e94bfe7b,p1,2,0,True
rbet-paris,4,68,51505e2cd100,78c1305f0898,p2,2,0,True
rbet-paris,4,69,c205ebf1d6aa,9977dddb0b13,p2,2,1,True
rbet-paris,4,70,b8cf9eaf4158,52c72c974e2f,p2,2,1,True
rbet-paris,4,71,03b57cf7e1dd,30ba403941d7,p2,2,1,True
rbet-paris,4,72,666521497962,170bd19f68ad,p1,2,1,True
rbet-paris,4,73,1089a106e3ba,07ec427e74ed,p1,2,1,True
rbet-paris,4,74,563b39c35ca8,a5c1577fa6c6,p2,2,0,True
rbet-paris,4,75,652f095aaebb,4ad08a5d30b2,p1,2,0,True
rbet-paris,4,76,da7b73e2c0f8,dc646fe348d5,p1,2,0,True
rbet-paris,4,77,cf6998ce1955,55e7afd437fd,p1,2,0,True
rbet-paris,4,78,7beefa06b459,a3b9a5d6764f,p1,2,1,True
rbet-paris,4,79,b21badfef7a7,ef4179c11d7c,p1,2,0,True
rbet-paris,4,80,28835d11d73e,7fa62da6f9d9,p1,2,1,True
rbet-paris,4,81,bc35a3f45435,aa9fa9806f07,p2,2,0,True
rbet-paris,4,82,20c77061a537,cdb806d8204a,p2,2,1,True
rbet-paris,4,83,3481abc1027f,13bdd4eeea47,p2,2,1,True
rbet-paris,4,84,0c864de9725e,86d228550380,p2,2,1,True
rbet-paris,4,85,fb1f5da37c90,d299c0699593,p1,2,1,True
rbet-paris,4,86,25896f033c5f,34eb88ac6400,p1,2,0,True
rbet-paris,4,87,9b427142bc7e,a156077a96aa,p2,2,0,True
rbet-paris,4,88,93fda5f2aa6e,0285d2265978,p1,2,1,True
rbet-paris,4,89,68878617338e,73d173a0ef13,p1,2,1,True
rbet-paris,4,90,e1b41d8bafb8,829028de49b0,p1,2,1,True
rbet-paris,4,91,aad3e0f4c162,68aad04fdfeb,p2,2,0,True
rbet-paris,4,92,fa5adeb49258,930418b35cc1,p2,2,0,True
rbet-paris,4,93,d82a5012b8b2,34179c685aa8,p1,2,0,True
rbet-paris,4,94,dc8ef07cd47c,6e422f1b3e69,p2,2,0,True
rbet-paris,4,95,55ce43e1be0a,0300dba62fdb,p2,2,1,True
rbet-paris,4,96,c964371ca748,a32d003323b3,p2,2,0,True
rbet-paris,4,97,84b7f5b6610a,3e3069efc163,p2,2,0,True
rbet-paris,4,98,8d908c567be3,88bd02bf4f4c,p2,2,0,True
rbet-paris,4,99,8dac7d2b9d61,fd7fdb773fe0,p2,2,1,True
rbet-paris,4,100,624f965da4ee,d6b597d0d1ec,p2,2,0,False
rbet-paris,4,101,cc281bb21ff5,119da0c5188f,p2,2,0,True
rbet-paris,4,102,121fbd55a19a,b54482a511ea,p2,2,0,True
rbet-paris,4,103,4b135b37ac53,863c6cf644e9,p2,2,1,False
rbet-paris,4,104,31aa8598f029,9b2be9a6bddd,p2,2,0,True
rbet-paris,4,105,b54097fa93c3,c7fdbc9b3976,p2,2,1,True
rbet-paris,4,106,14c87bdcaaa7,3bb1857d459f,p1,2,0,True
rbet-paris,4,107,d03642b66a0c,e1648153e9cb,p2,2,1,True
rbet-paris,4,108,4a9820498778,8071b199007f,p1,2,1,False
rbet-paris,4,109,14c77768b9c3,663faf7eecd9,p2,2,1,True
rbet-paris,4,110,1f414c520171,ec0f8c0482cc,p1,2,0,True
rbet-paris,4,111,e913644adbfe,3193cc0497d0,p1,2,0,True
rbet-paris,4,112,d0a33e7af827,52bacf55f00b,p1,2,0,True
rbet-paris,4,113,963267e1292a,b13fde5089c4,p1,2,1,True
rbet-paris,4,114,3ee2a6c9e335,8e60b9b12ac4,p2,2,0,True
rbet-paris,4,115,0405afb6a624,abdf9c6fd4e4,p1,2,0,True
rbet-paris,4,116,7c9613c67fae,ef2d02e29fca,p1,2,0,False
rbet-paris,4,117,096deaa2d45b,067a8c3ad5bd,draw,,,True
rbet-paris,4,118,7d98d03953aa,af45a9131ef4,p1,2,1,True
rbet-paris,4,119,e419b13a156e,e370dbcf1903,draw,,,True
rbet-paris,5,1,2a40272f8916,1010dd607edd,p2,2,0,True
rbet-paris,5,2,29ee5259d0b7,c3af351925ba,p1,2,0,True
rbet-paris,5,3,7343aecbf503,24e5ca8b59a8,p2,2,1,True
rbet-paris,5,4,d6679ea72a99,bfa6bc37c2cc,p2,2,1,True
rbet-paris,5,5,1be1c05d7bbc,7d98d03953aa,p1,2,0,True
rbet-paris,5,6,1c1e40ac4096,dba38c8398c0,p2,2,0,True
rbet-paris,5,7,15aed1895af1,8984a83060cf,p1,2,1,True
rbet-paris,5,8,fc2d6489ceaa,ba7505ea11cc,p1,2,1,True
rbet-paris,5,9,50e5c55de4fb,bdbf385d7a29,p1,2,0,True
rbet-paris,5,10,b13fde5089c4,ef2d02e29fca,p1,2,0,False
rbet-paris,5,11,0400782c3e89,b039c2150503,p2,2,1,True
rbet-paris,5,12,c0bb68326849,551b5dec4358,p2,2,0,True
rbet-paris,5,13,30abfefc9192,95a8b443dbe8,p2,2,0,True
rbet-paris,5,14,ebf22db0c721,652f095aaebb,p1,2,1,True
rbet-paris,5,15,1089a106e3ba,93e5375ae749,p2,2,0,True
rbet-paris,5,16,666521497962,445aa4833603,p1,2,0,True
rbet-paris,5,17,da7b73e2c0f8,2c695830a24b,p2,2,1,True
rbet-paris,5,18,725b13bd39ca,776e528c3850,p2,2,1,True
rbet-paris,5,19,30afc7ef6934,abb539d20250,p2,2,0,True
rbet-paris,5,20,c8c82befea9a,22e11068933e,p1,2,1,True
rbet-paris,5,21,fd5b7c95d90f,e01745803a31,p2,2,1,True
rbet-paris,5,22,e01e09b12ce7,0d41e704f747,p1,2,1,True
rbet-paris,5,23,5a00efab3c69,61f53f6281c1,p2,2,1,True
rbet-paris,5,24,180f541c3e8f,fec9749c5ab9,p2,2,0,True
rbet-paris,5,25,a9bf0a7bbcee,166d2b9e069d,p1,2,1,True
rbet-paris,5,26,44f6b750815d,52c72c974e2f,p1,2,0,True
rbet-paris,5,27,223cbc3d8fa0,d01a7d0b5c72,p1,2,0,True
rbet-paris,5,28,4460b61a2e88,769f0549a862,p1,2,0,True
rbet-paris,5,29,933589c574fa,1fd2e2ec5f2c,p2,2,1,True
rbet-paris,5,30,5250bea521a2,a486af40e908,p2,2,0,True
rbet-paris,5,31,607a2063eed6,a82c0d8a927f,p1,2,1,True
rbet-paris,5,32,6cda509c9395,3f9893177825,p2,2,0,True
rbet-paris,5,33,161631292f5b,0359a44285ce,p1,2,0,True
rbet-paris,5,34,14358cac4223,78c1305f0898,p2,2,1,True
rbet-paris,5,35,6c7b3f30ae72,9b992864f977,p2,2,0,True
rbet-paris,5,36,495eb13dbf69,a5c1577fa6c6,p1,2,1,True
rbet-paris,5,37,ca79c000bf0d,451ea73ac0db,p1,2,0,True
rbet-paris,5,38,3b84d5f4ab09,3eba500f72b1,p1,2,1,True
rbet-paris,5,39,925f299734a4,a7c8087564fd,p1,2,0,True
rbet-paris,5,40,c327eb17fe9a,a26c7e898ac8,p1,2,0,True
rbet-paris,5,41,2f52318cc955,58bd991095b0,p1,2,1,True
rbet-paris,5,42,d8423ad19b42,30ba403941d7,p2,2,1,True
rbet-paris,5,43,a9e9783307b7,9709c06706d7,p2,2,1,True
rbet-paris,5,44,9977dddb0b13,2749c9aa0b8b,p2,2,0,True
rbet-paris,5,45,cf6998ce1955,dd0602ee81d2,p2,2,1,True
rbet-paris,5,46,32ba7ac665d0,7afee861c37c,p2,2,1,True
rbet-paris,5,47,93a5977e2399,4cbc2b3d6356,p1,2,0,True
rbet-paris,5,48,1777bb1494e6,c3075507cae7,p2,2,0,True
rbet-paris,5,49,0039b75825ae,fb1f5da37c90,p1,2,1,True
rbet-paris,5,50,68878617338e,68aad04fdfeb,p1,2,0,True
rbet-paris,5,51,b54482a511ea,0f0121ada247,p2,2,0,True
rbet-paris,5,52,6b4eb7336a65,88bd02bf4f4c,p2,2,1,True
rbet-paris,5,53,4a9820498778,03b57cf7e1dd,p1,2,0,False
rbet-paris,5,54,fd7fdb773fe0,070417c97489,p1,2,1,True
rbet-paris,5,55,14c87bdcaaa7,51505e2cd100,p1,2,1,True
rbet-paris,5,56,4ad08a5d30b2,0e2d479005d3,p2,2,1,True
rbet-paris,5,57,ece86a47caed,c205ebf1d6aa,p2,2,1,True
rbet-paris,5,58,b21badfef7a7,cdb806d8204a,p2,2,1,True
rbet-paris,5,59,92fba831b80c,04124e785b0c,p1,2,1,True
rbet-paris,5,60,bfc07ff61cd8,13bdd4eeea47,p1,2,0,True
rbet-paris,5,61,115b9d5e74f2,07ec427e74ed,p1,2,0,True
rbet-paris,5,62,86d228550380,d3725478a6cb,p2,2,0,True
rbet-paris,5,63,0afa9b07dfe4,b2c3dda41a8b,p2,2,1,True
rbet-paris,5,64,d0a33e7af827,a156077a96aa,p1,2,1,True
rbet-paris,5,65,731fef4d02d9,fb1b13077600,p2,2,0,True
rbet-paris,5,66,5b9c01705223,0c052bfaf333,p1,2,0,True
rbet-paris,5,67,0300dba62fdb,c7fdbc9b3976,p1,2,1,True
rbet-paris,5,68,aa9fa9806f07,2d819dc9f19c,p2,2,1,True
rbet-paris,5,69,a4b3d79fdc4e,99ec22d9291f,p2,2,0,True
rbet-paris,5,70,9b2be9a6bddd,fd5db927f527,p2,2,0,True
rbet-paris,5,71,e1b41d8bafb8,7793893c12c4,p1,2,1,True
rbet-paris,5,72,28835d11d73e,25896f033c5f,p1,2,0,True
rbet-paris,5,73,863c6cf644e9,f32b8996c820,p1,2,0,True
rbet-paris,5,74,b8cf9eaf4158,f1be14abd06c,p2,2,0,True
rbet-paris,5,75,aa53e94bfe7b,d6b597d0d1ec,p1,2,0,False
rbet-paris,5,76,e913644adbfe,963267e1292a,p1,2,1,True
rbet-paris,5,77,d52bb7c569b7,84bbe3b756de,p1,2,0,True
rbet-paris,5,78,1f414c520171,d8902a233ffb,p1,2,0,True
rbet-paris,5,79,0769e37f87d4,52d920ef4294,p2,2,1,True
rbet-paris,5,80,02a0c886fc80,4b821a0ab67d,p2,2,1,True
rbet-paris,5,81,e1648153e9cb,563b39c35ca8,p2,2,1,True
rbet-paris,5,82,3db820a4f8e8,ae4a47cc269a,p2,2,0,True
rbet-paris,5,83,25a778c30f69,b9b0e2ea147a,p1,2,1,True
rbet-paris,5,84,c7a493952dcf,7beefa06b459,p1,2,1,True
rbet-paris,5,85,663faf7eecd9,6e422f1b3e69,p1,2,0,True
rbet-paris,5,86,93fda5f2aa6e,640c91eb3589,p2,2,0,True
rbet-paris,5,87,3e3069efc163,930418b35cc1,p2,2,1,True
rbet-paris,5,88,d82a5012b8b2,119da0c5188f,p2,2,1,True
rbet-paris,5,89,5412f6d6b5a3,c26c55d5d737,p1,2,1,True
rbet-paris,5,90,9658fdda24b8,d15094495b12,p2,2,0,True
rbet-paris,5,91,170bd19f68ad,a32d003323b3,p2,2,0,True
rbet-paris,5,92,753bf0d06169,fa5adeb49258,p1,2,0,True
rbet-paris,5,93,0285d2265978,829028de49b0,p1,2,0,True
rbet-paris,5,94,7c9613c67fae,8dac7d2b9d61,p2,2,1,True
rbet-paris,5,95,73d173a0ef13,a3b9a5d6764f,p1,2,1,True
rbet-paris,5,96,ef4179c11d7c,dc8ef07cd47c,p2,2,0,True
rbet-paris,5,97,55ce43e1be0a,52bacf55f00b,p1,2,0,True
rbet-paris,5,98,8e60b9b12ac4,4b135b37ac53,p1,2,1,False
rbet-paris,5,99,624f965da4ee,0c864de9725e,p2,2,0,True
rbet-paris,5,100,d299c0699593,14c77768b9c3,p1,2,1,True
rbet-paris,5,101,9b427142bc7e,0405afb6a624,p2,2,0,True
rbet-paris,5,102,3481abc1027f,d03642b66a0c,draw,,,True
rbet-paris,5,103,20c77061a537,cc281bb21ff5,p1,2,1,True
rbet-paris,5,104,84b7f5b6610a,b8e50a03086f,p2,2,1,True
rbet-paris,5,105,ec0f8c0482cc,55e7afd437fd,p1,2,0,True
rbet-paris,5,106,3193cc0497d0,b54097fa93c3,p1,2,1,True
rbet-paris,5,107,87d5c8ab095b,3ee2a6c9e335,draw,,,True
rbet-paris,5,108,ec7c406dfcbe,af45a9131ef4,p1,2,0,True
rbet-paris,6,1,1be1c05d7bbc,dba38c8398c0,p1,2,1,True
rbet-paris,6,2,bfa6bc37c2cc,50e5c55de4fb,p2,2,1,True
rbet-paris,6,3,fc2d6489ceaa,15aed1895af1,p2,2,1,True
rbet-paris,6,4,24e5ca8b59a8,29ee5259d0b7,p1,2,0,True
rbet-paris,6,5,1010dd607edd,ec7c406dfcbe,p1,2,1,True
rbet-paris,6,6,1c1e40ac4096,dd0602ee81d2,p1,2,0,True
rbet-paris,6,7,c3075507cae7,abb539d20250,p2,2,0,True
rbet-paris,6,8,925f299734a4,2749c9aa0b8b,p2,2,1,True
rbet-paris,6,9,bdbf385d7a29,1fd2e2ec5f2c,p2,2,1,True
rbet-paris,6,10,44f6b750815d,607a2063eed6,p1,2,1,True
rbet-paris,6,11,666521497962,78c1305f0898,p1,2,1,True
rbet-paris,6,12,30ba403941d7,161631292f5b,p2,2,1,True
rbet-paris,6,13,495eb13dbf69,b039c2150503,p2,2,1,True
rbet-paris,6,14,c8c82befea9a,ca79c000bf0d,p1,2,1,True
rbet-paris,6,15,d6679ea72a99,223cbc3d8fa0,p1,2,0,True
rbet-paris,6,16,ebf22db0c721,95a8b443dbe8,p2,2,0,True
rbet-paris,6,17,0039b75825ae,ba7505ea11cc,p2,2,0,True
rbet-paris,6,18,a9bf0a7bbcee,fec9749c5ab9,p1,2,0,True
rbet-paris,6,19,2c695830a24b,61f53f6281c1,p2,2,1,True
rbet-paris,6,20,93e5375ae749,551b5dec4358,p2,2,1,True
rbet-paris,6,21,93a5977e2399,9b992864f977,p2,2,0,True
rbet-paris,6,22,7afee861c37c,2f52318cc955,p2,2,1,True
rbet-paris,6,23,e01e09b12ce7,7343aecbf503,p2,2,1,True
rbet-paris,6,24,7d98d03953aa,9709c06706d7,p1,2,0,True
rbet-paris,6,25,c3af351925ba,3b84d5f4ab09,p2,2,1,True
rbet-paris,6,26,2a40272f8916,e01745803a31,p2,2,0,True
rbet-paris,6,27,4460b61a2e88,776e528c3850,p2,2,0,True
rbet-paris,6,28,c327eb17fe9a,8984a83060cf,p2,2,0,True
rbet-paris,6,29,3f9893177825,a486af40e908,p1,2,0,True
rbet-paris,6,30,d8423ad19b42,32ba7ac665d0,p1,2,1,True
rbet-paris,6,31,445aa4833603,451ea73ac0db,p2,2,0,True
rbet-paris,6,32,725b13bd39ca,30abfefc9192,p2,2,1,True
rbet-paris,6,33,663faf7eecd9,a9e9783307b7,p1,2,1,True
rbet-paris,6,34,c0bb68326849,5a00efab3c69,p1,2,1,True
rbet-paris,6,35,92fba831b80c,6c7b3f30ae72,p1,2,0,True
rbet-paris,6,36,22e11068933e,ae4a47cc269a,p1,2,0,True
rbet-paris,6,37,a82c0d8a927f,3eba500f72b1,p1,2,0,True
rbet-paris,6,38,4a9820498778,0300dba62fdb,p1,2,0,False
rbet-paris,6,39,863c6cf644e9,d01a7d0b5c72,p2,2,1,True
rbet-paris,6,40,d0a33e7af827,4b821a0ab67d,p1,2,0,True
rbet-paris,6,41,d52bb7c569b7,0d41e704f747,p1,2,1,True
rbet-paris,6,42,5b9c01705223,e1b41d8bafb8,p1,2,0,True
rbet-paris,6,43,bfc07ff61cd8,115b9d5e74f2,p1,2,0,True
rbet-paris,6,44,25a778c30f69,da7b73e2c0f8,p1,2,1,True
rbet-paris,6,45,c205ebf1d6aa,cdb806d8204a,p1,2,1,True
rbet-paris,6,46,c7a493952dcf,166d2b9e069d,p1,2,1,True
rbet-paris,6,47,52bacf55f00b,ef4179c11d7c,draw,,,True
rbet-paris,6,48,9977dddb0b13,aa53e94bfe7b,p2,2,0,True
rbet-paris,6,49,d3725478a6cb,68878617338e,p1,2,0,True
rbet-paris,6,50,fd7fdb773fe0,563b39c35ca8,p1,2,1,True
rbet-paris,6,51,e913644adbfe,fb1b13077600,p1,2,1,True
rbet-paris,6,52,180f541c3e8f,a7c8087564fd,p1,2,0,True
rbet-paris,6,53,119da0c5188f,f1be14abd06c,p2,2,1,True
rbet-paris,6,54,b2c3dda41a8b,cf6998ce1955,p1,2,1,True
rbet-paris,6,55,5412f6d6b5a3,52d920ef4294,p2,2,1,True
rbet-paris,6,56,28835d11d73e,933589c574fa,p1,2,1,True
rbet-paris,6,57,88bd02bf4f4c,652f095aaebb,p2,2,0,True
rbet-paris,6,58,4cbc2b3d6356,0f0121ada247,p1,2,0,True
rbet-paris,6,59,52c72c974e2f,1089a106e3ba,p1,2,0,True
rbet-paris,6,60,1777bb1494e6,99ec22d9291f,p2,2,1,True
rbet-paris,6,61,14358cac4223,1f414c520171,p2,2,1,True
rbet-paris,6,62,930418b35cc1,58bd991095b0,p1,2,1,True
rbet-paris,6,63,a5c1577fa6c6,d15094495b12,p2,2,0,True
rbet-paris,6,64,14c87bdcaaa7,2d819dc9f19c,p2,2,1,True
rbet-paris,6,65,640c91eb3589,6cda509c9395,p1,2,0,True
rbet-paris,6,66,0400782c3e89,0e2d479005d3,p1,2,0,True
rbet-paris,6,67,fd5db927f527,a26c7e898ac8,p2,2,1,True
rbet-paris,6,68,68aad04fdfeb,d82a5012b8b2,p2,2,1,True
rbet-paris,6,69,b9b0e2ea147a,7beefa06b459,p1,2,0,True
rbet-paris,6,70,731fef4d02d9,b21badfef7a7,p2,2,0,True
rbet-paris,6,71,84bbe3b756de,b54482a511ea,p1,2,1,True
rbet-paris,6,72,04124e785b0c,d299c0699593,p1,2,1,True
rbet-paris,6,73,a4b3d79fdc4e,6b4eb7336a65,p1,2,1,True
rbet-paris,6,74,3db820a4f8e8,fb1f5da37c90,p2,2,0,True
rbet-paris,6,75,aa9fa9806f07,13bdd4eeea47,draw,,,True
rbet-paris,6,76,0c864de9725e,51505e2cd100,p1,2,1,True
rbet-paris,6,77,0405afb6a624,25896f033c5f,p2,2,0,True
rbet-paris,6,78,d6b597d0d1ec,7793893c12c4,p1,2,0,False
rbet-paris,6,79,8e60b9b12ac4,55ce43e1be0a,p1,2,1,True
rbet-paris,6,80,753bf0d06169,0c052bfaf333,p1,2,0,True
rbet-paris,6,81,20c77061a537,c26c55d5d737,p1,2,0,True
rbet-paris,6,82,0afa9b07dfe4,ec0f8c0482cc,p2,2,1,True
rbet-paris,6,83,3193cc0497d0,0285d2265978,p1,2,1,True
rbet-paris,6,84,b8e50a03086f,170bd19f68ad,p1,2,1,True
rbet-paris,6,85,dc8ef07cd47c,9658fdda24b8,p1,2,0,True
rbet-paris,6,86,8dac7d2b9d61,d8902a233ffb,p1,2,0,True
rbet-paris,6,87,73d173a0ef13,d03642b66a0c,draw,,,True
rbet-paris,6,88,3481abc1027f,9b427142bc7e,draw,,,True
rbet-paris,6,89,cc281bb21ff5,b54097fa93c3,p2,2,1,True
rbet-paris,6,90,b13fde5089c4,829028de49b0,p1,2,0,True
rbet-paris,6,91,a3b9a5d6764f,7c9613c67fae,p1,2,0,True
rbet-paris,6,92,55e7afd437fd,14c77768b9c3,p2,2,0,True
rbet-paris,6,93,fa5adeb49258,4b135b37ac53,p1,2,0,False
rbet-paris,6,94,af45a9131ef4,769f0549a862,p2,2,0,True
rbet-paris,7,1,50e5c55de4fb,24e5ca8b59a8,p2,2,1,True
rbet-paris,7,2,1be1c05d7bbc,15aed1895af1,p1,2,1,True
rbet-paris,7,3,1010dd607edd,61f53f6281c1,p2,2,0,True
rbet-paris,7,4,776e528c3850,9b992864f977,p1,2,1,True
rbet-paris,7,5,7343aecbf503,2749c9aa0b8b,p2,2,1,True
rbet-paris,7,6,29ee5259d0b7,95a8b443dbe8,p2,2,1,True
rbet-paris,7,7,161631292f5b,666521497962,p2,2,1,True
rbet-paris,7,8,7d98d03953aa,e01745803a31,p1,2,0,True
rbet-paris,7,9,551b5dec4358,ba7505ea11cc,p1,2,1,True
rbet-paris,7,10,44f6b750815d,2f52318cc955,p2,2,0,True
rbet-paris,7,11,3b84d5f4ab09,bfa6bc37c2cc,p1,2,0,True
rbet-paris,7,12,1fd2e2ec5f2c,8984a83060cf,p1,2,1,True
rbet-paris,7,13,abb539d20250,fc2d6489ceaa,p1,2,1,True
rbet-paris,7,14,dba38c8398c0,3f9893177825,p2,2,1,True
rbet-paris,7,15,ec7c406dfcbe,b039c2150503,p1,2,0,True
rbet-paris,7,16,1c1e40ac4096,d6679ea72a99,p1,2,1,True
rbet-paris,7,17,a9bf0a7bbcee,c8c82befea9a,p2,2,0,True
rbet-paris,7,18,28835d11d73e,451ea73ac0db,p1,2,1,True
rbet-paris,7,19,4a9820498778,93a5977e2399,p2,2,0,False
rbet-paris,7,20,925f299734a4,2c695830a24b,p1,2,1,True
rbet-paris,7,21,4cbc2b3d6356,52d920ef4294,p1,2,1,True
rbet-paris,7,22,fec9749c5ab9,1f414c520171,p1,2,0,True
rbet-paris,7,23,2d819dc9f19c,495eb13dbf69,p2,2,0,True
rbet-paris,7,24,640c91eb3589,663faf7eecd9,p1,2,1,True
rbet-paris,7,25,c0bb68326849,bdbf385d7a29,p2,2,1,True
rbet-paris,7,26,ebf22db0c721,d3725478a6cb,p2,2,1,True
rbet-paris,7,27,c3af351925ba,652f095aaebb,p1,2,1,True
rbet-paris,7,28,9709c06706d7,aa53e94bfe7b,p2,2,0,True
rbet-paris,7,29,e01e09b12ce7,22e11068933e,p2,2,0,True
rbet-paris,7,30,ca79c000bf0d,d0a33e7af827,p1,2,0,True
rbet-paris,7,31,f1be14abd06c,223cbc3d8fa0,p1,2,0,True
rbet-paris,7,32,607a2063eed6,2a40272f8916,p2,2,0,True
rbet-paris,7,33,930418b35cc1,c7a493952dcf,p1,2,1,True
rbet-paris,7,34,92fba831b80c,bfc07ff61cd8,draw,,,True
rbet-paris,7,35,0400782c3e89,4460b61a2e88,p2,2,0,True
rbet-paris,7,36,b2c3dda41a8b,769f0549a862,p2,2,1,True
rbet-paris,7,37,99ec22d9291f,30abfefc9192,p1,2,0,True
rbet-paris,7,38,7afee861c37c,d01a7d0b5c72,p2,2,0,True
rbet-paris,7,39,0039b75825ae,c327eb17fe9a,p1,2,0,True
rbet-paris,7,40,e913644adbfe,52c72c974e2f,p1,2,0,True
rbet-paris,7,41,a26c7e898ac8,30ba403941d7,p2,2,0,True
rbet-paris,7,42,c3075507cae7,dd0602ee81d2,p1,2,1,True
rbet-paris,7,43,d15094495b12,d8423ad19b42,p1,2,1,True
rbet-paris,7,44,c205ebf1d6aa,78c1305f0898,p1,2,1,True
rbet-paris,7,45,a82c0d8a927f,93e5375ae749,p1,2,0,True
rbet-paris,7,46,180f541c3e8f,d52bb7c569b7,p1,2,1,True
rbet-paris,7,47,fd7fdb773fe0,a486af40e908,p1,2,0,True
rbet-paris,7,48,25a778c30f69,cf6998ce1955,p2,2,0,True
rbet-paris,7,49,863c6cf644e9,b9b0e2ea147a,p2,2,1,True
rbet-paris,7,50,dc8ef07cd47c,88bd02bf4f4c,p1,2,1,True
rbet-paris,7,51,b8e50a03086f,725b13bd39ca,p2,2,0,True
rbet-paris,7,52,1777bb1494e6,8dac7d2b9d61,p2,2,1,True
rbet-paris,7,53,fb1b13077600,da7b73e2c0f8,draw,,,True
rbet-paris,7,54,b21badfef7a7,0d41e704f747,p1,2,1,True
rbet-paris,7,55,ec0f8c0482cc,e1b41d8bafb8,p1,2,0,True
rbet-paris,7,56,753bf0d06169,14358cac4223,p1,2,1,True
rbet-paris,7,57,04124e785b0c,8e60b9b12ac4,p1,2,1,True
rbet-paris,7,58,166d2b9e069d,25896f033c5f,p1,2,1,True
rbet-paris,7,59,d82a5012b8b2,84bbe3b756de,p1,2,0,True
rbet-paris,7,60,0c864de9725e,fb1f5da37c90,p2,2,1,True
rbet-paris,7,61,a5c1577fa6c6,0e2d479005d3,p1,2,1,True
rbet-paris,7,62,ae4a47cc269a,933589c574fa,p1,2,0,True
rbet-paris,7,63,9977dddb0b13,3193cc0497d0,p2,2,0,True
rbet-paris,7,64,a4b3d79fdc4e,d6b597d0d1ec,p1,2,0,False
rbet-paris,7,65,cdb806d8204a,0300dba62fdb,p1,2,1,True
rbet-paris,7,66,20c77061a537,4b821a0ab67d,p1,2,0,True
rbet-paris,7,67,1089a106e3ba,170bd19f68ad,draw,,,True
rbet-paris,7,68,14c77768b9c3,9658fdda24b8,p2,2,0,True
rbet-paris,7,69,6b4eb7336a65,b54482a511ea,p2,2,0,True
rbet-paris,7,70,b54097fa93c3,0405afb6a624,p2,2,0,True
rbet-paris,7,71,b13fde5089c4,d299c0699593,p2,2,0,True
rbet-paris,7,72,a3b9a5d6764f,51505e2cd100,p2,2,0,True
rbet-paris,7,73,68aad04fdfeb,55ce43e1be0a,p2,2,0,True
rbet-paris,7,74,0285d2265978,cc281bb21ff5,p2,2,1,True
rbet-paris,8,1,24e5ca8b59a8,1be1c05d7bbc,p1,2,1,True
rbet-paris,8,2,ec7c406dfcbe,551b5dec4358,p2,2,1,True
rbet-paris,8,3,95a8b443dbe8,61f53f6281c1,p1,2,0,True
rbet-paris,8,4,1010dd607edd,7d98d03953aa,p2,2,1,True
rbet-paris,8,5,2749c9aa0b8b,3f9893177825,p1,2,1,True
rbet-paris,8,6,3b84d5f4ab09,50e5c55de4fb,p1,2,0,True
rbet-paris,8,7,abb539d20250,1c1e40ac4096,p1,2,1,True
rbet-paris,8,8,c8c82befea9a,2f52318cc955,p2,2,0,True
rbet-paris,8,9,15aed1895af1,1fd2e2ec5f2c,p1,2,0,True
rbet-paris,8,10,666521497962,776e528c3850,p2,2,1,True
rbet-paris,8,11,930418b35cc1,7343aecbf503,p2,2,1,True
rbet-paris,8,12,ba7505ea11cc,dba38c8398c0,p1,2,1,True
rbet-paris,8,13,495eb13dbf69,aa53e94bfe7b,p1,2,1,True
rbet-paris,8,14,93a5977e2399,161631292f5b,p2,2,0,True
rbet-paris,8,15,44f6b750815d,769f0549a862,p1,2,0,True
rbet-paris,8,16,29ee5259d0b7,fc2d6489ceaa,p2,2,0,True
rbet-paris,8,17,fd7fdb773fe0,99ec22d9291f,p2,2,1,True
rbet-paris,8,18,640c91eb3589,2a40272f8916,p2,2,0,True
rbet-paris,8,19,22e11068933e,4460b61a2e88,p2,2,1,True
rbet-paris,8,20,d15094495b12,b039c2150503,p1,2,0,True
rbet-paris,8,21,ca79c000bf0d,8984a83060cf,p1,2,1,True
rbet-paris,8,22,925f299734a4,4cbc2b3d6356,p1,2,1,True
rbet-paris,8,23,bfa6bc37c2cc,180f541c3e8f,p2,2,0,True
rbet-paris,8,24,bdbf385d7a29,9b992864f977,p1,2,0,True
rbet-paris,8,25,c3af351925ba,fec9749c5ab9,p1,2,1,True
rbet-paris,8,26,d01a7d0b5c72,f1be14abd06c,p1,2,1,True
rbet-paris,8,27,c205ebf1d6aa,e913644adbfe,p2,2,0,True
rbet-paris,8,28,e01745803a31,0039b75825ae,p1,2,1,True
rbet-paris,8,29,d3725478a6cb,d6679ea72a99,p1,2,1,True
rbet-paris,8,30,30ba403941d7,c3075507cae7,p2,2,1,True
rbet-paris,8,31,a82c0d8a927f,28835d11d73e,p1,2,0,True
rbet-paris,8,32,a9bf0a7bbcee,bfc07ff61cd8,p2,2,1,True
rbet-paris,8,33,92fba831b80c,0400782c3e89,p2,2,1,True
rbet-paris,8,34,652f095aaebb,ae4a47cc269a,p1,2,1,True
rbet-paris,8,35,cdb806d8204a,25a778c30f69,p2,2,0,True
rbet-paris,8,36,8dac7d2b9d61,30abfefc9192,p2,2,0,True
rbet-paris,8,37,7afee861c37c,d82a5012b8b2,p1,2,0,True
rbet-paris,8,38,753bf0d06169,b21badfef7a7,p2,2,0,True
rbet-paris,8,39,d52bb7c569b7,c7a493952dcf,p1,2,1,True
rbet-paris,8,40,a5c1577fa6c6,20c77061a537,p1,2,0,True
rbet-paris,8,41,663faf7eecd9,1f414c520171,p2,2,1,True
rbet-paris,8,42,ebf22db0c721,c0bb68326849,p2,2,1,True
rbet-paris,8,43,3193cc0497d0,78c1305f0898,draw,,,True
rbet-paris,8,44,dc8ef07cd47c,fb1f5da37c90,p1,2,0,True
rbet-paris,8,45,dd0602ee81d2,a4b3d79fdc4e,p1,2,1,True
rbet-paris,8,46,d0a33e7af827,b9b0e2ea147a,p1,2,0,True
rbet-paris,8,47,04124e785b0c,ec0f8c0482cc,p2,2,0,True
rbet-paris,8,48,cf6998ce1955,4a9820498778,p1,2,0,False
rbet-paris,8,49,725b13bd39ca,fb1b13077600,p1,2,0,True
rbet-paris,8,50,da7b73e2c0f8,b54482a511ea,p1,2,0,True
rbet-paris,8,51,0c864de9725e,9658fdda24b8,p2,2,0,True
rbet-paris,8,52,933589c574fa,8e60b9b12ac4,p2,2,1,True
rbet-paris,8,53,d299c0699593,25896f033c5f,p1,2,0,True
rbet-paris,8,54,88bd02bf4f4c,55ce43e1be0a,p1,2,0,True
rbet-paris,8,55,b8e50a03086f,863c6cf644e9,p1,2,1,True
rbet-paris,8,56,0300dba62fdb,1777bb1494e6,draw,,,True
rbet-paris,8,57,0e2d479005d3,51505e2cd100,p2,2,0,True
rbet-paris,8,58,14358cac4223,0405afb6a624,p1,2,1,True
rbet-paris,8,59,ef4179c11d7c,0285d2265978,p1,2,0,True
rbet-paris,8,60,b13fde5089c4,b54097fa93c3,p2,2,1,True
rbet-paris,8,61,a3b9a5d6764f,cc281bb21ff5,draw,,,True
rbet-paris,9,1,24e5ca8b59a8,2749c9aa0b8b,p1,2,0,True
rbet-paris,9,2,3b84d5f4ab09,15aed1895af1,p2,2,1,True
rbet-paris,9,3,551b5dec4358,7d98d03953aa,p2,2,0,True
rbet-paris,9,4,776e528c3850,1be1c05d7bbc,p2,2,0,True
rbet-paris,9,5,abb539d20250,95a8b443dbe8,p2,2,1,True
rbet-paris,9,6,2f52318cc955,1fd2e2ec5f2c,p1,2,1,True
rbet-paris,9,7,c3af351925ba,ba7505ea11cc,p2,2,0,True
rbet-paris,9,8,4460b61a2e88,3f9893177825,p2,2,1,True
rbet-paris,9,9,161631292f5b,ec7c406dfcbe,p2,2,1,True
rbet-paris,9,10,d15094495b12,1c1e40ac4096,p1,2,1,True
rbet-paris,9,11,61f53f6281c1,d01a7d0b5c72,p1,2,1,True
rbet-paris,9,12,7343aecbf503,180f541c3e8f,p1,2,0,True
rbet-paris,9,13,ca79c000bf0d,e913644adbfe,p2,2,1,True
rbet-paris,9,14,bdbf385d7a29,fc2d6489ceaa,p1,2,1,True
rbet-paris,9,15,925f299734a4,d3725478a6cb,p2,2,0,True
rbet-paris,9,16,50e5c55de4fb,1010dd607edd,p1,2,1,True
rbet-paris,9,17,666521497962,a82c0d8a927f,p2,2,0,True
rbet-paris,9,18,99ec22d9291f,c8c82befea9a,p2,2,0,True
rbet-paris,9,19,e01745803a31,c3075507cae7,p2,2,1,True
rbet-paris,9,20,2a40272f8916,495eb13dbf69,p1,2,1,True
rbet-paris,9,21,44f6b750815d,bfc07ff61cd8,p1,2,1,True
rbet-paris,9,22,dc8ef07cd47c,9b992864f977,p1,2,0,True
rbet-paris,9,23,d52bb7c569b7,bfa6bc37c2cc,p1,2,0,True
rbet-paris,9,24,dd0602ee81d2,0039b75825ae,p1,2,0,True
rbet-paris,9,25,b21badfef7a7,652f095aaebb,p2,2,1,True
rbet-paris,9,26,dba38c8398c0,4cbc2b3d6356,p1,2,0,True
rbet-paris,9,27,30abfefc9192,a5c1577fa6c6,p1,2,0,True
rbet-paris,9,28,22e11068933e,cf6998ce1955,p1,2,1,True
rbet-paris,9,29,aa53e94bfe7b,725b13bd39ca,p1,2,0,True
rbet-paris,9,30,f1be14abd06c,769f0549a862,p2,2,0,True
rbet-paris,9,31,c0bb68326849,930418b35cc1,p1,2,1,True
rbet-paris,9,32,8984a83060cf,c205ebf1d6aa,p1,2,0,True
rbet-paris,9,33,fec9749c5ab9,ec0f8c0482cc,p2,2,1,True
rbet-paris,9,34,1f414c520171,93a5977e2399,p1,2,0,True
rbet-paris,9,35,640c91eb3589,28835d11d73e,p2,2,1,True
rbet-paris,9,36,7afee861c37c,25a778c30f69,p1,2,0,True
rbet-paris,9,37,0400782c3e89,29ee5259d0b7,p1,2,0,True
rbet-paris,9,38,d0a33e7af827,a9bf0a7bbcee,p2,2,1,True
rbet-paris,9,39,da7b73e2c0f8,04124e785b0c,draw,,,True
rbet-paris,9,40,a4b3d79fdc4e,88bd02bf4f4c,p1,2,0,True
rbet-paris,9,41,c7a493952dcf,fb1f5da37c90,p2,2,1,True
rbet-paris,9,42,d299c0699593,9658fdda24b8,p2,2,1,True
rbet-paris,9,43,cdb806d8204a,14358cac4223,p2,2,1,True
rbet-paris,9,44,ae4a47cc269a,8e60b9b12ac4,p1,2,0,True
rbet-paris,9,45,663faf7eecd9,51505e2cd100,p1,2,0,True
rbet-paris,9,46,b9b0e2ea147a,d82a5012b8b2,p1,2,1,True
rbet-paris,9,47,4a9820498778,ebf22db0c721,p2,2,0,False
rbet-paris,9,48,b8e50a03086f,8dac7d2b9d61,p1,2,1,True
rbet-paris,9,49,753bf0d06169,fb1b13077600,p1,2,0,True
rbet-paris,9,50,ef4179c11d7c,0c864de9725e,p1,2,0,True
rbet-paris,9,51,933589c574fa,55ce43e1be0a,p2,2,1,True
rbet-paris,9,52,0e2d479005d3,0405afb6a624,p1,2,0,True
rbet-paris,9,53,b54097fa93c3,863c6cf644e9,p2,2,1,True
rbet-paris,9,54,68aad04fdfeb,cc281bb21ff5,p1,2,0,True
rbet-paris,9,55,a3b9a5d6764f,0285d2265978,p2,2,0,True
rbet-paris,Finals,1,50e5c55de4fb,1be1c05d7bbc,p1,2,0,True
rbet-paris,Top 16,1,24e5ca8b59a8,44f6b750815d,p1,2,1,True
rbet-paris,Top 16,2,551b5dec4358,50e5c55de4fb,p2,2,0,True
rbet-paris,Top 16,3,95a8b443dbe8,2a40272f8916,p2,2,0,True
rbet-paris,Top 16,4,7d98d03953aa,ec7c406dfcbe,p2,2,0,True
rbet-paris,Top 16,5,2f52318cc955,2749c9aa0b8b,p2,2,0,True
rbet-paris,Top 16,6,1be1c05d7bbc,3b84d5f4ab09,p1,2,0,True
rbet-paris,Top 16,7,abb539d20250,776e528c3850,p1,2,0,True
rbet-paris,Top 16,8,15aed1895af1,7343aecbf503,p2,2,0,True
rbet-paris,Top 4,1,50e5c55de4fb,ec7c406dfcbe,p1,2,0,True
rbet-paris,Top 4,2,abb539d20250,1be1c05d7bbc,p2,2,0,True
rbet-paris,Top 8,1,24e5ca8b59a8,50e5c55de4fb,p2,2,0,True
rbet-paris,Top 8,2,2a40272f8916,ec7c406dfcbe,p2,2,0,True
rbet-paris,Top 8,3,1be1c05d7bbc,2749c9aa0b8b,p1,2,0,True
rbet-paris,Top 8,4,7343aecbf503,abb539d20250,p2,2,0,True
wolfdog-edison-weekly-3-632,1,1,70f0a6d87d63,e4e9ae7997fd,p1,2,0,False
wolfdog-edison-weekly-3-632,1,2,4fc65517e5ff,fa4d9b733dd6,p2,2,0,False
wolfdog-edison-weekly-3-632,1,3,922e42b620f3,7ec6ea31c93d,p1,2,1,False
wolfdog-edison-weekly-3-632,1,4,0f6b8baa73b0,a71d7566a6d6,p1,2,1,False
wolfdog-edison-weekly-3-632,2,1,70f0a6d87d63,0f6b8baa73b0,p1,2,1,False
wolfdog-edison-weekly-3-632,2,2,fa4d9b733dd6,922e42b620f3,p1,2,1,False
wolfdog-edison-weekly-3-632,2,3,e4e9ae7997fd,4fc65517e5ff,p1,2,1,False
wolfdog-edison-weekly-3-632,2,4,a71d7566a6d6,7ec6ea31c93d,p1,2,0,False
wolfdog-edison-weekly-3-632,3,1,70f0a6d87d63,fa4d9b733dd6,p1,2,1,False
wolfdog-edison-weekly-3-632,3,2,a71d7566a6d6,922e42b620f3,p1,2,1,False
wolfdog-edison-weekly-3-632,3,3,0f6b8baa73b0,e4e9ae7997fd,p2,2,1,False
wolfdog-edison-weekly-3-632,3,4,4fc65517e5ff,7ec6ea31c93d,draw,,,False
poyo-monthly-6-207,1,1,e82d7d02189d,3d4bd7052415,p1,2,0,False
poyo-monthly-6-207,1,2,7f15a76b7061,6b20d6889c27,p2,2,1,False
poyo-monthly-6-207,1,3,35f9379205a2,1eaa5af35058,p1,2,0,False
poyo-monthly-6-207,1,4,8712b3365d85,104ed1396046,p2,2,0,False
poyo-monthly-6-207,2,1,6b20d6889c27,5a92e077d22d,p2,2,1,False
poyo-monthly-6-207,2,2,104ed1396046,e82d7d02189d,p1,2,1,False
poyo-monthly-6-207,2,3,35f9379205a2,3d4bd7052415,p1,2,1,False
poyo-monthly-6-207,2,4,8712b3365d85,7f15a76b7061,p1,2,1,False
poyo-monthly-6-207,3,1,5a92e077d22d,35f9379205a2,p2,2,0,False
poyo-monthly-6-207,3,2,104ed1396046,1eaa5af35058,p1,2,1,False
poyo-monthly-6-207,3,3,6b20d6889c27,8712b3365d85,p1,2,1,False
poyo-monthly-6-207,3,4,e82d7d02189d,7f15a76b7061,p1,2,0,False
poyo-monthly-6-207,4,1,35f9379205a2,104ed1396046,p1,2,0,False
poyo-monthly-6-207,4,2,e82d7d02189d,6b20d6889c27,p1,2,0,False
poyo-monthly-6-207,4,3,5a92e077d22d,1eaa5af35058,p1,2,1,False
poyo-monthly-6-207,4,4,8712b3365d85,3d4bd7052415,p1,2,1,False
poyo-monthly-6-207,Finals,1,e82d7d02189d,104ed1396046,p2,2,0,False
poyo-monthly-6-207,Top 4,1,35f9379205a2,e82d7d02189d,p2,2,0,False
poyo-monthly-6-207,Top 4,2,104ed1396046,5a92e077d22d,p1,2,0,False
wolfdog-edison-weekly-4,1,1,0f6b8baa73b0,3bcc848ab257,p1,2,0,False
wolfdog-edison-weekly-4,1,2,4fc65517e5ff,a71d7566a6d6,p1,2,1,False
wolfdog-edison-weekly-4,1,3,fa4d9b733dd6,e4e9ae7997fd,p1,2,0,False
wolfdog-edison-weekly-4,1,4,dc6dabd2aa53,70f0a6d87d63,p2,2,0,False
wolfdog-edison-weekly-4,2,1,fa4d9b733dd6,70f0a6d87d63,p1,2,0,False
wolfdog-edison-weekly-4,2,2,0f6b8baa73b0,4fc65517e5ff,p1,2,0,False
wolfdog-edison-weekly-4,2,3,a71d7566a6d6,e4e9ae7997fd,p1,2,0,False
wolfdog-edison-weekly-4,2,4,3bcc848ab257,dc6dabd2aa53,p1,2,0,False
wolfdog-edison-weekly-4,3,1,fa4d9b733dd6,0f6b8baa73b0,p1,2,1,False
wolfdog-edison-weekly-4,3,2,a71d7566a6d6,3bcc848ab257,p1,2,0,False
wolfdog-edison-weekly-4,3,3,70f0a6d87d63,4fc65517e5ff,p2,2,1,False
wolfdog-edison-weekly-4,3,4,e4e9ae7997fd,dc6dabd2aa53,p2,2,0,False
jcs-edison-monthly,1,1,4e3711eb254e,f66a9b95b967,p2,1,0,False
jcs-edison-monthly,1,2,9d3280745e81,22c4a5497c7a,p1,1,0,False
jcs-edison-monthly,1,3,33e68d2fc2c4,d0ce1050db52,p1,1,0,True
jcs-edison-monthly,1,4,c4a2be85ac4a,167fdea215ce,p2,1,0,True
jcs-edison-monthly,1,5,5ecbaab75254,b750d65af1be,p2,1,0,True
jcs-edison-monthly,1,6,f7386dfb5337,f735f3191e5f,p1,1,0,True
jcs-edison-monthly,1,7,467a2dffdf15,f9d71be77cab,p2,1,0,False
jcs-edison-monthly,2,1,b750d65af1be,f66a9b95b967,p1,1,0,False
jcs-edison-monthly,2,2,9d3280745e81,f9d71be77cab,p1,1,0,False
jcs-edison-monthly,2,3,167fdea215ce,0f74637b21af,p1,1,0,True
jcs-edison-monthly,2,4,f7386dfb5337,33e68d2fc2c4,p2,1,0,True
jcs-edison-monthly,2,5,f735f3191e5f,d0ce1050db52,p1,1,0,True
jcs-edison-monthly,2,6,467a2dffdf15,4e3711eb254e,p2,1,0,False
jcs-edison-monthly,2,7,5ecbaab75254,22c4a5497c7a,p1,1,0,True
jcs-edison-monthly,3,1,9d3280745e81,b750d65af1be,p2,1,0,False
jcs-edison-monthly,3,2,167fdea215ce,33e68d2fc2c4,p1,1,0,True
jcs-edison-monthly,3,3,5ecbaab75254,f66a9b95b967,p2,1,0,False
jcs-edison-monthly,3,4,f7386dfb5337,c4a2be85ac4a,p2,1,0,True
jcs-edison-monthly,3,5,4e3711eb254e,0f74637b21af,p1,1,0,False
jcs-edison-monthly,3,6,f735f3191e5f,f9d71be77cab,p2,1,0,False
jcs-edison-monthly,3,7,22c4a5497c7a,467a2dffdf15,p2,2,0,False
jcs-edison-monthly,4,1,167fdea215ce,b750d65af1be,p2,1,0,True
jcs-edison-monthly,4,2,33e68d2fc2c4,c4a2be85ac4a,p1,1,0,True
jcs-edison-monthly,4,3,9d3280745e81,f66a9b95b967,p1,1,0,False
jcs-edison-monthly,4,4,f9d71be77cab,4e3711eb254e,p2,1,0,False
jcs-edison-monthly,4,5,5ecbaab75254,d0ce1050db52,p1,1,0,True
jcs-edison-monthly,4,6,f7386dfb5337,467a2dffdf15,p2,2,0,False
jcs-edison-monthly,4,7,f735f3191e5f,22c4a5497c7a,p1,1,0,True
jcs-edison-monthly,Finals,1,b750d65af1be,9d3280745e81,p1,1,0,False
jcs-edison-monthly,Top 4,1,b750d65af1be,33e68d2fc2c4,p1,1,0,True
jcs-edison-monthly,Top 4,2,167fdea215ce,9d3280745e81,p2,1,0,False
wolfdog-edison-weekly-3,1,1,b15bee688551,a71d7566a6d6,p2,1,0,False
wolfdog-edison-weekly-3,1,2,4fc65517e5ff,70f0a6d87d63,p2,1,0,False
wolfdog-edison-weekly-3,1,3,922e42b620f3,0f6b8baa73b0,p2,1,0,False
wolfdog-edison-weekly-3,1,4,670b47d4196a,dc6dabd2aa53,p2,2,1,False
wolfdog-edison-weekly-3,2,1,70f0a6d87d63,0f6b8baa73b0,p1,2,0,False
wolfdog-edison-weekly-3,2,2,fa4d9b733dd6,dc6dabd2aa53,p1,2,0,False
wolfdog-edison-weekly-3,2,3,a71d7566a6d6,4fc65517e5ff,p1,2,0,False
wolfdog-edison-weekly-3,2,4,670b47d4196a,922e42b620f3,p2,2,0,False
wolfdog-edison-weekly-3,2,5,c6f325b27e29,b15bee688551,p2,2,0,False
wolfdog-edison-weekly-3,3,1,a71d7566a6d6,70f0a6d87d63,p1,2,0,False
wolfdog-edison-weekly-3,3,2,fa4d9b733dd6,b15bee688551,p1,2,1,False
wolfdog-edison-weekly-3,3,3,0f6b8baa73b0,dc6dabd2aa53,p1,1,0,False
wolfdog-edison-weekly-3,3,4,922e42b620f3,4fc65517e5ff,p2,2,1,False
wolfdog-edison-weekly-3,3,5,670b47d4196a,c6f325b27e29,p1,1,0,False
poyo-monthly-6,1,1,4ffd57cb4042,3d4bd7052415,p2,2,1,False
poyo-monthly-6,1,2,8712b3365d85,e82d7d02189d,p1,2,1,False
poyo-monthly-6,1,3,9da56f40a898,7f15a76b7061,p1,2,1,False
poyo-monthly-6,1,4,9ae145ec9fc5,104ed1396046,p1,2,0,False
poyo-monthly-6,2,1,3d4bd7052415,8712b3365d85,p2,2,1,False
poyo-monthly-6,2,2,9da56f40a898,9ae145ec9fc5,p1,2,0,False
poyo-monthly-6,2,3,4ffd57cb4042,104ed1396046,p2,2,0,False
poyo-monthly-6,2,4,7f15a76b7061,e82d7d02189d,p2,2,0,False
poyo-monthly-6,3,1,8712b3365d85,9da56f40a898,p2,2,0,False
poyo-monthly-6,3,2,9ae145ec9fc5,e82d7d02189d,p2,2,0,False
poyo-monthly-6,3,3,3d4bd7052415,104ed1396046,p2,2,0,False
poyo-monthly-6,3,4,7f15a76b7061,4ffd57cb4042,p1,2,0,False
poyo-monthly-6,4,1,9da56f40a898,e82d7d02189d,p2,2,0,False
poyo-monthly-6,4,2,8712b3365d85,104ed1396046,p1,2,1,False
poyo-monthly-6,4,3,7f15a76b7061,3d4bd7052415,p1,2,1,False
poyo-monthly-6,4,4,9ae145ec9fc5,4ffd57cb4042,p2,2,0,False
poyo-monthly-6,Finals,1,e82d7d02189d,9da56f40a898,p1,2,1,False
poyo-monthly-6,Top 4,1,e82d7d02189d,7f15a76b7061,p1,2,0,False
poyo-monthly-6,Top 4,2,9da56f40a898,8712b3365d85,p1,2,1,False
yu-gi-oh-edison-2,1,1,49a261b8830d,454bbaf2c7e7,p1,2,0,False
yu-gi-oh-edison-2,1,2,8a447873ad14,0949b892d121,p2,2,1,False
yu-gi-oh-edison-2,1,3,baecf1b70ae5,f7791bae52de,p2,2,1,False
yu-gi-oh-edison-2,2,1,49a261b8830d,0949b892d121,p1,2,0,False
yu-gi-oh-edison-2,2,2,f7791bae52de,8a447873ad14,p1,2,1,False
yu-gi-oh-edison-2,2,3,454bbaf2c7e7,baecf1b70ae5,p2,2,1,False
yu-gi-oh-edison-2,3,1,49a261b8830d,f7791bae52de,p2,2,0,False
yu-gi-oh-edison-2,3,2,0949b892d121,baecf1b70ae5,p1,2,1,False
yu-gi-oh-edison-2,3,3,8a447873ad14,454bbaf2c7e7,p2,2,1,False
jcs-edison-league-1,1,1,c4a2be85ac4a,22c4a5497c7a,p1,1,0,False
jcs-edison-league-1,1,2,f9d71be77cab,0f74637b21af,p1,1,0,False
jcs-edison-league-1,1,3,d0ce1050db52,167fdea215ce,p2,1,0,False
jcs-edison-league-1,1,4,4e3711eb254e,5e89a06fcdc0,p2,1,0,False
jcs-edison-league-1,2,1,5e89a06fcdc0,c4a2be85ac4a,p1,1,0,False
jcs-edison-league-1,2,2,f9d71be77cab,167fdea215ce,p1,1,0,False
jcs-edison-league-1,2,3,22c4a5497c7a,d0ce1050db52,p1,1,0,False
jcs-edison-league-1,2,4,0f74637b21af,4e3711eb254e,p1,1,0,False
jcs-edison-league-1,3,1,5e89a06fcdc0,f9d71be77cab,p2,1,0,False
jcs-edison-league-1,3,2,0f74637b21af,22c4a5497c7a,p1,1,0,False
jcs-edison-league-1,3,3,167fdea215ce,c4a2be85ac4a,p1,1,0,False
jcs-edison-league-1,3,4,d0ce1050db52,4e3711eb254e,p2,2,1,False
edison-srbija-9,1,1,9076c0ff4542,eb39a13b2724,p2,2,0,False
edison-srbija-9,1,2,4655cf1b1c46,0296c419a76f,p1,2,0,False
edison-srbija-9,1,3,80cb891ea850,aa6d58ed8175,p2,2,1,False
edison-srbija-9,1,4,99a163eedd01,a03134ae9f73,p2,2,1,False
edison-srbija-9,1,5,9e3c5bdaf497,fda86dc58ad4,p2,2,0,False
edison-srbija-9,1,6,aec2277ada32,7876e0489e0f,p1,2,0,False
edison-srbija-9,1,7,9852f57609e9,de8fcbe321fa,p2,2,1,False
edison-srbija-9,2,1,de8fcbe321fa,fda86dc58ad4,p1,2,1,False
edison-srbija-9,2,2,eb39a13b2724,a03134ae9f73,p1,2,1,False
edison-srbija-9,2,3,4655cf1b1c46,aec2277ada32,p1,2,0,False
edison-srbija-9,2,4,aa6d58ed8175,99a163eedd01,p2,2,1,False
edison-srbija-9,2,5,7876e0489e0f,0296c419a76f,p1,2,1,False
edison-srbija-9,2,6,9076c0ff4542,9852f57609e9,p1,2,0,False
edison-srbija-9,2,7,80cb891ea850,9e3c5bdaf497,p1,2,1,False
edison-srbija-9,3,1,4655cf1b1c46,eb39a13b2724,p2,2,1,False
edison-srbija-9,3,2,de8fcbe321fa,99a163eedd01,p1,2,1,False
edison-srbija-9,3,3,9076c0ff4542,80cb891ea850,p1,2,1,False
edison-srbija-9,3,4,aec2277ada32,fda86dc58ad4,p1,2,1,False
edison-srbija-9,3,5,aa6d58ed8175,a03134ae9f73,p2,2,0,False
edison-srbija-9,3,6,7876e0489e0f,9852f57609e9,p1,2,0,False
edison-srbija-9,3,7,0296c419a76f,9e3c5bdaf497,p1,2,0,False
edison-srbija-9,4,1,eb39a13b2724,de8fcbe321fa,p2,2,0,False
edison-srbija-9,4,2,4655cf1b1c46,9076c0ff4542,p2,2,0,False
edison-srbija-9,4,3,7876e0489e0f,a03134ae9f73,p1,2,1,False
edison-srbija-9,4,4,aec2277ada32,99a163eedd01,p1,2,0,False
edison-srbija-9,4,5,aa6d58ed8175,9e3c5bdaf497,p2,2,0,False
edison-srbija-9,4,6,fda86dc58ad4,0296c419a76f,p2,2,1,False
edison-srbija-9,Top 4,1,de8fcbe321fa,9076c0ff4542,draw,,,False
edison-srbija-9,Top 4,2,eb39a13b2724,7876e0489e0f,draw,,,False
wolfdog-edison-weekly-1,1,1,fa4d9b733dd6,0f6b8baa73b0,p1,1,0,False
wolfdog-edison-weekly-1,1,2,a71d7566a6d6,70f0a6d87d63,p2,1,0,False
wolfdog-edison-weekly-1,1,3,4fc65517e5ff,563c41ec9263,p2,2,0,False
wolfdog-edison-weekly-1,1,4,b15bee688551,922e42b620f3,p2,1,0,False
wolfdog-edison-weekly-1,2,1,70f0a6d87d63,563c41ec9263,p2,1,0,False
wolfdog-edison-weekly-1,2,2,fa4d9b733dd6,922e42b620f3,p1,1,0,False
wolfdog-edison-weekly-1,2,3,4fc65517e5ff,a71d7566a6d6,p1,2,1,False
wolfdog-edison-weekly-1,2,4,0f6b8baa73b0,b15bee688551,p1,1,0,False
wolfdog-edison-weekly-1,3,1,fa4d9b733dd6,563c41ec9263,p2,1,0,False
wolfdog-edison-weekly-1,3,2,0f6b8baa73b0,70f0a6d87d63,p1,1,0,False
wolfdog-edison-weekly-1,3,3,922e42b620f3,4fc65517e5ff,p1,1,0,False
wolfdog-edison-weekly-1,3,4,b15bee688551,a71d7566a6d6,p2,1,0,False
world-cup-weekly-pt2-joses,1,1,8712b3365d85,5a92e077d22d,p1,2,1,False
world-cup-weekly-pt2-joses,1,2,e82d7d02189d,7f15a76b7061,p1,2,0,False
world-cup-weekly-pt2-joses,2,1,104ed1396046,e82d7d02189d,p1,2,1,False
world-cup-weekly-pt2-joses,2,2,8712b3365d85,7f15a76b7061,p1,2,0,False
world-cup-weekly-pt2-joses,3,1,8712b3365d85,104ed1396046,p1,2,1,False
world-cup-weekly-pt2-joses,3,2,e82d7d02189d,5a92e077d22d,p1,2,0,False
poyo-world-cup-weekly-joses,1,1,e82d7d02189d,7f15a76b7061,p1,2,0,False
poyo-world-cup-weekly-joses,1,2,104ed1396046,5a92e077d22d,p2,2,0,False
poyo-world-cup-weekly-joses,2,1,e82d7d02189d,5a92e077d22d,p1,2,1,False
poyo-world-cup-weekly-joses,2,2,8712b3365d85,104ed1396046,p2,2,1,False
poyo-world-cup-weekly-joses,3,1,e82d7d02189d,104ed1396046,p1,2,0,False
poyo-world-cup-weekly-joses,3,2,8712b3365d85,7f15a76b7061,p1,2,0,False
edison-weekly-1,1,1,906b825905ad,0beafbe0b94d,p2,2,0,False
edison-weekly-1,1,2,69d3e00878ed,27da43677430,p2,2,0,False
edison-weekly-1,1,3,35b87827fc56,7c69072ad0cb,p2,2,0,False
edison-weekly-1,1,4,47ddbb220e92,1878d6cb3e7c,p1,2,1,False
edison-weekly-1,1,5,0b0e9f275c1f,8dfb26fdaad4,p2,2,1,False
edison-weekly-1,1,6,8883c67b7383,c73766c3a1b5,p2,2,1,False
edison-weekly-1,1,7,9040b8b92134,0a72ad698f9b,p1,2,0,False
edison-weekly-1,1,8,cc6dd1063fbe,6e1f0719c5d0,p2,2,0,False
edison-weekly-1,2,1,8dfb26fdaad4,7c69072ad0cb,p2,2,1,False
edison-weekly-1,2,2,27da43677430,47ddbb220e92,p1,2,1,False
edison-weekly-1,2,3,9040b8b92134,0beafbe0b94d,p1,2,1,False
edison-weekly-1,2,4,c73766c3a1b5,6e1f0719c5d0,p1,2,1,False
edison-weekly-1,2,5,0a72ad698f9b,cc6dd1063fbe,p1,2,0,False
edison-weekly-1,2,6,69d3e00878ed,8883c67b7383,p1,2,0,False
edison-weekly-1,2,7,1878d6cb3e7c,35b87827fc56,p1,2,1,False
edison-weekly-1,2,8,906b825905ad,0b0e9f275c1f,p2,2,0,False
edison-weekly-1,3,1,9040b8b92134,c73766c3a1b5,p2,2,1,False
edison-weekly-1,3,2,7c69072ad0cb,27da43677430,p2,2,1,False
edison-weekly-1,3,3,0beafbe0b94d,8dfb26fdaad4,p2,2,0,False
edison-weekly-1,3,4,1878d6cb3e7c,0a72ad698f9b,p1,2,1,False
edison-weekly-1,3,5,69d3e00878ed,47ddbb220e92,p2,2,1,False
edison-weekly-1,3,6,0b0e9f275c1f,6e1f0719c5d0,p2,2,1,False
edison-weekly-1,3,7,906b825905ad,cc6dd1063fbe,p1,2,0,False
edison-weekly-1,4,1,27da43677430,c73766c3a1b5,p2,2,0,False
edison-weekly-1,4,2,6e1f0719c5d0,47ddbb220e92,p2,2,1,False
edison-weekly-1,4,3,1878d6cb3e7c,9040b8b92134,p1,2,1,False
edison-weekly-1,4,4,8dfb26fdaad4,906b825905ad,p1,2,0,False
edison-weekly-1,4,5,0b0e9f275c1f,69d3e00878ed,p2,2,0,False
edison-weekly-1,4,6,0beafbe0b94d,cc6dd1063fbe,p1,2,0,False
yu-gi-oh-edison-1,1,1,70c1e1142f5f,a011b3d12442,p2,2,0,False
yu-gi-oh-edison-1,1,2,b0d91be9f477,e2323cd3eacd,p2,2,0,False
yu-gi-oh-edison-1,1,3,86b17fb9fde1,6d75bc855e8f,p1,2,0,False
yu-gi-oh-edison-1,1,4,2db950e44ddd,979ee24dec24,p2,2,1,False
yu-gi-oh-edison-1,1,5,ae147a5d14a3,0e7337fd6ea0,p2,2,1,False
yu-gi-oh-edison-1,1,6,71d3e2fe1631,dea154e65629,p1,2,0,False
yu-gi-oh-edison-1,1,7,589780c4a611,1755fc73d7e5,p1,2,0,False
yu-gi-oh-edison-1,2,1,589780c4a611,a011b3d12442,p1,2,1,False
yu-gi-oh-edison-1,2,2,e2323cd3eacd,71d3e2fe1631,p1,2,0,False
yu-gi-oh-edison-1,2,3,0e7337fd6ea0,979ee24dec24,p2,2,0,False
yu-gi-oh-edison-1,2,4,86b17fb9fde1,70c1e1142f5f,draw,,,False
yu-gi-oh-edison-1,2,5,2db950e44ddd,6d75bc855e8f,p2,2,0,False
yu-gi-oh-edison-1,2,6,b0d91be9f477,1755fc73d7e5,p2,2,0,False
yu-gi-oh-edison-1,2,7,dea154e65629,ae147a5d14a3,p2,2,0,False
yu-gi-oh-edison-1,3,1,e2323cd3eacd,979ee24dec24,p2,2,0,False
yu-gi-oh-edison-1,3,2,589780c4a611,86b17fb9fde1,p2,2,0,False
yu-gi-oh-edison-1,3,3,71d3e2fe1631,0e7337fd6ea0,p2,2,0,False
yu-gi-oh-edison-1,3,4,1755fc73d7e5,ae147a5d14a3,p2,2,0,False
yu-gi-oh-edison-1,3,5,6d75bc855e8f,a011b3d12442,p1,2,0,False
yu-gi-oh-edison-1,3,6,70c1e1142f5f,2db950e44ddd,p2,2,0,False
yu-gi-oh-edison-1,3,7,dea154e65629,b0d91be9f477,p2,2,0,False
yu-gi-oh-edison-1,4,1,979ee24dec24,86b17fb9fde1,p1,2,0,False
yu-gi-oh-edison-1,4,2,e2323cd3eacd,0e7337fd6ea0,p2,2,1,False
yu-gi-oh-edison-1,4,3,589780c4a611,6d75bc855e8f,p1,2,1,False
yu-gi-oh-edison-1,4,4,ae147a5d14a3,71d3e2fe1631,p2,2,0,False
yu-gi-oh-edison-1,4,5,a011b3d12442,1755fc73d7e5,p2,2,0,False
yu-gi-oh-edison-1,4,6,2db950e44ddd,b0d91be9f477,p2,2,1,False
yu-gi-oh-edison-1,4,7,70c1e1142f5f,dea154e65629,p1,2,0,False
edison-league-613,1,1,c4a2be85ac4a,5ecbaab75254,p2,2,1,False
edison-league-613,1,2,e6d207308ba0,f66a9b95b967,p2,2,0,False
edison-league-613,2,1,f9d71be77cab,5ecbaab75254,p2,2,0,False
edison-league-613,2,2,f66a9b95b967,c4a2be85ac4a,p1,2,0,False
edison-league-613,3,1,5ecbaab75254,f66a9b95b967,p2,2,0,False
edison-league-613,3,2,f9d71be77cab,e6d207308ba0,p2,2,0,False
duel-1-1,1,1,ca6a093c7cab,27da43677430,p1,1,0,False
duel-1-1,1,2,01d6babb2898,e53799904a2b,p2,1,0,False
duel-1-1,1,3,29b386c1c224,f663252e1e61,p2,1,0,False
duel-1-1,1,4,c0701e87069b,b6712ce9efbc,p2,1,0,False
duel-1-1,1,5,7e8f62fa2ca4,8dfb26fdaad4,p2,1,0,False
duel-1-1,1,6,c9cd2e497ba2,549f1fe34e5c,p1,1,0,False
duel-1-1,1,7,2b720ce67282,5c20bdd1b6da,p1,1,0,False
duel-1-1,2,1,8dfb26fdaad4,2b720ce67282,p1,1,0,False
duel-1-1,2,2,ca6a093c7cab,22e25cd8980c,p2,1,0,False
duel-1-1,2,3,e53799904a2b,c9cd2e497ba2,p2,1,0,False
duel-1-1,2,4,b6712ce9efbc,f663252e1e61,p1,1,0,False
duel-1-1,2,5,7e8f62fa2ca4,c0701e87069b,p2,1,0,False
duel-1-1,2,6,27da43677430,549f1fe34e5c,p1,1,0,False
duel-1-1,2,7,29b386c1c224,5c20bdd1b6da,p1,1,0,False
duel-1-1,3,1,b6712ce9efbc,c9cd2e497ba2,p2,1,0,False
duel-1-1,3,2,8dfb26fdaad4,22e25cd8980c,p1,1,0,False
duel-1-1,3,3,29b386c1c224,01d6babb2898,p2,1,0,False
duel-1-1,3,4,f663252e1e61,27da43677430,p2,1,0,False
duel-1-1,3,5,c0701e87069b,e53799904a2b,p2,1,0,False
duel-1-1,3,6,2b720ce67282,ca6a093c7cab,p1,1,0,False
duel-1-1,3,7,5c20bdd1b6da,549f1fe34e5c,p2,2,0,False
duel-1-1,4,1,c9cd2e497ba2,8dfb26fdaad4,p1,1,0,False
duel-1-1,4,2,e53799904a2b,2b720ce67282,p1,1,0,False
duel-1-1,4,3,b6712ce9efbc,01d6babb2898,p1,2,0,False
duel-1-1,4,4,27da43677430,22e25cd8980c,p1,1,0,False
duel-1-1,4,5,f663252e1e61,ca6a093c7cab,p1,1,0,False
duel-1-1,4,6,c0701e87069b,549f1fe34e5c,p1,1,0,False
duel-1-1,4,7,7e8f62fa2ca4,29b386c1c224,p2,1,0,False
duel-1-1,5,1,c9cd2e497ba2,27da43677430,p1,1,0,False
duel-1-1,5,2,8dfb26fdaad4,b6712ce9efbc,p1,1,0,False
duel-1-1,5,3,e53799904a2b,f663252e1e61,p1,1,0,False
duel-1-1,5,4,c0701e87069b,22e25cd8980c,p2,1,0,False
duel-1-1,5,5,2b720ce67282,29b386c1c224,p2,1,0,False
duel-1-1,5,6,7e8f62fa2ca4,5c20bdd1b6da,p1,2,0,False
duel-1-1,5,7,549f1fe34e5c,ca6a093c7cab,p2,1,0,False
duel-1-1,Finals,1,f663252e1e61,e53799904a2b,p1,1,0,False
duel-1-1,Top 4,1,f663252e1e61,22e25cd8980c,p1,1,0,False
duel-1-1,Top 4,2,29b386c1c224,e53799904a2b,p2,1,0,False
duel-1-1,Top 8,1,c9cd2e497ba2,f663252e1e61,p2,1,0,False
duel-1-1,Top 8,2,b6712ce9efbc,22e25cd8980c,p2,1,0,False
duel-1-1,Top 8,3,e53799904a2b,27da43677430,p1,1,0,False
duel-1-1,Top 8,4,8dfb26fdaad4,29b386c1c224,p2,1,0,False
wolfdog-edison-weekly-copy-copy-1,1,1,44a7f4a3c39c,6f1bee60430b,p2,1,0,False
wolfdog-edison-weekly-copy-copy-1,1,2,c7cf47b1de7f,cd5404f74b18,p1,1,0,False
wolfdog-edison-weekly-copy-copy-1,1,3,70f0a6d87d63,fa4d9b733dd6,p1,1,0,False
wolfdog-edison-weekly-copy-copy-1,1,4,32cad2040358,0f6b8baa73b0,p1,1,0,False
wolfdog-edison-weekly-copy-copy-1,2,1,07b355454da8,c7cf47b1de7f,p1,1,0,False
wolfdog-edison-weekly-copy-copy-1,2,2,70f0a6d87d63,6f1bee60430b,p1,1,0,False
wolfdog-edison-weekly-copy-copy-1,2,3,32cad2040358,cd5404f74b18,p2,1,0,False
wolfdog-edison-weekly-copy-copy-1,2,4,0f6b8baa73b0,44a7f4a3c39c,p1,1,0,False
wolfdog-edison-weekly-copy-copy-1,3,1,07b355454da8,70f0a6d87d63,p1,1,0,False
wolfdog-edison-weekly-copy-copy-1,3,2,0f6b8baa73b0,fa4d9b733dd6,p2,1,0,False
wolfdog-edison-weekly-copy-copy-1,3,3,c7cf47b1de7f,32cad2040358,p1,1,0,False
wolfdog-edison-weekly-copy-copy-1,3,4,cd5404f74b18,6f1bee60430b,p2,1,0,False
world-cup-monthly-at-mannys-brother-house,1,1,104ed1396046,82510460ba7f,p1,2,0,False
world-cup-monthly-at-mannys-brother-house,1,2,9da56f40a898,5a92e077d22d,p1,2,1,False
world-cup-monthly-at-mannys-brother-house,1,3,3d4bd7052415,8712b3365d85,p2,2,0,False
world-cup-monthly-at-mannys-brother-house,1,4,7f15a76b7061,6b20d6889c27,p2,2,0,False
world-cup-monthly-at-mannys-brother-house,2,1,6b20d6889c27,8712b3365d85,p2,2,1,False
world-cup-monthly-at-mannys-brother-house,2,2,104ed1396046,9da56f40a898,p1,2,0,False
world-cup-monthly-at-mannys-brother-house,2,3,7f15a76b7061,5a92e077d22d,p1,2,0,False
world-cup-monthly-at-mannys-brother-house,2,4,82510460ba7f,3d4bd7052415,p2,2,0,False
world-cup-monthly-at-mannys-brother-house,3,1,8712b3365d85,104ed1396046,p2,2,1,False
world-cup-monthly-at-mannys-brother-house,3,2,7f15a76b7061,9da56f40a898,draw,,,False
world-cup-monthly-at-mannys-brother-house,3,3,3d4bd7052415,6b20d6889c27,p2,2,0,False
world-cup-monthly-at-mannys-brother-house,3,4,82510460ba7f,5a92e077d22d,p2,2,0,False
world-cup-monthly-at-mannys-brother-house,4,1,104ed1396046,6b20d6889c27,p1,2,1,False
world-cup-monthly-at-mannys-brother-house,4,2,8712b3365d85,5a92e077d22d,p1,2,0,False
world-cup-monthly-at-mannys-brother-house,4,3,7f15a76b7061,3d4bd7052415,p2,2,1,False
world-cup-monthly-at-mannys-brother-house,4,4,9da56f40a898,82510460ba7f,p1,2,0,False
world-cup-monthly-at-mannys-brother-house,Finals,1,9da56f40a898,8712b3365d85,p1,2,0,False
world-cup-monthly-at-mannys-brother-house,Top 4,1,104ed1396046,9da56f40a898,p2,2,1,False
world-cup-monthly-at-mannys-brother-house,Top 4,2,8712b3365d85,6b20d6889c27,p1,2,1,False
edison-weekly,1,1,35b87827fc56,6e1f0719c5d0,p2,2,0,False
edison-weekly,1,2,8dfb26fdaad4,66912ca1d888,p1,2,0,False
edison-weekly,1,3,c0701e87069b,9040b8b92134,p2,2,0,False
edison-weekly,1,4,9f34671a13f2,1ba99f02ad4e,p1,2,1,False
edison-weekly,1,5,be2f9b4f46b2,8f606bd19617,p2,2,0,False
edison-weekly,1,6,906b825905ad,4db919ce1729,p2,2,1,False
edison-weekly,2,1,6e1f0719c5d0,9f34671a13f2,p1,2,1,False
edison-weekly,2,2,8f606bd19617,8dfb26fdaad4,p2,2,1,False
edison-weekly,2,3,4db919ce1729,9040b8b92134,p1,2,0,False
edison-weekly,2,4,906b825905ad,c0701e87069b,p1,2,0,False
edison-weekly,2,5,be2f9b4f46b2,1ba99f02ad4e,p2,2,1,False
edison-weekly,2,6,35b87827fc56,66912ca1d888,p1,2,0,False
edison-weekly,3,1,4db919ce1729,6e1f0719c5d0,p1,2,1,False
edison-weekly,3,2,8dfb26fdaad4,1ba99f02ad4e,p1,2,0,False
edison-weekly,3,3,9040b8b92134,906b825905ad,p1,2,1,False
edison-weekly,3,4,8f606bd19617,35b87827fc56,p2,2,0,False
edison-weekly,3,5,66912ca1d888,be2f9b4f46b2,p2,2,0,False
edison-weekly,4,1,4db919ce1729,8dfb26fdaad4,p1,2,1,False
edison-weekly,4,2,35b87827fc56,9040b8b92134,p1,2,0,False
edison-weekly,4,3,6e1f0719c5d0,8f606bd19617,p1,2,1,False
edison-weekly,4,4,906b825905ad,be2f9b4f46b2,p2,2,1,False
rrc-maryland-32-man-tengu,1,1,0c1ef7eeed06,9505a5efc741,p1,1,0,False
rrc-maryland-32-man-tengu,1,2,011df9923288,e55e7207b828,p2,1,0,False
sdd-sagra-del-duello,1,1,c5b15a74bbf3,8d2f7dc8a474,p1,2,0,True
sdd-sagra-del-duello,1,2,85e342e79376,141ee0171ad2,p1,2,0,True
sdd-sagra-del-duello,1,3,dff2fe091ca2,775902a016b6,p2,2,1,True
sdd-sagra-del-duello,1,4,b400c50925b7,0fbda8483404,p1,2,1,True
sdd-sagra-del-duello,1,5,80df3a34e71d,20646e29774e,p2,2,1,True
sdd-sagra-del-duello,1,6,745c00108c87,57939743f986,p1,2,0,True
sdd-sagra-del-duello,1,7,0331c971ef50,eeaa547fd896,p2,2,0,True
sdd-sagra-del-duello,1,8,1faf406f428c,e0174695a77e,p1,2,0,True
sdd-sagra-del-duello,1,9,e64cd15d3237,bb621c83741a,p1,2,1,False
sdd-sagra-del-duello,1,10,e734dafd3964,17f6745669b3,p2,2,1,False
sdd-sagra-del-duello,1,11,5b2ac28c08df,fa5693703034,p1,2,1,True
sdd-sagra-del-duello,1,12,781519cdd5e1,f99e7cea2209,p2,2,1,True
sdd-sagra-del-duello,1,13,e9e33b3d0a2f,456b2f552e39,p2,2,1,True
sdd-sagra-del-duello,1,14,c06ecb7750e7,f360e669b911,p1,2,1,True
sdd-sagra-del-duello,1,15,62fb2cfe2fcc,518e33ddad32,p2,2,1,True
sdd-sagra-del-duello,1,16,f772f72144f6,62d87e84eab9,p2,2,1,True
sdd-sagra-del-duello,1,17,89683c07711f,59bf956fc7ef,p1,2,1,False
sdd-sagra-del-duello,2,1,456b2f552e39,62d87e84eab9,p1,2,0,True
sdd-sagra-del-duello,2,2,b400c50925b7,20646e29774e,p2,2,0,True
sdd-sagra-del-duello,2,3,85e342e79376,1faf406f428c,p1,2,1,True
sdd-sagra-del-duello,2,4,5b2ac28c08df,eeaa547fd896,p1,2,0,True
sdd-sagra-del-duello,2,5,17f6745669b3,c06ecb7750e7,p2,2,0,True
sdd-sagra-del-duello,2,6,89683c07711f,518e33ddad32,p1,2,1,False
sdd-sagra-del-duello,2,7,c5b15a74bbf3,745c00108c87,p2,2,1,True
sdd-sagra-del-duello,2,8,f99e7cea2209,775902a016b6,p2,2,0,True
sdd-sagra-del-duello,2,9,e64cd15d3237,141ee0171ad2,p1,2,1,False
sdd-sagra-del-duello,2,10,62fb2cfe2fcc,781519cdd5e1,p2,2,0,True
sdd-sagra-del-duello,2,11,e0174695a77e,bb621c83741a,p1,2,1,False
sdd-sagra-del-duello,2,12,f360e669b911,dff2fe091ca2,p2,2,1,True
sdd-sagra-del-duello,2,13,fa5693703034,80df3a34e71d,p1,2,1,True
sdd-sagra-del-duello,2,14,0fbda8483404,e9e33b3d0a2f,p1,2,0,True
sdd-sagra-del-duello,2,15,0331c971ef50,e734dafd3964,p1,2,1,False
sdd-sagra-del-duello,2,16,8d2f7dc8a474,f772f72144f6,p1,2,1,True
sdd-sagra-del-duello,2,17,57939743f986,59bf956fc7ef,p2,2,0,True
sdd-sagra-del-duello,3,1,745c00108c87,775902a016b6,p1,2,1,True
sdd-sagra-del-duello,3,2,20646e29774e,89683c07711f,p1,2,0,False
sdd-sagra-del-duello,3,3,c06ecb7750e7,85e342e79376,p1,2,0,True
sdd-sagra-del-duello,3,4,e64cd15d3237,5b2ac28c08df,p1,2,0,False
sdd-sagra-del-duello,3,5,456b2f552e39,0331c971ef50,p1,2,1,True
sdd-sagra-del-duello,3,6,dff2fe091ca2,518e33ddad32,p2,2,0,True
sdd-sagra-del-duello,3,7,f99e7cea2209,17f6745669b3,p1,2,1,True
sdd-sagra-del-duello,3,8,62d87e84eab9,8d2f7dc8a474,p2,2,0,True
sdd-sagra-del-duello,3,9,59bf956fc7ef,e0174695a77e,p2,2,1,True
sdd-sagra-del-duello,3,10,1faf406f428c,b400c50925b7,p1,2,1,True
sdd-sagra-del-duello,3,11,eeaa547fd896,fa5693703034,p2,2,0,True
sdd-sagra-del-duello,3,12,0fbda8483404,c5b15a74bbf3,p2,2,1,True
sdd-sagra-del-duello,3,13,781519cdd5e1,57939743f986,p2,2,1,True
sdd-sagra-del-duello,3,14,e734dafd3964,e9e33b3d0a2f,p1,2,0,False
sdd-sagra-del-duello,3,15,80df3a34e71d,141ee0171ad2,p1,2,1,True
sdd-sagra-del-duello,3,16,f772f72144f6,bb621c83741a,p2,2,1,False
sdd-sagra-del-duello,3,17,f360e669b911,62fb2cfe2fcc,p1,2,1,True
sdd-sagra-del-duello,4,1,20646e29774e,745c00108c87,p1,2,0,True
sdd-sagra-del-duello,4,2,456b2f552e39,e64cd15d3237,p1,2,1,False
sdd-sagra-del-duello,4,3,c06ecb7750e7,c5b15a74bbf3,p2,2,0,True
sdd-sagra-del-duello,4,4,f99e7cea2209,85e342e79376,p2,2,1,True
sdd-sagra-del-duello,4,5,89683c07711f,8d2f7dc8a474,p2,2,1,False
sdd-sagra-del-duello,4,6,518e33ddad32,e0174695a77e,p1,2,1,True
sdd-sagra-del-duello,4,7,775902a016b6,fa5693703034,p1,2,0,True
sdd-sagra-del-duello,4,8,1faf406f428c,5b2ac28c08df,p1,2,0,True
sdd-sagra-del-duello,4,9,781519cdd5e1,80df3a34e71d,p1,2,1,True
sdd-sagra-del-duello,4,10,0331c971ef50,f360e669b911,p2,2,0,True
sdd-sagra-del-duello,4,11,e734dafd3964,59bf956fc7ef,p1,2,0,False
sdd-sagra-del-duello,4,12,62d87e84eab9,17f6745669b3,p1,2,0,True
sdd-sagra-del-duello,4,13,b400c50925b7,eeaa547fd896,p1,2,0,True
sdd-sagra-del-duello,4,14,57939743f986,dff2fe091ca2,p1,2,0,True
sdd-sagra-del-duello,4,15,bb621c83741a,0fbda8483404,p1,2,0,False
sdd-sagra-del-duello,4,16,f772f72144f6,141ee0171ad2,p1,2,0,True
sdd-sagra-del-duello,5,1,456b2f552e39,20646e29774e,p1,2,1,True
sdd-sagra-del-duello,5,2,85e342e79376,8d2f7dc8a474,p2,2,1,True
sdd-sagra-del-duello,5,3,1faf406f428c,518e33ddad32,p2,2,1,True
sdd-sagra-del-duello,5,4,e64cd15d3237,c5b15a74bbf3,p2,2,0,False
sdd-sagra-del-duello,5,5,c06ecb7750e7,745c00108c87,p1,2,1,True
sdd-sagra-del-duello,5,6,775902a016b6,89683c07711f,p2,2,1,False
sdd-sagra-del-duello,5,7,e0174695a77e,b400c50925b7,p1,2,1,True
sdd-sagra-del-duello,5,8,781519cdd5e1,f360e669b911,p2,2,0,True
sdd-sagra-del-duello,5,9,fa5693703034,57939743f986,p2,2,1,True
sdd-sagra-del-duello,5,10,e734dafd3964,f99e7cea2209,p2,2,0,False
sdd-sagra-del-duello,5,11,5b2ac28c08df,bb621c83741a,p2,2,0,False
sdd-sagra-del-duello,5,12,eeaa547fd896,0fbda8483404,p2,2,1,True
sdd-sagra-del-duello,5,13,f772f72144f6,17f6745669b3,p1,2,0,True
sdd-sagra-del-duello,5,14,dff2fe091ca2,59bf956fc7ef,p1,2,0,True
sdd-sagra-del-duello,5,15,0331c971ef50,141ee0171ad2,p1,2,1,True
sdd-sagra-del-duello,6,1,456b2f552e39,c5b15a74bbf3,p2,2,1,True
sdd-sagra-del-duello,6,2,20646e29774e,c06ecb7750e7,p2,2,1,True
sdd-sagra-del-duello,6,3,8d2f7dc8a474,518e33ddad32,p2,2,1,True
sdd-sagra-del-duello,6,4,57939743f986,f99e7cea2209,p2,2,1,True
sdd-sagra-del-duello,6,5,f360e669b911,89683c07711f,p2,2,0,False
sdd-sagra-del-duello,6,6,1faf406f428c,bb621c83741a,p1,2,0,False
sdd-sagra-del-duello,6,7,e0174695a77e,85e342e79376,p2,2,1,True
sdd-sagra-del-duello,6,8,e64cd15d3237,775902a016b6,p2,2,1,False
sdd-sagra-del-duello,6,9,745c00108c87,b400c50925b7,p1,2,0,True
sdd-sagra-del-duello,6,10,0fbda8483404,dff2fe091ca2,p1,2,1,True
sdd-sagra-del-duello,6,11,0331c971ef50,5b2ac28c08df,p2,2,1,True
sdd-sagra-del-duello,6,12,eeaa547fd896,141ee0171ad2,p1,2,1,True
sdd-sagra-del-duello,Finals,1,c5b15a74bbf3,c06ecb7750e7,p1,2,1,True
sdd-sagra-del-duello,Top 4,1,c5b15a74bbf3,518e33ddad32,p1,2,1,True
sdd-sagra-del-duello,Top 4,2,c06ecb7750e7,456b2f552e39,p1,2,1,True
sdd-sagra-del-duello,Top 8,1,c5b15a74bbf3,85e342e79376,p1,2,1,True
sdd-sagra-del-duello,Top 8,2,518e33ddad32,8d2f7dc8a474,p1,2,1,True
sdd-sagra-del-duello,Top 8,3,456b2f552e39,745c00108c87,p1,2,1,True
sdd-sagra-del-duello,Top 8,4,c06ecb7750e7,20646e29774e,p1,2,0,True
test1-14,1,1,d6a0222c18d1,0fea7ad82101,p1,2,0,False
test1-14,1,2,e59efc3d0a67,f0a2de52bbe2,p1,2,1,False
edison-league-66,1,1,f9d71be77cab,d0ce1050db52,p1,2,0,False
edison-league-66,1,2,c4a2be85ac4a,9a48fee3f046,p1,2,0,False
edison-league-66,1,3,5e89a06fcdc0,828a07378d33,p1,2,0,False
edison-league-66,1,4,5ecbaab75254,f66a9b95b967,p1,1,0,False
edison-league-66,1,5,22c4a5497c7a,0f74637b21af,p2,2,1,False
edison-league-66,2,1,5e89a06fcdc0,33e68d2fc2c4,p1,2,0,False
edison-league-66,2,2,5ecbaab75254,0f74637b21af,p1,1,0,False
edison-league-66,2,3,c4a2be85ac4a,f9d71be77cab,p2,2,0,False
edison-league-66,2,4,d0ce1050db52,828a07378d33,p1,2,0,False
edison-league-66,2,5,f66a9b95b967,9a48fee3f046,p1,2,0,False
edison-league-66,3,1,5e89a06fcdc0,5ecbaab75254,p1,1,0,False
edison-league-66,3,2,f9d71be77cab,22c4a5497c7a,p1,2,1,False
edison-league-66,3,3,0f74637b21af,f66a9b95b967,p2,2,0,False
edison-league-66,3,4,33e68d2fc2c4,d0ce1050db52,p1,2,0,False
edison-league-66,3,5,c4a2be85ac4a,828a07378d33,p1,2,0,False
edison-league-66,4,1,5e89a06fcdc0,f9d71be77cab,p1,2,1,False
edison-league-66,4,2,f66a9b95b967,c4a2be85ac4a,p1,2,0,False
edison-league-66,4,3,5ecbaab75254,33e68d2fc2c4,p1,2,1,False
edison-league-66,4,4,0f74637b21af,9a48fee3f046,p1,2,0,False
edison-league-66,4,5,22c4a5497c7a,828a07378d33,p2,2,1,False
rrc-maryland-7k-edison,1,1,ad92762a6665,ba44726a2396,p2,1,0,True
rrc-maryland-7k-edison,1,2,ba70149d4174,8dedbba02141,p1,1,0,True
rrc-maryland-7k-edison,1,3,ac478c4faa1b,011f8f5d3c1c,p2,1,0,True
rrc-maryland-7k-edison,1,4,910c90df211c,732de94c1cf3,p1,1,0,True
rrc-maryland-7k-edison,1,5,7e426e19a6a3,fa54bc00102c,p2,1,0,True
rrc-maryland-7k-edison,1,6,3b5352073dee,b021647b2dbb,p2,1,0,True
rrc-maryland-7k-edison,1,7,d9d64f1fc10a,caf5061e38c7,p2,1,0,True
rrc-maryland-7k-edison,1,8,46f6f4c5b4ea,f663252e1e61,p2,1,0,True
rrc-maryland-7k-edison,1,9,96939801a029,5e196cec56fb,p1,1,0,True
rrc-maryland-7k-edison,1,10,9a9c82713593,1bf63d3ce094,p2,1,0,True
rrc-maryland-7k-edison,1,11,875638305fba,eb1fe74a55ec,p1,1,0,True
rrc-maryland-7k-edison,1,12,c12e6d0f5e9f,55436152ef2e,p1,1,0,True
rrc-maryland-7k-edison,1,13,267a29a0c859,9df587203aa4,p1,1,0,True
rrc-maryland-7k-edison,1,14,752a4747c897,6abd1b59c7c2,p1,1,0,True
rrc-maryland-7k-edison,1,15,a6a8373782da,7028cd6b06c9,p1,1,0,True
rrc-maryland-7k-edison,1,16,1d4be8a451d0,61569ea19ded,p1,1,0,True
rrc-maryland-7k-edison,1,17,1cfc441f9e95,c91309a5e309,p2,1,0,True
rrc-maryland-7k-edison,1,18,ab5ca9e1a1bd,acd68261534b,p1,1,0,True
rrc-maryland-7k-edison,1,19,8911af1e70d8,7cb6c6e2260a,p2,1,0,True
rrc-maryland-7k-edison,1,20,d5200bdb3b73,64e0c0a07c53,p2,1,0,True
rrc-maryland-7k-edison,1,21,64a85dace6dc,605c96e72366,p2,1,0,True
rrc-maryland-7k-edison,1,22,0954516a9de5,03db7cc94250,p1,1,0,True
rrc-maryland-7k-edison,1,23,73f22ef89cbf,b70fc9eca706,p2,1,0,True
rrc-maryland-7k-edison,1,24,e0a5ff891616,6eb625081bc1,p2,1,0,True
rrc-maryland-7k-edison,1,25,b88b9b46fed9,7275d882a6cf,p2,1,0,True
rrc-maryland-7k-edison,1,26,c30ceb622722,f24705c3f6e2,p2,1,0,True
rrc-maryland-7k-edison,1,27,5a96f6f5ac5d,3ac29f07eca5,p2,1,0,True
rrc-maryland-7k-edison,1,28,e9e3da847dec,bba8123649ee,p2,1,0,True
rrc-maryland-7k-edison,1,29,0090c09ac210,4091a04812c4,p2,1,0,True
rrc-maryland-7k-edison,1,30,97ba097dfac1,95b1ae95185a,p2,1,0,True
rrc-maryland-7k-edison,1,31,ce6e27e7f64e,002f66601659,p2,1,0,True
rrc-maryland-7k-edison,1,32,3961d3cc89b9,830d443a5ea1,p1,1,0,True
rrc-maryland-7k-edison,1,33,0bb063dbc2b1,9821606b6374,p1,1,0,False
rrc-maryland-7k-edison,1,34,97faa83184f7,00b995cc2122,p2,1,0,True
rrc-maryland-7k-edison,1,35,25f49dfbbe39,446dfdff5e10,p2,1,0,True
rrc-maryland-7k-edison,1,36,0cbc01e460f0,011df9923288,p1,1,0,True
rrc-maryland-7k-edison,1,37,75601b5fc8b4,8fad7d2a23a1,p2,1,0,True
rrc-maryland-7k-edison,1,38,7ab8a2328dc1,9c01065b5139,p2,1,0,False
rrc-maryland-7k-edison,1,39,1368c556ade2,41556373bba1,p2,1,0,True
rrc-maryland-7k-edison,1,40,2172922a1773,0522f7ee037a,p2,1,0,True
rrc-maryland-7k-edison,1,41,541f1487ac43,ac0e33d02845,p1,1,0,True
rrc-maryland-7k-edison,1,42,95398e45beb1,4dd25707c788,p1,1,0,True
rrc-maryland-7k-edison,1,43,8ee556f859a5,af3942e9db48,p1,1,0,True
rrc-maryland-7k-edison,1,44,df0228ae0bbb,bf8ec026202b,p1,1,0,True
rrc-maryland-7k-edison,1,45,7f03d79171c8,c052d0b8c12b,p1,1,0,True
rrc-maryland-7k-edison,1,46,d5e05d069729,2fda660ddd45,p1,1,0,False
rrc-maryland-7k-edison,1,47,125449a9375d,d3d9c9e1ae87,p2,1,0,True
rrc-maryland-7k-edison,1,48,3a32f29ade79,d32f14ba4ff6,p1,1,0,True
rrc-maryland-7k-edison,1,49,0fb50581d939,6393a457a006,p1,1,0,True
rrc-maryland-7k-edison,1,50,2484b586c479,dc75631e63db,p2,1,0,True
rrc-maryland-7k-edison,1,51,5410aa10e1ee,1aa800a08b2d,p2,1,0,True
rrc-maryland-7k-edison,1,52,3fce6023477d,d0494701f975,p1,1,0,True
rrc-maryland-7k-edison,1,53,2c9c987756df,9bd68ce4b3dc,p2,1,0,True
rrc-maryland-7k-edison,1,54,c8d3293b87c9,7a6a73ff8198,p2,1,0,True
rrc-maryland-7k-edison,1,55,efd90549b6ed,a56ca5f90103,p2,1,0,True
rrc-maryland-7k-edison,1,56,97811dd90989,1a07253b9f5f,p2,1,0,True
rrc-maryland-7k-edison,1,57,ce33abbb4cf3,1e2319b14e17,p1,1,0,True
rrc-maryland-7k-edison,1,58,bbc936754bec,427af8578345,p2,1,0,True
rrc-maryland-7k-edison,1,59,1a53eaf6e3d8,7fcc229af778,p1,1,0,True
rrc-maryland-7k-edison,1,60,e55e7207b828,50916f8c19ae,p1,1,0,True
rrc-maryland-7k-edison,1,61,0cff56d4468d,26fc4e9e3c9c,p2,1,0,True
rrc-maryland-7k-edison,1,62,fd60c95b03c4,d817e25a6178,p2,1,0,True
rrc-maryland-7k-edison,1,63,ad6d6571ffdd,55e43ca27a1e,p1,1,0,True
rrc-maryland-7k-edison,1,64,99f088776f09,5e3532105fa6,p2,1,0,True
rrc-maryland-7k-edison,1,65,f3c04b5fa6c9,c4908287c932,p2,1,0,True
rrc-maryland-7k-edison,1,66,c58dbdda3e70,95da534b0f49,p2,1,0,False
rrc-maryland-7k-edison,1,67,1e2ce60f4a97,dfb590d7822b,p1,1,0,True
rrc-maryland-7k-edison,1,68,9505a5efc741,0d4eac007aa1,p2,1,0,True
rrc-maryland-7k-edison,1,69,c440e64a063d,bdc5d4c5ad40,p2,1,0,True
rrc-maryland-7k-edison,1,70,ed0b1fc216ec,957a065e6b82,p1,1,0,True
rrc-maryland-7k-edison,1,71,3341bfa286fe,09d5586e38d3,p1,1,0,True
rrc-maryland-7k-edison,1,72,b45bd8b5f17c,ac90a5b36925,p1,1,0,True
rrc-maryland-7k-edison,1,73,435a1c9d7cdd,b197d9ed7938,p1,1,0,True
rrc-maryland-7k-edison,1,74,fa79ba4bf779,66ad22b4981a,p2,1,0,False
rrc-maryland-7k-edison,1,75,2b4d38ed171f,71a48833fed7,p2,1,0,True
rrc-maryland-7k-edison,1,76,1c920cc66e14,765a5db74b00,p2,1,0,True
rrc-maryland-7k-edison,1,77,391b44b46cda,2d49a7a618d6,p2,1,0,True
rrc-maryland-7k-edison,1,78,0edf28b0ea46,e41c198811fc,p2,1,0,True
rrc-maryland-7k-edison,1,79,a70dc2b48ff3,4f64150ba701,p2,1,0,True
rrc-maryland-7k-edison,1,80,7f17ec52aed4,250c423c6597,p1,1,0,True
rrc-maryland-7k-edison,1,81,5d98013615d1,67a9d29c7260,p2,1,0,True
rrc-maryland-7k-edison,1,82,08290dc35d0a,474dc3ec37fe,p1,1,0,False
rrc-maryland-7k-edison,1,83,db321b8103f5,9076d7d25ddd,p2,1,0,True
rrc-maryland-7k-edison,1,84,ec8aaf6a1ca5,df7dd40b358a,p2,1,0,False
rrc-maryland-7k-edison,1,85,4ae52d44cce4,822f72d6ecb6,p2,1,0,True
rrc-maryland-7k-edison,1,86,f501edbd97ee,ccba6b43a764,p1,1,0,True
rrc-maryland-7k-edison,1,87,017165a95039,ec87d33ae077,p1,1,0,True
rrc-maryland-7k-edison,2,1,9c01065b5139,ba44726a2396,p2,1,0,True
rrc-maryland-7k-edison,2,2,541f1487ac43,c12e6d0f5e9f,p1,1,0,True
rrc-maryland-7k-edison,2,3,ba70149d4174,765a5db74b00,p2,1,0,True
rrc-maryland-7k-edison,2,4,66ad22b4981a,d3d9c9e1ae87,p2,1,0,True
rrc-maryland-7k-edison,2,5,910c90df211c,0bb063dbc2b1,p1,1,0,True
rrc-maryland-7k-edison,2,6,b70fc9eca706,875638305fba,p1,1,0,True
rrc-maryland-7k-edison,2,7,67a9d29c7260,dc75631e63db,p1,1,0,True
rrc-maryland-7k-edison,2,8,e41c198811fc,ce33abbb4cf3,p1,1,0,True
rrc-maryland-7k-edison,2,9,0d4eac007aa1,2d49a7a618d6,p1,1,0,True
rrc-maryland-7k-edison,2,10,7cb6c6e2260a,8fad7d2a23a1,p2,1,0,True
rrc-maryland-7k-edison,2,11,df7dd40b358a,1e2ce60f4a97,p1,1,0,False
rrc-maryland-7k-edison,2,12,c91309a5e309,d817e25a6178,p1,1,0,True
rrc-maryland-7k-edison,2,13,ab5ca9e1a1bd,a6a8373782da,p1,1,0,True
rrc-maryland-7k-edison,2,14,752a4747c897,0fb50581d939,p2,1,0,True
rrc-maryland-7k-edison,2,15,b021647b2dbb,1bf63d3ce094,p1,1,0,True
rrc-maryland-7k-edison,2,16,95398e45beb1,96939801a029,p2,1,0,True
rrc-maryland-7k-edison,2,17,9bd68ce4b3dc,4091a04812c4,p1,1,0,True
rrc-maryland-7k-edison,2,18,f501edbd97ee,0954516a9de5,p1,1,0,True
rrc-maryland-7k-edison,2,19,fa54bc00102c,95b1ae95185a,p1,1,0,True
rrc-maryland-7k-edison,2,20,1a53eaf6e3d8,71a48833fed7,p2,1,0,True
rrc-maryland-7k-edison,2,21,ad6d6571ffdd,7a6a73ff8198,p1,1,0,True
rrc-maryland-7k-edison,2,22,caf5061e38c7,e55e7207b828,p1,1,0,True
rrc-maryland-7k-edison,2,23,c4908287c932,605c96e72366,p2,1,0,True
rrc-maryland-7k-edison,2,24,d5e05d069729,3341bfa286fe,p2,1,0,False
rrc-maryland-7k-edison,2,25,3a32f29ade79,3fce6023477d,p2,1,0,True
rrc-maryland-7k-edison,2,26,8ee556f859a5,427af8578345,p2,1,0,True
rrc-maryland-7k-edison,2,27,41556373bba1,a56ca5f90103,p1,1,0,True
rrc-maryland-7k-edison,2,28,1a07253b9f5f,267a29a0c859,p1,1,0,True
rrc-maryland-7k-edison,2,29,ed0b1fc216ec,1aa800a08b2d,p1,1,0,True
rrc-maryland-7k-edison,2,30,0cbc01e460f0,822f72d6ecb6,p2,1,0,True
rrc-maryland-7k-edison,2,31,9076d7d25ddd,3961d3cc89b9,p1,1,0,True
rrc-maryland-7k-edison,2,32,0522f7ee037a,3ac29f07eca5,p1,1,0,True
rrc-maryland-7k-edison,2,33,4f64150ba701,bba8123649ee,p2,1,0,True
rrc-maryland-7k-edison,2,34,7f17ec52aed4,bdc5d4c5ad40,p1,1,0,True
rrc-maryland-7k-edison,2,35,f663252e1e61,b45bd8b5f17c,p2,1,0,True
rrc-maryland-7k-edison,2,36,26fc4e9e3c9c,64e0c0a07c53,p1,1,0,True
rrc-maryland-7k-edison,2,37,7275d882a6cf,1d4be8a451d0,p2,1,0,True
rrc-maryland-7k-edison,2,38,df0228ae0bbb,00b995cc2122,p2,1,0,True
rrc-maryland-7k-edison,2,39,08290dc35d0a,f24705c3f6e2,p2,1,0,True
rrc-maryland-7k-edison,2,40,435a1c9d7cdd,95da534b0f49,p2,1,0,True
rrc-maryland-7k-edison,2,41,6eb625081bc1,5e3532105fa6,p2,1,0,True
rrc-maryland-7k-edison,2,42,017165a95039,011f8f5d3c1c,p2,1,0,True
rrc-maryland-7k-edison,2,43,446dfdff5e10,002f66601659,p1,1,0,True
rrc-maryland-7k-edison,2,44,7f03d79171c8,5e196cec56fb,p2,1,0,True
rrc-maryland-7k-edison,2,45,d5200bdb3b73,97811dd90989,p2,1,0,True
rrc-maryland-7k-edison,2,46,61569ea19ded,db321b8103f5,p1,1,0,True
rrc-maryland-7k-edison,2,47,efd90549b6ed,55436152ef2e,p2,1,0,True
rrc-maryland-7k-edison,2,48,ac0e33d02845,99f088776f09,p2,1,0,True
rrc-maryland-7k-edison,2,49,55e43ca27a1e,6393a457a006,p1,1,0,True
rrc-maryland-7k-edison,2,50,1368c556ade2,97ba097dfac1,p1,1,0,True
rrc-maryland-7k-edison,2,51,f3c04b5fa6c9,1cfc441f9e95,p2,1,0,True
rrc-maryland-7k-edison,2,52,2fda660ddd45,0cff56d4468d,p1,1,0,True
rrc-maryland-7k-edison,2,53,dfb590d7822b,64a85dace6dc,p1,1,0,True
rrc-maryland-7k-edison,2,54,0090c09ac210,9821606b6374,p1,1,0,False
rrc-maryland-7k-edison,2,55,ccba6b43a764,957a065e6b82,p2,1,0,True
rrc-maryland-7k-edison,2,56,e0a5ff891616,ce6e27e7f64e,p1,1,0,True
rrc-maryland-7k-edison,2,57,eb1fe74a55ec,c440e64a063d,p2,1,0,True
rrc-maryland-7k-edison,2,58,ec8aaf6a1ca5,50916f8c19ae,p1,1,0,True
rrc-maryland-7k-edison,2,59,25f49dfbbe39,9df587203aa4,p1,1,0,True
rrc-maryland-7k-edison,2,60,8911af1e70d8,03db7cc94250,p1,1,0,True
rrc-maryland-7k-edison,2,61,4dd25707c788,9a9c82713593,p2,1,0,True
rrc-maryland-7k-edison,2,62,1c920cc66e14,b88b9b46fed9,p1,1,0,True
rrc-maryland-7k-edison,2,63,97faa83184f7,7fcc229af778,p2,1,0,True
rrc-maryland-7k-edison,2,64,2c9c987756df,75601b5fc8b4,p2,1,0,True
rrc-maryland-7k-edison,2,65,8dedbba02141,bbc936754bec,p2,1,0,True
rrc-maryland-7k-edison,2,66,125449a9375d,011df9923288,p1,1,0,True
rrc-maryland-7k-edison,2,67,acd68261534b,830d443a5ea1,p2,1,0,True
rrc-maryland-7k-edison,2,68,46f6f4c5b4ea,bf8ec026202b,p2,1,0,True
rrc-maryland-7k-edison,2,69,73f22ef89cbf,5d98013615d1,p1,1,0,True
rrc-maryland-7k-edison,2,70,a70dc2b48ff3,af3942e9db48,p1,1,0,True
rrc-maryland-7k-edison,2,71,1e2319b14e17,ad92762a6665,p1,1,0,True
rrc-maryland-7k-edison,2,72,c052d0b8c12b,09d5586e38d3,p2,1,0,True
rrc-maryland-7k-edison,2,73,2172922a1773,732de94c1cf3,p1,1,0,True
rrc-maryland-7k-edison,2,74,7028cd6b06c9,9505a5efc741,p1,1,0,True
rrc-maryland-7k-edison,2,75,d32f14ba4ff6,6abd1b59c7c2,p2,1,0,True
rrc-maryland-7k-edison,2,76,fd60c95b03c4,5410aa10e1ee,p2,1,0,True
rrc-maryland-7k-edison,2,77,e9e3da847dec,d0494701f975,p2,1,0,True
rrc-maryland-7k-edison,2,78,7e426e19a6a3,2b4d38ed171f,p2,1,0,True
rrc-maryland-7k-edison,2,79,c8d3293b87c9,5a96f6f5ac5d,p2,1,0,True
rrc-maryland-7k-edison,2,80,3b5352073dee,d9d64f1fc10a,p1,1,0,True
rrc-maryland-7k-edison,2,81,ec87d33ae077,b197d9ed7938,p2,1,0,True
rrc-maryland-7k-edison,2,82,c30ceb622722,2484b586c479,p2,1,0,True
rrc-maryland-7k-edison,2,83,ac90a5b36925,0edf28b0ea46,p2,1,0,True
rrc-maryland-7k-edison,2,84,ac478c4faa1b,4ae52d44cce4,p1,1,0,True
rrc-maryland-7k-edison,2,85,391b44b46cda,250c423c6597,p1,1,0,True
rrc-maryland-7k-edison,3,1,765a5db74b00,df7dd40b358a,p2,1,0,False
rrc-maryland-7k-edison,3,2,910c90df211c,26fc4e9e3c9c,p1,1,0,True
rrc-maryland-7k-edison,3,3,fa54bc00102c,0d4eac007aa1,p2,1,0,True
rrc-maryland-7k-edison,3,4,7f17ec52aed4,9bd68ce4b3dc,p2,1,0,True
rrc-maryland-7k-edison,3,5,ad6d6571ffdd,96939801a029,p2,1,0,True
rrc-maryland-7k-edison,3,6,1d4be8a451d0,41556373bba1,p1,1,0,True
rrc-maryland-7k-edison,3,7,b45bd8b5f17c,1a07253b9f5f,p2,1,0,True
rrc-maryland-7k-edison,3,8,541f1487ac43,ba44726a2396,p1,1,0,True
rrc-maryland-7k-edison,3,9,b70fc9eca706,0fb50581d939,p2,1,0,True
rrc-maryland-7k-edison,3,10,ed0b1fc216ec,5e3532105fa6,p2,1,0,True
rrc-maryland-7k-edison,3,11,ab5ca9e1a1bd,f501edbd97ee,p1,1,0,True
rrc-maryland-7k-edison,3,12,bba8123649ee,0522f7ee037a,p2,1,0,True
rrc-maryland-7k-edison,3,13,95da534b0f49,b021647b2dbb,p1,1,0,True
rrc-maryland-7k-edison,3,14,822f72d6ecb6,605c96e72366,p1,1,0,True
rrc-maryland-7k-edison,3,15,c91309a5e309,3341bfa286fe,p1,1,0,True
rrc-maryland-7k-edison,3,16,caf5061e38c7,427af8578345,p2,1,0,True
rrc-maryland-7k-edison,3,17,011f8f5d3c1c,9076d7d25ddd,p2,1,0,True
rrc-maryland-7k-edison,3,18,71a48833fed7,e41c198811fc,p2,1,0,True
rrc-maryland-7k-edison,3,19,446dfdff5e10,00b995cc2122,p1,2,0,True
rrc-maryland-7k-edison,3,20,3fce6023477d,f24705c3f6e2,p1,1,0,True
rrc-maryland-7k-edison,3,21,8fad7d2a23a1,d3d9c9e1ae87,p1,1,0,True
rrc-maryland-7k-edison,3,22,67a9d29c7260,7a6a73ff8198,p2,1,0,True
rrc-maryland-7k-edison,3,23,2172922a1773,5e196cec56fb,p2,1,0,True
rrc-maryland-7k-edison,3,24,b197d9ed7938,2b4d38ed171f,p2,1,0,True
rrc-maryland-7k-edison,3,25,e0a5ff891616,752a4747c897,p1,1,0,True
rrc-maryland-7k-edison,3,26,7f03d79171c8,bbc936754bec,p2,1,0,True
rrc-maryland-7k-edison,3,27,4f64150ba701,6eb625081bc1,p1,1,0,True
rrc-maryland-7k-edison,3,28,5a96f6f5ac5d,0090c09ac210,p1,1,0,True
rrc-maryland-7k-edison,3,29,df0228ae0bbb,7fcc229af778,p1,1,0,True
rrc-maryland-7k-edison,3,30,7028cd6b06c9,8ee556f859a5,p1,1,0,True
rrc-maryland-7k-edison,3,31,002f66601659,9c01065b5139,p1,1,0,True
rrc-maryland-7k-edison,3,32,0bb063dbc2b1,08290dc35d0a,p1,1,0,True
rrc-maryland-7k-edison,3,33,bf8ec026202b,1c920cc66e14,p2,1,0,True
rrc-maryland-7k-edison,3,34,1e2ce60f4a97,e55e7207b828,p1,1,0,True
rrc-maryland-7k-edison,3,35,d817e25a6178,a70dc2b48ff3,p1,1,0,True
rrc-maryland-7k-edison,3,36,75601b5fc8b4,6abd1b59c7c2,p1,1,0,True
rrc-maryland-7k-edison,3,37,55e43ca27a1e,3ac29f07eca5,p1,1,0,True
rrc-maryland-7k-edison,3,38,ba70149d4174,66ad22b4981a,p1,1,0,True
rrc-maryland-7k-edison,3,39,5410aa10e1ee,99f088776f09,p1,1,0,True
rrc-maryland-7k-edison,3,40,1aa800a08b2d,267a29a0c859,p1,1,0,True
rrc-maryland-7k-edison,3,41,7275d882a6cf,875638305fba,p1,1,0,True
rrc-maryland-7k-edison,3,42,3b5352073dee,ac478c4faa1b,p1,1,0,True
rrc-maryland-7k-edison,3,43,64e0c0a07c53,435a1c9d7cdd,p2,1,0,True
rrc-maryland-7k-edison,3,44,7cb6c6e2260a,2484b586c479,p2,1,0,True
rrc-maryland-7k-edison,3,45,3961d3cc89b9,017165a95039,p1,1,0,True
rrc-maryland-7k-edison,3,46,2fda660ddd45,95398e45beb1,p1,1,0,True
rrc-maryland-7k-edison,3,47,dc75631e63db,4091a04812c4,p1,1,0,True
rrc-maryland-7k-edison,3,48,8911af1e70d8,0cbc01e460f0,p1,1,0,True
rrc-maryland-7k-edison,3,49,0edf28b0ea46,73f22ef89cbf,p1,1,0,True
rrc-maryland-7k-edison,3,50,a6a8373782da,9a9c82713593,p2,1,0,True
rrc-maryland-7k-edison,3,51,1368c556ade2,ec8aaf6a1ca5,p2,1,0,True
rrc-maryland-7k-edison,3,52,1bf63d3ce094,c12e6d0f5e9f,p2,1,0,True
rrc-maryland-7k-edison,3,53,dfb590d7822b,a56ca5f90103,p2,1,0,True
rrc-maryland-7k-edison,3,54,3a32f29ade79,1a53eaf6e3d8,p2,1,0,True
rrc-maryland-7k-edison,3,55,830d443a5ea1,125449a9375d,p2,1,0,True
rrc-maryland-7k-edison,3,56,0954516a9de5,97811dd90989,p2,1,0,True
rrc-maryland-7k-edison,3,57,55436152ef2e,1e2319b14e17,p2,1,0,True
rrc-maryland-7k-edison,3,58,61569ea19ded,bdc5d4c5ad40,p1,1,0,True
rrc-maryland-7k-edison,3,59,25f49dfbbe39,c4908287c932,p1,1,0,True
rrc-maryland-7k-edison,3,60,09d5586e38d3,1cfc441f9e95,p1,1,0,True
rrc-maryland-7k-edison,3,61,2d49a7a618d6,957a065e6b82,p2,1,0,True
rrc-maryland-7k-edison,3,62,ce33abbb4cf3,d5e05d069729,p2,1,0,False
rrc-maryland-7k-edison,3,63,f663252e1e61,95b1ae95185a,p2,1,0,True
rrc-maryland-7k-edison,3,64,d0494701f975,c440e64a063d,p2,1,0,True
rrc-maryland-7k-edison,3,65,391b44b46cda,acd68261534b,p1,1,0,True
rrc-maryland-7k-edison,3,66,fd60c95b03c4,c8d3293b87c9,p2,1,0,True
rrc-maryland-7k-edison,3,67,af3942e9db48,efd90549b6ed,p2,1,0,True
rrc-maryland-7k-edison,3,68,250c423c6597,732de94c1cf3,p2,2,0,True
rrc-maryland-7k-edison,3,69,8dedbba02141,9505a5efc741,p1,1,0,True
rrc-maryland-7k-edison,3,70,e9e3da847dec,ce6e27e7f64e,p1,1,0,True
rrc-maryland-7k-edison,3,71,c052d0b8c12b,2c9c987756df,p2,1,0,True
rrc-maryland-7k-edison,3,72,c30ceb622722,03db7cc94250,p2,1,0,True
rrc-maryland-7k-edison,3,73,7e426e19a6a3,4ae52d44cce4,p2,1,0,True
rrc-maryland-7k-edison,3,74,6393a457a006,db321b8103f5,p1,1,0,True
rrc-maryland-7k-edison,3,75,ad92762a6665,0cff56d4468d,p1,1,0,True
rrc-maryland-7k-edison,3,76,50916f8c19ae,f3c04b5fa6c9,p1,1,0,True
rrc-maryland-7k-edison,3,77,ccba6b43a764,ac0e33d02845,p1,1,0,True
rrc-maryland-7k-edison,3,78,9df587203aa4,64a85dace6dc,p1,1,0,True
rrc-maryland-7k-edison,3,79,97ba097dfac1,011df9923288,p1,1,0,True
rrc-maryland-7k-edison,3,80,ec87d33ae077,4dd25707c788,p1,1,0,True
rrc-maryland-7k-edison,3,81,d32f14ba4ff6,b88b9b46fed9,p2,1,0,True
rrc-maryland-7k-edison,4,1,3fce6023477d,9076d7d25ddd,p1,1,0,True
rrc-maryland-7k-edison,4,2,0522f7ee037a,95da534b0f49,p1,1,0,True
rrc-maryland-7k-edison,4,3,c91309a5e309,541f1487ac43,p2,1,0,True
rrc-maryland-7k-edison,4,4,ab5ca9e1a1bd,910c90df211c,p1,1,0,True
rrc-maryland-7k-edison,4,5,1d4be8a451d0,822f72d6ecb6,p2,1,0,True
rrc-maryland-7k-edison,4,6,0fb50581d939,427af8578345,p2,1,0,True
rrc-maryland-7k-edison,4,7,e41c198811fc,0d4eac007aa1,p1,1,0,True
rrc-maryland-7k-edison,4,8,446dfdff5e10,9bd68ce4b3dc,p2,1,0,True
rrc-maryland-7k-edison,4,9,df7dd40b358a,5e3532105fa6,p1,1,0,False
rrc-maryland-7k-edison,4,10,96939801a029,8fad7d2a23a1,p1,1,0,True
rrc-maryland-7k-edison,4,11,1a07253b9f5f,1e2319b14e17,p2,1,0,True
rrc-maryland-7k-edison,4,12,3961d3cc89b9,b45bd8b5f17c,p1,1,0,True
rrc-maryland-7k-edison,4,13,71a48833fed7,25f49dfbbe39,p2,1,0,True
rrc-maryland-7k-edison,4,14,8911af1e70d8,00b995cc2122,p2,1,0,True
rrc-maryland-7k-edison,4,15,f501edbd97ee,caf5061e38c7,p2,1,0,True
rrc-maryland-7k-edison,4,16,b021647b2dbb,957a065e6b82,p2,1,0,True
rrc-maryland-7k-edison,4,17,ec8aaf6a1ca5,2484b586c479,p2,1,0,True
rrc-maryland-7k-edison,4,18,c12e6d0f5e9f,41556373bba1,p2,1,0,True
rrc-maryland-7k-edison,4,19,75601b5fc8b4,9a9c82713593,p2,1,0,True
rrc-maryland-7k-edison,4,20,765a5db74b00,7f17ec52aed4,p1,1,0,True
rrc-maryland-7k-edison,4,21,d817e25a6178,011f8f5d3c1c,p2,1,0,True
rrc-maryland-7k-edison,4,22,1a53eaf6e3d8,125449a9375d,p1,1,0,True
rrc-maryland-7k-edison,4,23,1aa800a08b2d,ba44726a2396,p2,1,0,True
rrc-maryland-7k-edison,4,24,5410aa10e1ee,ad6d6571ffdd,p2,1,0,True
rrc-maryland-7k-edison,4,25,95b1ae95185a,5a96f6f5ac5d,p2,1,0,True
rrc-maryland-7k-edison,4,26,3b5352073dee,d5e05d069729,p1,1,0,False
rrc-maryland-7k-edison,4,27,391b44b46cda,1c920cc66e14,p1,1,0,True
rrc-maryland-7k-edison,4,28,c440e64a063d,0edf28b0ea46,p1,1,0,True
rrc-maryland-7k-edison,4,29,2fda660ddd45,97811dd90989,p1,1,0,True
rrc-maryland-7k-edison,4,30,55e43ca27a1e,2b4d38ed171f,p2,1,0,True
rrc-maryland-7k-edison,4,31,d3d9c9e1ae87,605c96e72366,p2,1,0,True
rrc-maryland-7k-edison,4,32,0bb063dbc2b1,bba8123649ee,p1,1,0,True
rrc-maryland-7k-edison,4,33,4f64150ba701,7028cd6b06c9,p2,1,0,True
rrc-maryland-7k-edison,4,34,7a6a73ff8198,ed0b1fc216ec,p1,1,0,True
rrc-maryland-7k-edison,4,35,fa54bc00102c,3341bfa286fe,p1,1,0,True
rrc-maryland-7k-edison,4,36,61569ea19ded,e0a5ff891616,p1,1,0,True
rrc-maryland-7k-edison,4,37,dc75631e63db,b70fc9eca706,p1,1,0,True
rrc-maryland-7k-edison,4,38,1e2ce60f4a97,ba70149d4174,p2,1,0,True
rrc-maryland-7k-edison,4,39,7275d882a6cf,f24705c3f6e2,p2,1,0,True
rrc-maryland-7k-edison,4,40,002f66601659,df0228ae0bbb,p1,1,0,True
rrc-maryland-7k-edison,4,41,67a9d29c7260,09d5586e38d3,p1,1,0,True
rrc-maryland-7k-edison,4,42,bbc936754bec,435a1c9d7cdd,p1,1,0,True
rrc-maryland-7k-edison,4,43,26fc4e9e3c9c,5e196cec56fb,p1,1,0,True
rrc-maryland-7k-edison,4,44,a56ca5f90103,875638305fba,p2,1,0,True
rrc-maryland-7k-edison,4,45,4ae52d44cce4,7cb6c6e2260a,p1,1,0,True
rrc-maryland-7k-edison,4,46,3ac29f07eca5,267a29a0c859,p2,1,0,True
rrc-maryland-7k-edison,4,47,8ee556f859a5,66ad22b4981a,p2,1,0,True
rrc-maryland-7k-edison,4,48,ac478c4faa1b,efd90549b6ed,p1,1,0,True
rrc-maryland-7k-edison,4,49,2172922a1773,dfb590d7822b,p1,1,0,True
rrc-maryland-7k-edison,4,50,2c9c987756df,b88b9b46fed9,p2,1,0,True
rrc-maryland-7k-edison,4,51,4091a04812c4,f663252e1e61,p1,1,0,True
rrc-maryland-7k-edison,4,52,ec87d33ae077,c8d3293b87c9,p2,1,0,True
rrc-maryland-7k-edison,4,53,9c01065b5139,55436152ef2e,p2,1,0,True
rrc-maryland-7k-edison,4,54,2d49a7a618d6,97ba097dfac1,p1,1,0,True
rrc-maryland-7k-edison,4,55,6393a457a006,8dedbba02141,p2,1,0,True
rrc-maryland-7k-edison,4,56,0090c09ac210,73f22ef89cbf,p1,1,0,True
rrc-maryland-7k-edison,4,57,50916f8c19ae,0954516a9de5,p2,1,0,True
rrc-maryland-7k-edison,4,58,017165a95039,7f03d79171c8,p1,1,0,True
rrc-maryland-7k-edison,4,59,95398e45beb1,03db7cc94250,p1,1,0,True
rrc-maryland-7k-edison,4,60,732de94c1cf3,7fcc229af778,p2,1,0,True
rrc-maryland-7k-edison,4,61,bdc5d4c5ad40,d5200bdb3b73,p1,1,0,True
rrc-maryland-7k-edison,4,62,1bf63d3ce094,9df587203aa4,p1,1,0,True
rrc-maryland-7k-edison,4,63,1cfc441f9e95,99f088776f09,p2,1,0,True
rrc-maryland-7k-edison,4,64,08290dc35d0a,a6a8373782da,p2,1,0,True
rrc-maryland-7k-edison,4,65,ccba6b43a764,752a4747c897,p2,1,0,True
rrc-maryland-7k-edison,4,66,ce33abbb4cf3,e55e7207b828,p1,1,0,True
rrc-maryland-7k-edison,4,67,e9e3da847dec,3a32f29ade79,p1,1,0,True
rrc-maryland-7k-edison,4,68,d0494701f975,6eb625081bc1,p2,1,0,True
rrc-maryland-7k-edison,4,69,ad92762a6665,a70dc2b48ff3,p2,1,0,True
rrc-maryland-7k-edison,4,70,bf8ec026202b,af3942e9db48,p1,1,0,True
rrc-maryland-7k-edison,4,71,f3c04b5fa6c9,c30ceb622722,p2,1,0,True
rrc-maryland-7k-edison,4,72,d32f14ba4ff6,db321b8103f5,draw,,,True
rrc-maryland-7k-edison,4,73,0cff56d4468d,4dd25707c788,p1,1,0,True
rrc-maryland-7k-edison,4,74,ce6e27e7f64e,c052d0b8c12b,p2,1,0,True
rrc-maryland-7k-edison,5,1,df7dd40b358a,427af8578345,p1,1,0,False
rrc-maryland-7k-edison,5,2,ab5ca9e1a1bd,e41c198811fc,p1,1,0,True
rrc-maryland-7k-edison,5,3,9bd68ce4b3dc,541f1487ac43,p2,1,0,True
rrc-maryland-7k-edison,5,4,96939801a029,3fce6023477d,p2,1,0,True
rrc-maryland-7k-edison,5,5,0522f7ee037a,822f72d6ecb6,p1,1,0,True
rrc-maryland-7k-edison,5,6,7a6a73ff8198,25f49dfbbe39,p2,1,0,True
rrc-maryland-7k-edison,5,7,1d4be8a451d0,765a5db74b00,p2,1,0,True
rrc-maryland-7k-edison,5,8,1a53eaf6e3d8,1e2319b14e17,p2,1,0,True
rrc-maryland-7k-edison,5,9,8fad7d2a23a1,002f66601659,p1,1,0,True
rrc-maryland-7k-edison,5,10,957a065e6b82,446dfdff5e10,p1,1,0,True
rrc-maryland-7k-edison,5,11,ad6d6571ffdd,00b995cc2122,p1,1,0,True
rrc-maryland-7k-edison,5,12,f24705c3f6e2,9a9c82713593,p2,1,0,True
rrc-maryland-7k-edison,5,13,ba70149d4174,5e3532105fa6,p2,1,0,True
rrc-maryland-7k-edison,5,14,0bb063dbc2b1,61569ea19ded,p1,1,0,True
rrc-maryland-7k-edison,5,15,67a9d29c7260,5a96f6f5ac5d,p1,1,0,True
rrc-maryland-7k-edison,5,16,1a07253b9f5f,bbc936754bec,p1,1,0,True
rrc-maryland-7k-edison,5,17,0d4eac007aa1,caf5061e38c7,p2,1,0,True
rrc-maryland-7k-edison,5,18,910c90df211c,9076d7d25ddd,p1,1,0,True
rrc-maryland-7k-edison,5,19,26fc4e9e3c9c,0fb50581d939,p2,1,0,True
rrc-maryland-7k-edison,5,20,3961d3cc89b9,fa54bc00102c,p2,1,0,True
rrc-maryland-7k-edison,5,21,95da534b0f49,2fda660ddd45,p2,1,0,True
rrc-maryland-7k-edison,5,22,3b5352073dee,7028cd6b06c9,p1,1,0,True
rrc-maryland-7k-edison,5,23,391b44b46cda,c440e64a063d,p1,1,0,True
rrc-maryland-7k-edison,5,24,41556373bba1,ba44726a2396,p2,1,0,True
rrc-maryland-7k-edison,5,25,dc75631e63db,c91309a5e309,p1,1,0,True
rrc-maryland-7k-edison,5,26,605c96e72366,2484b586c479,p2,1,0,True
rrc-maryland-7k-edison,5,27,2b4d38ed171f,011f8f5d3c1c,p2,1,0,True
rrc-maryland-7k-edison,5,28,97811dd90989,bf8ec026202b,p1,1,0,True
rrc-maryland-7k-edison,5,29,e0a5ff891616,ac478c4faa1b,p2,1,0,True
rrc-maryland-7k-edison,5,30,2172922a1773,8911af1e70d8,p2,1,0,True
rrc-maryland-7k-edison,5,31,55e43ca27a1e,a56ca5f90103,p2,1,0,True
rrc-maryland-7k-edison,5,32,7275d882a6cf,0090c09ac210,p2,1,0,True
rrc-maryland-7k-edison,5,33,a6a8373782da,7fcc229af778,p1,1,0,True
rrc-maryland-7k-edison,5,34,75601b5fc8b4,b45bd8b5f17c,p1,1,0,True
rrc-maryland-7k-edison,5,35,b70fc9eca706,f501edbd97ee,p1,1,0,True
rrc-maryland-7k-edison,5,36,99f088776f09,09d5586e38d3,p2,1,0,True
rrc-maryland-7k-edison,5,37,71a48833fed7,267a29a0c859,p1,1,0,True
rrc-maryland-7k-edison,5,38,435a1c9d7cdd,a70dc2b48ff3,p2,1,0,True
rrc-maryland-7k-edison,5,39,95398e45beb1,4ae52d44cce4,p1,1,0,True
rrc-maryland-7k-edison,5,40,d817e25a6178,6eb625081bc1,p2,1,0,True
rrc-maryland-7k-edison,5,41,d3d9c9e1ae87,1aa800a08b2d,p2,1,0,True
rrc-maryland-7k-edison,5,42,bdc5d4c5ad40,2d49a7a618d6,p2,1,0,True
rrc-maryland-7k-edison,5,43,1c920cc66e14,c8d3293b87c9,p2,1,0,True
rrc-maryland-7k-edison,5,44,7f17ec52aed4,875638305fba,p1,1,0,True
rrc-maryland-7k-edison,5,45,95b1ae95185a,55436152ef2e,p1,1,0,True
rrc-maryland-7k-edison,5,46,752a4747c897,b021647b2dbb,p2,1,0,True
rrc-maryland-7k-edison,5,47,3341bfa286fe,0edf28b0ea46,p1,1,0,True
rrc-maryland-7k-edison,5,48,125449a9375d,d5e05d069729,p2,1,0,False
rrc-maryland-7k-edison,5,49,bba8123649ee,5410aa10e1ee,p2,1,0,True
rrc-maryland-7k-edison,5,50,017165a95039,ce33abbb4cf3,p1,1,0,True
rrc-maryland-7k-edison,5,51,0954516a9de5,66ad22b4981a,p2,1,0,True
rrc-maryland-7k-edison,5,52,ed0b1fc216ec,5e196cec56fb,p1,1,0,True
rrc-maryland-7k-edison,5,53,e9e3da847dec,b88b9b46fed9,p2,1,0,True
rrc-maryland-7k-edison,5,54,4f64150ba701,1bf63d3ce094,p1,1,0,True
rrc-maryland-7k-edison,5,55,1e2ce60f4a97,df0228ae0bbb,p1,1,0,True
rrc-maryland-7k-edison,5,56,c12e6d0f5e9f,8dedbba02141,p2,1,0,True
rrc-maryland-7k-edison,5,57,4091a04812c4,ec8aaf6a1ca5,p2,1,0,True
rrc-maryland-7k-edison,5,58,1cfc441f9e95,732de94c1cf3,p2,1,0,True
rrc-maryland-7k-edison,5,59,acd68261534b,7f03d79171c8,p1,1,0,True
rrc-maryland-7k-edison,5,60,9df587203aa4,d0494701f975,p1,1,0,True
rrc-maryland-7k-edison,5,61,c30ceb622722,efd90549b6ed,p1,1,0,True
rrc-maryland-7k-edison,5,62,08290dc35d0a,50916f8c19ae,draw,,,True
rrc-maryland-7k-edison,5,63,c052d0b8c12b,0cff56d4468d,p1,1,0,True
rrc-maryland-7k-edison,5,64,97ba097dfac1,ad92762a6665,p1,1,0,True
rrc-maryland-7k-edison,5,65,dfb590d7822b,8ee556f859a5,p1,1,0,True
rrc-maryland-7k-edison,5,66,ccba6b43a764,73f22ef89cbf,p1,2,0,True
rrc-maryland-7k-edison,5,67,f3c04b5fa6c9,ce6e27e7f64e,p2,1,0,True
rrc-maryland-7k-edison,6,1,0522f7ee037a,3fce6023477d,p1,1,0,True
rrc-maryland-7k-edison,6,2,ab5ca9e1a1bd,541f1487ac43,p2,1,0,True
rrc-maryland-7k-edison,6,3,df7dd40b358a,dc75631e63db,p2,1,0,False
rrc-maryland-7k-edison,6,4,1e2319b14e17,caf5061e38c7,p1,1,0,True
rrc-maryland-7k-edison,6,5,1a07253b9f5f,9a9c82713593,p1,1,0,True
rrc-maryland-7k-edison,6,6,0fb50581d939,25f49dfbbe39,p1,1,0,True
rrc-maryland-7k-edison,6,7,957a065e6b82,765a5db74b00,p1,1,0,True
rrc-maryland-7k-edison,6,8,011f8f5d3c1c,2484b586c479,p1,1,0,True
rrc-maryland-7k-edison,6,9,822f72d6ecb6,9bd68ce4b3dc,p2,1,0,True
rrc-maryland-7k-edison,6,10,910c90df211c,8fad7d2a23a1,p1,1,0,True
rrc-maryland-7k-edison,6,11,ad6d6571ffdd,67a9d29c7260,p1,1,0,True
rrc-maryland-7k-edison,6,12,ba44726a2396,427af8578345,p1,1,0,True
rrc-maryland-7k-edison,6,13,3b5352073dee,96939801a029,p1,1,0,True
rrc-maryland-7k-edison,6,14,5e3532105fa6,0bb063dbc2b1,p1,1,0,True
rrc-maryland-7k-edison,6,15,2fda660ddd45,fa54bc00102c,p1,1,0,True
rrc-maryland-7k-edison,6,16,e41c198811fc,391b44b46cda,p2,1,0,True
rrc-maryland-7k-edison,6,17,0d4eac007aa1,605c96e72366,p2,1,0,True
rrc-maryland-7k-edison,6,18,3961d3cc89b9,a70dc2b48ff3,p1,1,0,True
rrc-maryland-7k-edison,6,19,b021647b2dbb,bbc936754bec,p2,1,0,True
rrc-maryland-7k-edison,6,20,26fc4e9e3c9c,8911af1e70d8,p2,1,0,True
rrc-maryland-7k-edison,6,21,00b995cc2122,2d49a7a618d6,p2,2,0,True
rrc-maryland-7k-edison,6,22,75601b5fc8b4,b88b9b46fed9,p2,1,0,True
rrc-maryland-7k-edison,6,23,7028cd6b06c9,446dfdff5e10,p1,1,0,True
rrc-maryland-7k-edison,6,24,8dedbba02141,c440e64a063d,p2,1,0,True
rrc-maryland-7k-edison,6,25,95398e45beb1,0090c09ac210,p2,1,0,True
rrc-maryland-7k-edison,6,26,017165a95039,b70fc9eca706,p2,1,0,True
rrc-maryland-7k-edison,6,27,1aa800a08b2d,7f17ec52aed4,p2,1,0,True
rrc-maryland-7k-edison,6,28,66ad22b4981a,5410aa10e1ee,p2,1,0,True
rrc-maryland-7k-edison,6,29,d5e05d069729,2b4d38ed171f,p1,1,0,False
rrc-maryland-7k-edison,6,30,4f64150ba701,1d4be8a451d0,p2,1,0,True
rrc-maryland-7k-edison,6,31,1e2ce60f4a97,7a6a73ff8198,p1,1,0,True
rrc-maryland-7k-edison,6,32,95b1ae95185a,ec8aaf6a1ca5,p2,1,0,True
rrc-maryland-7k-edison,6,33,1a53eaf6e3d8,c91309a5e309,p1,1,0,True
rrc-maryland-7k-edison,6,34,c8d3293b87c9,a56ca5f90103,p1,1,0,True
rrc-maryland-7k-edison,6,35,5a96f6f5ac5d,a6a8373782da,p1,1,0,True
rrc-maryland-7k-edison,6,36,9076d7d25ddd,95da534b0f49,p1,1,0,True
rrc-maryland-7k-edison,6,37,6eb625081bc1,41556373bba1,p2,1,0,True
rrc-maryland-7k-edison,6,38,71a48833fed7,97811dd90989,p2,1,0,True
rrc-maryland-7k-edison,6,39,ba70149d4174,f24705c3f6e2,p1,1,0,True
rrc-maryland-7k-edison,6,40,09d5586e38d3,ed0b1fc216ec,p1,1,0,True
rrc-maryland-7k-edison,6,41,61569ea19ded,ac478c4faa1b,p1,1,0,True
rrc-maryland-7k-edison,6,42,3341bfa286fe,ccba6b43a764,p1,1,0,True
rrc-maryland-7k-edison,6,43,55436152ef2e,bdc5d4c5ad40,p1,2,0,True
rrc-maryland-7k-edison,6,44,0954516a9de5,c052d0b8c12b,p1,1,0,True
rrc-maryland-7k-edison,6,45,c30ceb622722,dfb590d7822b,p2,1,0,True
rrc-maryland-7k-edison,6,46,ce33abbb4cf3,97ba097dfac1,p2,1,0,True
rrc-maryland-7k-edison,6,47,b45bd8b5f17c,df0228ae0bbb,p1,1,0,True
rrc-maryland-7k-edison,6,48,d3d9c9e1ae87,752a4747c897,p2,1,0,True
rrc-maryland-7k-edison,6,49,9df587203aa4,4091a04812c4,p2,1,0,True
rrc-maryland-7k-edison,6,50,e9e3da847dec,435a1c9d7cdd,p1,1,0,True
rrc-maryland-7k-edison,6,51,acd68261534b,1bf63d3ce094,p1,1,0,True
rrc-maryland-7k-edison,6,52,08290dc35d0a,4dd25707c788,p1,1,0,True
rrc-maryland-7k-edison,6,53,ad92762a6665,8ee556f859a5,p1,1,0,True
rrc-maryland-7k-edison,6,54,d0494701f975,ce6e27e7f64e,p2,1,0,True
rrc-maryland-7k-edison,7,1,541f1487ac43,0522f7ee037a,p2,1,0,True
rrc-maryland-7k-edison,7,2,df7dd40b358a,ab5ca9e1a1bd,p2,1,0,False
rrc-maryland-7k-edison,7,3,ba44726a2396,1a07253b9f5f,p1,1,0,True
rrc-maryland-7k-edison,7,4,3fce6023477d,391b44b46cda,p1,1,0,True
rrc-maryland-7k-edison,7,5,3b5352073dee,1e2319b14e17,p2,1,0,True
rrc-maryland-7k-edison,7,6,9bd68ce4b3dc,ad6d6571ffdd,p1,1,0,True
rrc-maryland-7k-edison,7,7,5e3532105fa6,011f8f5d3c1c,p2,1,0,True
rrc-maryland-7k-edison,7,8,dc75631e63db,0fb50581d939,p1,1,0,True
rrc-maryland-7k-edison,7,9,2fda660ddd45,957a065e6b82,p1,1,0,True
rrc-maryland-7k-edison,7,10,910c90df211c,822f72d6ecb6,p1,1,0,True
rrc-maryland-7k-edison,7,11,5a96f6f5ac5d,caf5061e38c7,p2,1,0,True
rrc-maryland-7k-edison,7,12,c8d3293b87c9,e41c198811fc,p2,1,0,True
rrc-maryland-7k-edison,7,13,2484b586c479,9a9c82713593,p1,1,0,True
rrc-maryland-7k-edison,7,14,41556373bba1,d5e05d069729,p1,1,0,False
rrc-maryland-7k-edison,7,15,c440e64a063d,765a5db74b00,p2,1,0,True
rrc-maryland-7k-edison,7,16,ba70149d4174,09d5586e38d3,p2,1,0,True
rrc-maryland-7k-edison,7,17,0090c09ac210,605c96e72366,p2,1,0,True
rrc-maryland-7k-edison,7,18,97811dd90989,1e2ce60f4a97,p1,1,0,True
rrc-maryland-7k-edison,7,19,8fad7d2a23a1,2d49a7a618d6,p2,1,0,True
rrc-maryland-7k-edison,7,20,bbc936754bec,7028cd6b06c9,p1,1,0,True
rrc-maryland-7k-edison,7,21,9076d7d25ddd,8911af1e70d8,p2,1,0,True
rrc-maryland-7k-edison,7,22,ec8aaf6a1ca5,1a53eaf6e3d8,p1,1,0,True
rrc-maryland-7k-edison,7,23,67a9d29c7260,1d4be8a451d0,p2,1,0,True
rrc-maryland-7k-edison,7,24,b88b9b46fed9,0bb063dbc2b1,p2,1,0,True
rrc-maryland-7k-edison,7,25,fa54bc00102c,b70fc9eca706,p2,1,0,True
rrc-maryland-7k-edison,7,26,3341bfa286fe,427af8578345,p1,1,0,True
rrc-maryland-7k-edison,7,27,61569ea19ded,25f49dfbbe39,p1,1,0,True
rrc-maryland-7k-edison,7,28,5410aa10e1ee,96939801a029,p1,1,0,True
rrc-maryland-7k-edison,7,29,3961d3cc89b9,7f17ec52aed4,p2,1,0,True
rrc-maryland-7k-edison,7,30,e9e3da847dec,66ad22b4981a,draw,,,True
rrc-maryland-7k-edison,7,31,c91309a5e309,acd68261534b,p2,1,0,True
rrc-maryland-7k-edison,7,32,55436152ef2e,017165a95039,draw,,,True
rrc-maryland-7k-edison,7,33,b021647b2dbb,f24705c3f6e2,p1,1,0,True
rrc-maryland-7k-edison,7,34,752a4747c897,dfb590d7822b,p1,1,0,True
rrc-maryland-7k-edison,7,35,446dfdff5e10,95398e45beb1,p1,1,0,True
rrc-maryland-7k-edison,7,36,97ba097dfac1,00b995cc2122,p1,1,0,True
rrc-maryland-7k-edison,7,37,08290dc35d0a,ce33abbb4cf3,p1,1,0,True
rrc-maryland-7k-edison,7,38,9df587203aa4,c052d0b8c12b,draw,,,True
rrc-maryland-7k-edison,7,39,c30ceb622722,1bf63d3ce094,p1,1,0,True
rrc-maryland-7k-edison,7,40,ce6e27e7f64e,ccba6b43a764,draw,,,True
rrc-maryland-7k-edison,7,41,df0228ae0bbb,4dd25707c788,draw,,,True
rrc-maryland-7k-edison,7,42,f3c04b5fa6c9,d0494701f975,p1,1,0,True
rrc-maryland-7k-edison,8,1,0522f7ee037a,dc75631e63db,p2,1,0,True
rrc-maryland-7k-edison,8,2,2fda660ddd45,9bd68ce4b3dc,p2,1,0,True
rrc-maryland-7k-edison,8,3,ba44726a2396,1e2319b14e17,p2,1,0,True
rrc-maryland-7k-edison,8,4,541f1487ac43,910c90df211c,p2,1,0,True
rrc-maryland-7k-edison,8,5,ab5ca9e1a1bd,3fce6023477d,p1,1,0,True
rrc-maryland-7k-edison,8,6,011f8f5d3c1c,ec8aaf6a1ca5,p1,1,0,True
rrc-maryland-7k-edison,8,7,0bb063dbc2b1,97811dd90989,p2,1,0,True
rrc-maryland-7k-edison,8,8,df7dd40b358a,391b44b46cda,p1,1,0,False
rrc-maryland-7k-edison,8,9,caf5061e38c7,61569ea19ded,p2,1,0,True
rrc-maryland-7k-edison,8,10,1a07253b9f5f,2d49a7a618d6,p1,1,0,True
rrc-maryland-7k-edison,8,11,41556373bba1,bbc936754bec,p1,1,0,True
rrc-maryland-7k-edison,8,12,8911af1e70d8,5410aa10e1ee,p1,1,0,True
rrc-maryland-7k-edison,8,13,ad6d6571ffdd,3b5352073dee,p2,1,0,True
rrc-maryland-7k-edison,8,14,3341bfa286fe,605c96e72366,p1,1,0,True
rrc-maryland-7k-edison,8,15,957a065e6b82,0fb50581d939,p1,1,0,True
rrc-maryland-7k-edison,8,16,09d5586e38d3,7f17ec52aed4,p2,1,0,True
rrc-maryland-7k-edison,8,17,765a5db74b00,5e3532105fa6,p1,1,0,True
rrc-maryland-7k-edison,8,18,2484b586c479,b70fc9eca706,p1,1,0,True
rrc-maryland-7k-edison,8,19,1d4be8a451d0,e41c198811fc,p2,1,0,True
rrc-maryland-7k-edison,8,20,752a4747c897,97ba097dfac1,draw,,,True
rrc-maryland-7k-edison,8,21,acd68261534b,8fad7d2a23a1,draw,,,True
rrc-maryland-7k-edison,8,22,3961d3cc89b9,67a9d29c7260,draw,,,True
rrc-maryland-7k-edison,8,23,ba70149d4174,d5e05d069729,p1,1,0,False
rrc-maryland-7k-edison,8,24,b021647b2dbb,0090c09ac210,p1,1,0,True
rrc-maryland-7k-edison,8,25,1a53eaf6e3d8,7028cd6b06c9,p2,1,0,True
rrc-maryland-7k-edison,8,26,96939801a029,9076d7d25ddd,p1,1,0,True
rrc-maryland-7k-edison,8,27,25f49dfbbe39,1e2ce60f4a97,p1,1,0,True
rrc-maryland-7k-edison,8,28,446dfdff5e10,822f72d6ecb6,p1,1,0,True
rrc-maryland-7k-edison,8,29,08290dc35d0a,c91309a5e309,draw,,,True
rrc-maryland-7k-edison,8,30,8ee556f859a5,f3c04b5fa6c9,draw,,,True
rrc-maryland-7k-edison,Finals,1,541f1487ac43,1a07253b9f5f,p1,1,0,True
rrc-maryland-7k-edison,Top 16,1,ab5ca9e1a1bd,2fda660ddd45,p1,1,0,True
rrc-maryland-7k-edison,Top 16,2,df7dd40b358a,541f1487ac43,p2,1,0,False
rrc-maryland-7k-edison,Top 16,3,910c90df211c,ba44726a2396,p2,1,0,True
rrc-maryland-7k-edison,Top 16,4,1e2319b14e17,2484b586c479,p2,1,0,True
rrc-maryland-7k-edison,Top 16,5,0522f7ee037a,765a5db74b00,p1,1,0,True
rrc-maryland-7k-edison,Top 16,6,9bd68ce4b3dc,957a065e6b82,p2,1,0,True
rrc-maryland-7k-edison,Top 16,7,011f8f5d3c1c,1a07253b9f5f,p2,1,0,True
rrc-maryland-7k-edison,Top 16,8,dc75631e63db,3b5352073dee,p1,1,0,True
rrc-maryland-7k-edison,Top 4,1,541f1487ac43,2484b586c479,p1,1,0,True
rrc-maryland-7k-edison,Top 4,2,1a07253b9f5f,957a065e6b82,p1,1,0,True
rrc-maryland-7k-edison,Top 8,1,ab5ca9e1a1bd,541f1487ac43,p2,1,0,True
rrc-maryland-7k-edison,Top 8,2,ba44726a2396,2484b586c479,p2,1,0,True
rrc-maryland-7k-edison,Top 8,3,957a065e6b82,0522f7ee037a,p1,1,0,True
rrc-maryland-7k-edison,Top 8,4,dc75631e63db,1a07253b9f5f,p2,1,0,True
edison-serbia-8,1,1,555316e22a46,fd1d1fb02d0e,p1,2,0,False
edison-serbia-8,1,2,de8fcbe321fa,99a163eedd01,p1,2,0,False
edison-serbia-8,1,3,93121526b588,7fea2156a5c4,p2,2,1,False
edison-serbia-8,1,4,074a44c7e876,aec2277ada32,p2,2,0,False
edison-serbia-8,1,5,3291dd488bbc,9e3c5bdaf497,p1,2,0,False
edison-serbia-8,1,6,015bf45ae95c,3df76aa2d9d9,p1,2,0,False
edison-serbia-8,1,7,508b8a78656d,691a215f9640,p1,2,0,False
edison-serbia-8,1,8,80cb891ea850,72afa674cded,p1,2,1,False
edison-serbia-8,1,9,4c70afdb8852,439d287a7de0,p2,2,0,False
edison-serbia-8,1,10,7876e0489e0f,0296c419a76f,p1,2,0,False
edison-serbia-8,1,11,aa6d58ed8175,9076c0ff4542,p2,2,1,False
edison-serbia-8,1,12,dc41eb7d13f3,ef5b80b340fa,p1,2,0,False
edison-serbia-8,1,13,aaa63fe69007,a247aa1e8884,p1,2,1,False
edison-serbia-8,1,14,83bbb26bfe1a,f09ec4aedba5,p2,2,1,False
edison-serbia-8,1,15,9852f57609e9,eb39a13b2724,p2,2,1,False
edison-serbia-8,2,1,eb39a13b2724,508b8a78656d,p2,2,1,False
edison-serbia-8,2,2,439d287a7de0,aec2277ada32,p2,2,0,False
edison-serbia-8,2,3,de8fcbe321fa,7876e0489e0f,p1,2,1,False
edison-serbia-8,2,4,dc41eb7d13f3,015bf45ae95c,p2,2,1,False
edison-serbia-8,2,5,9076c0ff4542,e9234cf52a34,p1,2,1,False
edison-serbia-8,2,6,7fea2156a5c4,555316e22a46,p1,2,0,False
edison-serbia-8,2,7,80cb891ea850,f09ec4aedba5,p1,2,1,False
edison-serbia-8,2,8,aaa63fe69007,3291dd488bbc,p2,2,0,False
edison-serbia-8,2,9,93121526b588,99a163eedd01,p2,2,1,False
edison-serbia-8,2,10,aa6d58ed8175,83bbb26bfe1a,p1,2,0,False
edison-serbia-8,2,11,fd1d1fb02d0e,3df76aa2d9d9,p1,2,0,False
edison-serbia-8,2,12,72afa674cded,074a44c7e876,p2,2,0,False
edison-serbia-8,2,13,a247aa1e8884,9852f57609e9,p2,2,1,False
edison-serbia-8,2,14,9e3c5bdaf497,0296c419a76f,p2,2,0,False
edison-serbia-8,2,15,4c70afdb8852,691a215f9640,p1,2,0,False
edison-serbia-8,3,1,508b8a78656d,015bf45ae95c,p2,2,1,False
edison-serbia-8,3,2,9076c0ff4542,80cb891ea850,p2,2,1,False
edison-serbia-8,3,3,aec2277ada32,3291dd488bbc,p1,2,1,False
edison-serbia-8,3,4,de8fcbe321fa,7fea2156a5c4,p2,2,1,False
edison-serbia-8,3,5,aaa63fe69007,eb39a13b2724,p2,2,1,False
edison-serbia-8,3,6,e9234cf52a34,555316e22a46,p2,2,0,False
edison-serbia-8,3,7,f09ec4aedba5,ef5b80b340fa,p1,2,0,False
edison-serbia-8,3,8,dc41eb7d13f3,aa6d58ed8175,p2,2,1,False
edison-serbia-8,3,9,4c70afdb8852,074a44c7e876,p2,2,0,False
edison-serbia-8,3,10,fd1d1fb02d0e,9852f57609e9,p1,2,0,False
edison-serbia-8,3,11,439d287a7de0,7876e0489e0f,p1,2,1,False
edison-serbia-8,3,12,99a163eedd01,0296c419a76f,p2,2,1,False
edison-serbia-8,3,13,83bbb26bfe1a,3df76aa2d9d9,p1,2,0,False
edison-serbia-8,3,14,93121526b588,691a215f9640,p1,2,0,False
edison-serbia-8,3,15,72afa674cded,9e3c5bdaf497,p1,2,1,False
edison-serbia-8,4,1,7fea2156a5c4,015bf45ae95c,p1,2,1,False
edison-serbia-8,4,2,80cb891ea850,aec2277ada32,p2,2,0,False
edison-serbia-8,4,3,439d287a7de0,074a44c7e876,p1,2,0,False
edison-serbia-8,4,4,508b8a78656d,aa6d58ed8175,p2,2,0,False
edison-serbia-8,4,5,555316e22a46,3291dd488bbc,p2,2,0,False
edison-serbia-8,4,6,0296c419a76f,de8fcbe321fa,p2,2,0,False
edison-serbia-8,4,7,f09ec4aedba5,9076c0ff4542,p2,2,0,False
edison-serbia-8,4,8,eb39a13b2724,fd1d1fb02d0e,p2,2,0,False
edison-serbia-8,4,9,a247aa1e8884,4c70afdb8852,p1,2,0,False
edison-serbia-8,4,10,dc41eb7d13f3,aaa63fe69007,p1,2,0,False
edison-serbia-8,4,11,99a163eedd01,83bbb26bfe1a,p2,2,1,False
edison-serbia-8,4,12,93121526b588,e9234cf52a34,p1,2,1,False
edison-serbia-8,4,13,7876e0489e0f,72afa674cded,p1,2,0,False
edison-serbia-8,4,14,9852f57609e9,ef5b80b340fa,p2,2,1,False
edison-serbia-8,4,15,3df76aa2d9d9,691a215f9640,p2,2,0,False
edison-serbia-8,5,1,7fea2156a5c4,aec2277ada32,p1,2,1,False
edison-serbia-8,5,2,439d287a7de0,de8fcbe321fa,p2,2,1,False
edison-serbia-8,5,3,9076c0ff4542,fd1d1fb02d0e,p1,2,0,False
edison-serbia-8,5,4,aa6d58ed8175,80cb891ea850,p2,2,1,False
edison-serbia-8,5,5,015bf45ae95c,3291dd488bbc,p1,2,1,False
edison-serbia-8,5,6,f09ec4aedba5,555316e22a46,p1,2,1,False
edison-serbia-8,5,7,83bbb26bfe1a,dc41eb7d13f3,p2,2,1,False
edison-serbia-8,5,8,0296c419a76f,ef5b80b340fa,p1,2,0,False
edison-serbia-8,5,9,7876e0489e0f,508b8a78656d,p1,2,0,False
edison-serbia-8,5,10,074a44c7e876,eb39a13b2724,p1,2,0,False
edison-serbia-8,5,11,a247aa1e8884,93121526b588,p1,2,0,False
edison-serbia-8,5,12,9e3c5bdaf497,99a163eedd01,p1,2,1,False
edison-serbia-8,5,13,9852f57609e9,72afa674cded,p2,2,0,False
edison-serbia-8,5,14,4c70afdb8852,e9234cf52a34,p1,2,0,False
edison-serbia-8,Finals,1,de8fcbe321fa,9076c0ff4542,p2,2,1,False
edison-serbia-8,Top 4,1,7fea2156a5c4,de8fcbe321fa,p2,2,1,False
edison-serbia-8,Top 4,2,439d287a7de0,9076c0ff4542,p2,2,1,False
edison-serbia-8,Top 8,1,7fea2156a5c4,aa6d58ed8175,p1,2,0,False
edison-serbia-8,Top 8,2,de8fcbe321fa,015bf45ae95c,p1,2,0,False
edison-serbia-8,Top 8,3,80cb891ea850,9076c0ff4542,p2,2,1,False
edison-serbia-8,Top 8,4,aec2277ada32,439d287a7de0,p2,2,1,False
edison-locals-19,1,1,0b0e9f275c1f,2da8de829966,p1,2,1,False
edison-locals-19,1,2,906b825905ad,69d3e00878ed,p2,2,1,False
edison-locals-19,1,3,1878d6cb3e7c,6fc913d51d98,p2,2,0,False
edison-locals-19,1,4,47ddbb220e92,6e1f0719c5d0,p1,2,0,False
edison-locals-19,1,5,27da43677430,be2f9b4f46b2,p1,2,1,False
edison-locals-19,1,6,9040b8b92134,8dfb26fdaad4,p1,2,1,False
edison-locals-19,1,7,025b71a66261,8883c67b7383,p1,2,0,False
edison-locals-19,1,8,0a72ad698f9b,fae4279981b0,p1,2,0,False
edison-locals-19,1,9,c73766c3a1b5,9f34671a13f2,p2,2,0,False
edison-locals-19,1,10,1ba99f02ad4e,0beafbe0b94d,p1,2,1,False
edison-locals-19,2,1,9f34671a13f2,69d3e00878ed,p1,2,1,False
edison-locals-19,2,2,6fc913d51d98,0b0e9f275c1f,p2,2,0,False
edison-locals-19,2,3,0a72ad698f9b,1ba99f02ad4e,p1,2,1,False
edison-locals-19,2,4,47ddbb220e92,9040b8b92134,p1,2,0,False
edison-locals-19,2,5,025b71a66261,27da43677430,p2,2,0,False
edison-locals-19,2,6,6e1f0719c5d0,fae4279981b0,p1,2,0,False
edison-locals-19,2,7,1878d6cb3e7c,c73766c3a1b5,p2,2,0,False
edison-locals-19,2,8,2da8de829966,8883c67b7383,p2,2,1,False
edison-locals-19,2,9,be2f9b4f46b2,0beafbe0b94d,p1,2,1,False
edison-locals-19,2,10,8dfb26fdaad4,906b825905ad,p1,2,1,False
edison-locals-19,3,1,0a72ad698f9b,0b0e9f275c1f,p1,2,1,False
edison-locals-19,3,2,27da43677430,47ddbb220e92,p1,2,0,False
edison-locals-19,3,3,9f34671a13f2,9040b8b92134,p2,2,1,False
edison-locals-19,3,4,69d3e00878ed,1ba99f02ad4e,p1,2,1,False
edison-locals-19,3,5,be2f9b4f46b2,6e1f0719c5d0,p1,2,1,False
edison-locals-19,3,6,025b71a66261,6fc913d51d98,p2,2,0,False
edison-locals-19,3,7,c73766c3a1b5,8883c67b7383,p1,2,0,False
edison-locals-19,3,8,8dfb26fdaad4,fae4279981b0,p1,2,0,False
edison-locals-19,3,9,906b825905ad,1878d6cb3e7c,p2,2,1,False
edison-locals-19,3,10,0beafbe0b94d,2da8de829966,p1,2,1,False
edison-locals-19,4,1,0a72ad698f9b,27da43677430,p1,2,1,False
edison-locals-19,4,2,8dfb26fdaad4,c73766c3a1b5,p1,2,0,False
edison-locals-19,4,3,be2f9b4f46b2,6fc913d51d98,p1,2,1,False
edison-locals-19,4,4,47ddbb220e92,69d3e00878ed,p1,2,1,False
edison-locals-19,4,5,9f34671a13f2,0b0e9f275c1f,p1,2,1,False
edison-locals-19,4,6,9040b8b92134,6e1f0719c5d0,p1,2,0,False
edison-locals-19,4,7,1ba99f02ad4e,025b71a66261,p1,2,1,False
edison-locals-19,4,8,1878d6cb3e7c,8883c67b7383,p1,2,0,False
edison-locals-19,4,9,0beafbe0b94d,fae4279981b0,p1,2,0,False
edison-locals-19,4,10,2da8de829966,906b825905ad,p2,2,0,False
poyo-monthly-5,1,1,7f15a76b7061,3d4bd7052415,p2,2,0,False
poyo-monthly-5,1,2,104ed1396046,5a92e077d22d,p1,2,0,False
poyo-monthly-5,1,3,35f9379205a2,e82d7d02189d,p2,2,1,False
poyo-monthly-5,2,1,104ed1396046,e82d7d02189d,p2,2,1,False
poyo-monthly-5,2,2,6b20d6889c27,3d4bd7052415,p2,2,0,False
poyo-monthly-5,2,3,5a92e077d22d,7f15a76b7061,p1,2,0,False
poyo-monthly-5,3,1,3d4bd7052415,e82d7d02189d,p2,2,0,False
poyo-monthly-5,3,2,5a92e077d22d,6b20d6889c27,p2,2,1,False
poyo-monthly-5,3,3,35f9379205a2,104ed1396046,p2,2,0,False
poyo-weekly-12,1,1,104ed1396046,6b20d6889c27,p2,2,1,False
poyo-weekly-12,1,2,35f9379205a2,e82d7d02189d,p2,2,0,False
poyo-weekly-12,2,1,7f15a76b7061,e82d7d02189d,p2,2,0,False
poyo-weekly-12,2,2,6b20d6889c27,35f9379205a2,p2,2,1,False
poyo-weekly-12,3,1,e82d7d02189d,104ed1396046,p2,2,0,False
poyo-weekly-12,3,2,6b20d6889c27,7f15a76b7061,p1,2,1,False
testsdd,1,1,058687e93d88,cad6a09d144d,p1,2,0,False
testsdd,1,2,4cf9b950d07d,a76a295ed0ac,p2,2,1,False
testsdd,1,3,840004083269,638d13f9c89d,p2,2,0,False
testsdd,2,1,638d13f9c89d,a76a295ed0ac,p2,2,0,False
testsdd,2,2,058687e93d88,840004083269,p1,2,0,False
testsdd,2,3,4cf9b950d07d,cad6a09d144d,p1,2,0,False
testsdd,Finals,1,a76a295ed0ac,058687e93d88,p1,2,1,False
testsdd,Top 4,1,a76a295ed0ac,638d13f9c89d,p1,2,0,False
testsdd,Top 4,2,058687e93d88,4cf9b950d07d,p1,2,1,False
the-geekerys-yu-gi-oh-edison-tournament-531,1,1,82637d11e8d2,80f86e68928d,p2,2,1,False
the-geekerys-yu-gi-oh-edison-tournament-531,1,2,a7208003c2e5,40d7d4a3b81b,p2,2,0,False
the-geekerys-yu-gi-oh-edison-tournament-531,1,3,613573da4af0,1bac6085193c,p1,2,1,False
the-geekerys-yu-gi-oh-edison-tournament-531,1,4,e672f8a2f2a3,e2464254f15d,p2,2,0,False
the-geekerys-yu-gi-oh-edison-tournament-531,2,1,80f86e68928d,40d7d4a3b81b,p2,2,1,False
the-geekerys-yu-gi-oh-edison-tournament-531,2,2,bd4c86a18c59,e2464254f15d,p2,2,0,False
the-geekerys-yu-gi-oh-edison-tournament-531,2,3,613573da4af0,a7208003c2e5,p1,2,0,False
the-geekerys-yu-gi-oh-edison-tournament-531,2,4,1bac6085193c,e672f8a2f2a3,p2,2,0,False
the-geekerys-yu-gi-oh-edison-tournament-531,3,1,40d7d4a3b81b,613573da4af0,p1,2,1,False
the-geekerys-yu-gi-oh-edison-tournament-531,3,2,e2464254f15d,82637d11e8d2,p2,2,1,False
the-geekerys-yu-gi-oh-edison-tournament-531,3,3,bd4c86a18c59,e672f8a2f2a3,p2,2,1,False
the-geekerys-yu-gi-oh-edison-tournament-531,3,4,80f86e68928d,a7208003c2e5,p2,2,0,False
yugioh-monthly-1,1,1,90f95142f37a,feee9cfda4a4,p1,2,0,False
yugioh-monthly-1,1,2,1b47c6bb4c1b,97e977592443,p2,2,0,False
yugioh-monthly-1,1,3,e7a8166882a5,d6c0e2b510e8,p2,2,0,False
yugioh-monthly-1,1,4,ab6bcd78b9b0,8f0519cc91f9,p1,2,0,False
yugioh-monthly-1,2,1,ab6bcd78b9b0,30720b28dd5b,p1,2,0,False
yugioh-monthly-1,2,2,d6c0e2b510e8,97e977592443,p1,2,1,False
yugioh-monthly-1,2,3,90f95142f37a,1b47c6bb4c1b,p2,2,1,False
yugioh-monthly-1,2,4,8f0519cc91f9,e7a8166882a5,p1,2,0,False
yugioh-monthly-1,3,1,ab6bcd78b9b0,d6c0e2b510e8,p2,2,1,False
yugioh-monthly-1,3,2,97e977592443,30720b28dd5b,p1,2,1,False
yugioh-monthly-1,3,3,90f95142f37a,8f0519cc91f9,p2,2,0,False
yugioh-monthly-1,3,4,feee9cfda4a4,1b47c6bb4c1b,p2,2,0,False
wolfdog-edison-weekly-copy-1,1,1,4fc65517e5ff,fa4d9b733dd6,p2,2,0,False
wolfdog-edison-weekly-copy-1,1,2,90dfdccdf7d6,77c515f029af,p1,2,0,False
wolfdog-edison-weekly-copy-1,1,3,70f0a6d87d63,b3752735e4f1,p1,2,0,False
wolfdog-edison-weekly-copy-1,2,1,70f0a6d87d63,fa4d9b733dd6,p1,2,0,False
wolfdog-edison-weekly-copy-1,2,2,90dfdccdf7d6,4fc65517e5ff,p2,2,0,False
wolfdog-edison-weekly-copy-1,2,3,77c515f029af,b3752735e4f1,p2,2,0,False
wolfdog-edison-weekly-copy-1,3,1,70f0a6d87d63,90dfdccdf7d6,p2,2,0,False
wolfdog-edison-weekly-copy-1,3,2,b3752735e4f1,fa4d9b733dd6,p2,2,0,False
wolfdog-edison-weekly-copy-1,3,3,4fc65517e5ff,77c515f029af,p2,2,0,False
edison-locals-late-start-for-sket,1,1,35b87827fc56,27da43677430,p2,2,0,False
edison-locals-late-start-for-sket,1,2,0a72ad698f9b,32cfad51304e,p1,2,1,False
edison-locals-late-start-for-sket,1,3,be2f9b4f46b2,7c69072ad0cb,p1,2,1,False
edison-locals-late-start-for-sket,1,4,6e1f0719c5d0,a3fb318078a3,p2,2,1,False
edison-locals-late-start-for-sket,1,5,3122bed3c204,bbda2758e1e2,p2,2,0,False
edison-locals-late-start-for-sket,1,6,1ba99f02ad4e,2da8de829966,p1,2,1,False
edison-locals-late-start-for-sket,1,7,906b825905ad,1878d6cb3e7c,p1,2,1,False
edison-locals-late-start-for-sket,1,8,0b0e9f275c1f,8883c67b7383,p2,2,1,False
edison-locals-late-start-for-sket,2,1,8883c67b7383,a3fb318078a3,p2,2,1,False
edison-locals-late-start-for-sket,2,2,be2f9b4f46b2,906b825905ad,p1,2,1,False
edison-locals-late-start-for-sket,2,3,bbda2758e1e2,0a72ad698f9b,p1,2,1,False
edison-locals-late-start-for-sket,2,4,27da43677430,1ba99f02ad4e,p1,2,0,False
edison-locals-late-start-for-sket,2,5,0b0e9f275c1f,6e1f0719c5d0,p1,2,1,False
edison-locals-late-start-for-sket,2,6,35b87827fc56,7c69072ad0cb,p1,2,0,False
edison-locals-late-start-for-sket,2,7,32cfad51304e,3122bed3c204,p1,2,1,False
edison-locals-late-start-for-sket,2,8,2da8de829966,1878d6cb3e7c,p2,2,0,False
edison-locals-late-start-for-sket,3,1,bbda2758e1e2,a3fb318078a3,p2,2,0,False
edison-locals-late-start-for-sket,3,2,be2f9b4f46b2,27da43677430,p2,2,1,False
edison-locals-late-start-for-sket,3,3,906b825905ad,32cfad51304e,p1,2,0,False
edison-locals-late-start-for-sket,3,4,1ba99f02ad4e,1878d6cb3e7c,p1,2,1,False
edison-locals-late-start-for-sket,3,5,0a72ad698f9b,0b0e9f275c1f,p2,2,1,False
edison-locals-late-start-for-sket,3,6,35b87827fc56,8883c67b7383,p2,2,0,False
edison-locals-late-start-for-sket,3,7,6e1f0719c5d0,2da8de829966,p2,2,1,False
edison-locals-late-start-for-sket,4,1,a3fb318078a3,27da43677430,p1,2,0,False
edison-locals-late-start-for-sket,4,2,0b0e9f275c1f,1ba99f02ad4e,p1,2,0,False
edison-locals-late-start-for-sket,4,3,8883c67b7383,be2f9b4f46b2,p2,2,1,False
edison-locals-late-start-for-sket,4,4,bbda2758e1e2,906b825905ad,p1,2,0,False
edison-locals-late-start-for-sket,4,5,0a72ad698f9b,1878d6cb3e7c,p2,2,0,False
edison-locals-late-start-for-sket,4,6,32cfad51304e,2da8de829966,p2,2,1,False
edison-locals-late-start-for-sket,4,7,35b87827fc56,6e1f0719c5d0,p1,2,0,False
poyo-monthly-4,1,1,8712b3365d85,104ed1396046,p2,2,0,False
poyo-monthly-4,1,2,35f9379205a2,6b20d6889c27,p2,2,0,False
poyo-monthly-4,1,3,9ae145ec9fc5,5a92e077d22d,p2,2,1,False
poyo-monthly-4,1,4,9da56f40a898,e36ee64542d7,p2,2,1,False
poyo-monthly-4,1,5,47b78e1e3dfa,7f15a76b7061,p1,2,1,False
poyo-monthly-4,2,1,104ed1396046,47b78e1e3dfa,p1,2,0,False
poyo-monthly-4,2,2,6b20d6889c27,e36ee64542d7,p1,2,0,False
poyo-monthly-4,2,3,5a92e077d22d,7f15a76b7061,p1,2,1,False
poyo-monthly-4,2,4,35f9379205a2,9ae145ec9fc5,p2,2,0,False
poyo-monthly-4,2,5,9da56f40a898,8712b3365d85,p2,2,0,False
poyo-monthly-4,3,1,6b20d6889c27,5a92e077d22d,p2,2,1,False
poyo-monthly-4,3,2,104ed1396046,9ae145ec9fc5,p1,2,0,False
poyo-monthly-4,3,3,47b78e1e3dfa,8712b3365d85,p1,2,1,False
poyo-monthly-4,3,4,e36ee64542d7,35f9379205a2,p2,2,0,False
poyo-monthly-4,3,5,7f15a76b7061,9da56f40a898,p2,2,1,False
poyo-monthly-4,4,1,5a92e077d22d,104ed1396046,p1,2,1,False
poyo-monthly-4,4,2,6b20d6889c27,47b78e1e3dfa,p1,2,0,False
poyo-monthly-4,4,3,35f9379205a2,9da56f40a898,p2,2,1,False
poyo-monthly-4,4,4,9ae145ec9fc5,e36ee64542d7,p1,2,1,False
poyo-monthly-4,4,5,8712b3365d85,7f15a76b7061,p1,2,0,False
poyo-monthly-4,Finals,1,9ae145ec9fc5,6b20d6889c27,p2,2,1,False
poyo-monthly-4,Top 4,1,5a92e077d22d,9ae145ec9fc5,p2,2,1,False
poyo-monthly-4,Top 4,2,104ed1396046,6b20d6889c27,p2,2,1,False
the-geekerys-yu-gi-oh-edison-tournament-524,1,1,3526cf268086,a123073d3bca,p2,2,0,False
the-geekerys-yu-gi-oh-edison-tournament-524,1,2,a1c00a538d6b,4056286b68d4,p2,2,0,False
the-geekerys-yu-gi-oh-edison-tournament-524,1,3,7f2b94160241,d0f02ae36d2d,p1,2,1,False
the-geekerys-yu-gi-oh-edison-tournament-524,1,4,5ff642bde8a7,794ccf1cda53,p1,2,1,False
the-geekerys-yu-gi-oh-edison-tournament-524,1,5,97e1cfffd432,b7924d0a4ae7,p1,2,0,False
the-geekerys-yu-gi-oh-edison-tournament-524,2,1,7f2b94160241,4056286b68d4,p1,2,1,False
the-geekerys-yu-gi-oh-edison-tournament-524,2,2,5ff642bde8a7,a123073d3bca,p2,2,1,False
the-geekerys-yu-gi-oh-edison-tournament-524,2,3,97e1cfffd432,d0f02ae36d2d,p1,2,1,False
the-geekerys-yu-gi-oh-edison-tournament-524,2,4,b7924d0a4ae7,3526cf268086,p2,2,0,False
the-geekerys-yu-gi-oh-edison-tournament-524,2,5,a1c00a538d6b,794ccf1cda53,p1,2,0,False
the-geekerys-yu-gi-oh-edison-tournament-524,3,1,a123073d3bca,7f2b94160241,p2,2,0,False
the-geekerys-yu-gi-oh-edison-tournament-524,3,2,97e1cfffd432,4056286b68d4,p2,2,1,False
the-geekerys-yu-gi-oh-edison-tournament-524,3,3,3526cf268086,5ff642bde8a7,p2,2,0,False
the-geekerys-yu-gi-oh-edison-tournament-524,3,4,a1c00a538d6b,b7924d0a4ae7,p1,2,1,False
the-geekerys-yu-gi-oh-edison-tournament-524,3,5,794ccf1cda53,d0f02ae36d2d,p2,2,0,False
the-geekerys-yu-gi-oh-edison-tournament-524,4,1,7f2b94160241,97e1cfffd432,p2,2,0,False
the-geekerys-yu-gi-oh-edison-tournament-524,4,2,a123073d3bca,a1c00a538d6b,p1,2,1,False
the-geekerys-yu-gi-oh-edison-tournament-524,4,3,5ff642bde8a7,4056286b68d4,p2,2,1,False
the-geekerys-yu-gi-oh-edison-tournament-524,4,4,d0f02ae36d2d,b7924d0a4ae7,p1,2,1,False
poyo-weekly-11,1,1,104ed1396046,9da56f40a898,p2,2,1,False
poyo-weekly-11,1,2,6b20d6889c27,8712b3365d85,p2,2,0,False
poyo-weekly-11,1,3,35f9379205a2,9ae145ec9fc5,p2,2,1,False
poyo-weekly-11,2,1,9ae145ec9fc5,8712b3365d85,p2,2,0,False
poyo-weekly-11,2,2,9da56f40a898,35f9379205a2,p2,2,0,False
poyo-weekly-11,2,3,104ed1396046,6b20d6889c27,p1,2,1,False
poyo-weekly-11,3,1,8712b3365d85,35f9379205a2,p1,2,0,False
poyo-weekly-11,3,2,9da56f40a898,6b20d6889c27,p1,2,0,False
poyo-weekly-11,3,3,9ae145ec9fc5,104ed1396046,p2,2,1,False
edison-locals-17,1,1,d3009b737c13,47ddbb220e92,p2,2,0,False
edison-locals-17,1,2,3122bed3c204,1ba99f02ad4e,p1,2,0,False
edison-locals-17,1,3,35b87827fc56,8dfb26fdaad4,p2,2,1,False
edison-locals-17,1,4,6fc913d51d98,be2f9b4f46b2,p2,2,1,False
edison-locals-17,1,5,0a72ad698f9b,0beafbe0b94d,p1,2,1,False
edison-locals-17,1,6,906b825905ad,f7e42b2639ee,p1,2,0,False
edison-locals-17,1,7,c73766c3a1b5,9f34671a13f2,p2,2,1,False
edison-locals-17,2,1,be2f9b4f46b2,906b825905ad,p1,2,0,False
edison-locals-17,2,2,9f34671a13f2,47ddbb220e92,p2,2,0,False
edison-locals-17,2,3,3122bed3c204,8dfb26fdaad4,p2,2,1,False
edison-locals-17,2,4,0a72ad698f9b,35b87827fc56,p2,2,0,False
edison-locals-17,2,5,c73766c3a1b5,0beafbe0b94d,p2,2,0,False
edison-locals-17,2,6,1ba99f02ad4e,d3009b737c13,p1,2,0,False
edison-locals-17,2,7,6fc913d51d98,f7e42b2639ee,p1,2,0,False
edison-locals-17,3,1,47ddbb220e92,8dfb26fdaad4,p1,2,0,False
edison-locals-17,3,2,be2f9b4f46b2,9f34671a13f2,p1,2,1,False
edison-locals-17,3,3,1ba99f02ad4e,0beafbe0b94d,p2,2,0,False
edison-locals-17,3,4,35b87827fc56,6fc913d51d98,p2,2,0,False
edison-locals-17,3,5,906b825905ad,18d1c4693970,p1,2,0,False
edison-locals-17,3,6,0a72ad698f9b,3122bed3c204,p1,2,0,False
edison-locals-17,3,7,c73766c3a1b5,d3009b737c13,p2,2,0,False
edison-locals-17,4,1,be2f9b4f46b2,47ddbb220e92,p1,2,1,False
edison-locals-17,4,2,8dfb26fdaad4,0a72ad698f9b,p1,2,1,False
edison-locals-17,4,3,906b825905ad,0beafbe0b94d,p1,2,1,False
edison-locals-17,4,4,6fc913d51d98,3122bed3c204,p1,2,0,False
edison-locals-17,4,5,d3009b737c13,9f34671a13f2,p2,2,0,False
edison-locals-17,4,6,18d1c4693970,35b87827fc56,p1,2,0,False
yu-gi-oh-weekly-play-1,1,1,ea7963936918,7cabbaf07080,p1,2,1,False
yu-gi-oh-weekly-play-1,1,2,80be6fdf11cc,c612c868c245,p1,2,1,False
yu-gi-oh-weekly-play-1,2,1,72f589e08819,80be6fdf11cc,p1,2,1,False
yu-gi-oh-weekly-play-1,2,2,ea7963936918,c612c868c245,p1,2,1,False
yu-gi-oh-weekly-play-1,3,1,72f589e08819,ea7963936918,p2,2,0,False
yu-gi-oh-weekly-play-1,3,2,7cabbaf07080,80be6fdf11cc,p1,2,0,False
rrc-detroit-side-event-12-edison,Top 8,1,68421e1384ee,1fa34549c973,draw,,,False
rrc-detroit-side-event-12-edison,Top 8,2,c8c10573f290,13b532d0b022,draw,,,False
rrc-detroit-side-event-12-edison,Top 8,3,b366ace21c0c,a8217ecceee0,draw,,,False
rrc-detroit-side-event-12-edison,Top 8,4,bf2c8352d307,bdf00ee270fd,draw,,,False
retro-reborn-circuit-day-1-detroit-edison,1,1,46699cff5d45,b3170d33631f,p2,1,0,True
retro-reborn-circuit-day-1-detroit-edison,1,2,f0523278867b,a7f490e14421,p1,1,0,True
retro-reborn-circuit-day-1-detroit-edison,1,3,f7e22d9a73f9,e9b8fce8266b,p1,1,0,True
retro-reborn-circuit-day-1-detroit-edison,1,4,2cfd37688da5,c7016dfb5074,p2,1,0,True
retro-reborn-circuit-day-1-detroit-edison,1,5,e712e36554b9,c3cf896ac986,p2,1,0,True
retro-reborn-circuit-day-1-detroit-edison,1,6,313fedcedfd1,a2a2b25ae2b7,p2,1,0,True
retro-reborn-circuit-day-1-detroit-edison,1,7,01ab861efff9,c5934167c449,p1,1,0,True
retro-reborn-circuit-day-1-detroit-edison,1,8,7736b6a8cd6a,b7ec2f9ad25f,p2,1,0,True
retro-reborn-circuit-day-1-detroit-edison,1,9,999a505f55c7,a95e6ec5486a,p1,1,0,True
retro-reborn-circuit-day-1-detroit-edison,1,10,7710870ce583,be8fd67163ac,p2,1,0,True
retro-reborn-circuit-day-1-detroit-edison,1,11,f7c621197fcc,ce71f3863e89,p1,1,0,True
retro-reborn-circuit-day-1-detroit-edison,1,12,14109b542b1b,c2ef80f40938,p1,1,0,True
retro-reborn-circuit-day-1-detroit-edison,1,13,0da5a54194b7,d18bbcc28cd3,p1,1,0,True
retro-reborn-circuit-day-1-detroit-edison,1,14,34c4ffbdfbd5,8eb0c5496539,p1,1,0,True
retro-reborn-circuit-day-1-detroit-edison,1,15,9a9c82713593,e53799904a2b,p2,1,0,True
retro-reborn-circuit-day-1-detroit-edison,1,16,997037171f4e,ed615b1d7bcc,p2,1,0,True
retro-reborn-circuit-day-1-detroit-edison,1,17,2dabea69a38d,417d8e106603,p1,1,0,True
retro-reborn-circuit-day-1-detroit-edison,1,18,f0731e8743b6,2a276112b270,p1,1,0,True
retro-reborn-circuit-day-1-detroit-edison,1,19,e0fb45ae39ae,7b8e6c384581,p2,1,0,True
retro-reborn-circuit-day-1-detroit-edison,1,20,c59846d47d8d,62719e683e9e,p2,1,0,True
retro-reborn-circuit-day-1-detroit-edison,1,21,ad497da844e5,321fb3ed5cc6,p1,1,0,True
retro-reborn-circuit-day-1-detroit-edison,1,22,09d5586e38d3,92c828b76816,p1,1,0,True
retro-reborn-circuit-day-1-detroit-edison,1,23,62150461936e,1eabc27b9b7a,p1,1,0,True
retro-reborn-circuit-day-1-detroit-edison,1,24,a8031cb4a0df,628cae788305,p2,1,0,True
retro-reborn-circuit-day-1-detroit-edison,1,25,13b1a0f56e8b,21537c8031e9,p1,1,0,True
retro-reborn-circuit-day-1-detroit-edison,1,26,644d0efe31ad,300fdcd2babf,p2,1,0,True
retro-reborn-circuit-day-1-detroit-edison,1,27,0735be36cad1,70ce0520445f,p1,1,0,True
retro-reborn-circuit-day-1-detroit-edison,1,28,bdfb19aedb11,f832ef67a0c8,p2,1,0,True
retro-reborn-circuit-day-1-detroit-edison,1,29,6fd1797b4060,7d10747e8ddb,p2,1,0,True
retro-reborn-circuit-day-1-detroit-edison,1,30,24466b0fc37c,a9d505df22ad,p2,1,0,True
retro-reborn-circuit-day-1-detroit-edison,1,31,40572ccb7068,3486f1c89b85,p1,1,0,True
retro-reborn-circuit-day-1-detroit-edison,1,32,b0aed811199e,8dee11853e72,p2,1,0,True
retro-reborn-circuit-day-1-detroit-edison,1,33,55e2171f6c2f,f37c8c08061f,p1,1,0,True
retro-reborn-circuit-day-1-detroit-edison,1,34,f37536107ba5,5a2eddcfbebc,p1,1,0,True
retro-reborn-circuit-day-1-detroit-edison,1,35,cce73fd27211,69c76fcde690,p2,1,0,True
retro-reborn-circuit-day-1-detroit-edison,1,36,7879a7c7c29e,b243da9569b1,p2,1,0,True
retro-reborn-circuit-day-1-detroit-edison,1,37,797b482d32a1,b6aa73082550,p2,1,0,True
retro-reborn-circuit-day-1-detroit-edison,1,38,88c454d4a2d2,4e1b3eff496c,p2,1,0,True
retro-reborn-circuit-day-1-detroit-edison,1,39,b911fae8b078,1c7c9cbe213e,p2,1,0,True
retro-reborn-circuit-day-1-detroit-edison,1,40,5c019eb8a80a,a6fdf251161a,p1,1,0,True
retro-reborn-circuit-day-1-detroit-edison,1,41,3420fbce5e2e,53370b893baf,p2,1,0,True
retro-reborn-circuit-day-1-detroit-edison,1,42,231dffad2190,c43eb7fb57fd,p2,1,0,True
retro-reborn-circuit-day-1-detroit-edison,1,43,9e6987241bf3,c272b2ce6aa7,p2,1,0,True
retro-reborn-circuit-day-1-detroit-edison,1,44,5a1fc49e132b,7a6a73ff8198,p1,1,0,True
retro-reborn-circuit-day-1-detroit-edison,1,45,3252dd8cb96b,85e291facd6d,p1,1,0,True
retro-reborn-circuit-day-1-detroit-edison,1,46,adebc005c3e2,5430f01d0b47,p1,1,0,True
retro-reborn-circuit-day-1-detroit-edison,1,47,8b0e1fa29a8c,0153aa54e58f,p2,1,0,True
retro-reborn-circuit-day-1-detroit-edison,1,48,282d8a789859,cf4aa861ac56,p2,1,0,True
retro-reborn-circuit-day-1-detroit-edison,1,49,b1af61d63c9c,740d213bda22,p1,1,0,True
retro-reborn-circuit-day-1-detroit-edison,1,50,4a90fbffaaca,b74e0d5fe5ac,p2,1,0,True
retro-reborn-circuit-day-1-detroit-edison,1,51,2b4d38ed171f,29b386c1c224,p2,1,0,True
retro-reborn-circuit-day-1-detroit-edison,1,52,8eca9747e406,6570bf5c1c57,p2,1,0,True
retro-reborn-circuit-day-1-detroit-edison,1,53,3122bed3c204,caf5061e38c7,p2,1,0,True
retro-reborn-circuit-day-1-detroit-edison,1,54,0b0e9f275c1f,5f3de2bea8d3,p2,1,0,True
retro-reborn-circuit-day-1-detroit-edison,1,55,ef1b05660052,9436226a1fb3,p1,1,0,True
retro-reborn-circuit-day-1-detroit-edison,1,56,5586c4a19af2,2bb3f635c17f,p1,1,0,True
retro-reborn-circuit-day-1-detroit-edison,1,57,d82b6e55979c,4fed865dd939,p1,1,0,True
retro-reborn-circuit-day-1-detroit-edison,1,58,822f72d6ecb6,b6b59a53645f,p1,1,0,True
retro-reborn-circuit-day-1-detroit-edison,1,59,2f2ee18b2b0b,8218345ffd48,p2,1,0,True
retro-reborn-circuit-day-1-detroit-edison,1,60,d64d422f94d9,f771aa0cb275,p1,1,0,True
retro-reborn-circuit-day-1-detroit-edison,1,61,74d5d4d2afd6,4a5556aa6a39,p2,1,0,True
retro-reborn-circuit-day-1-detroit-edison,1,62,4347df037434,23707f92e080,p2,1,0,True
retro-reborn-circuit-day-1-detroit-edison,1,63,15852732052c,a938a78480db,p1,1,0,True
retro-reborn-circuit-day-1-detroit-edison,1,64,d9ea5b016a3e,75716acdc0eb,p2,1,0,True
retro-reborn-circuit-day-1-detroit-edison,1,65,2f845101cf5a,3f7f91c9330a,p1,1,0,True
retro-reborn-circuit-day-1-detroit-edison,1,66,06311cce4f2b,29ac40251979,p2,1,0,True
retro-reborn-circuit-day-1-detroit-edison,1,67,bfac4c66a9a7,060a67d975c1,p1,1,0,True
retro-reborn-circuit-day-1-detroit-edison,1,68,7f17ec52aed4,90e8470369d2,p2,1,0,True
retro-reborn-circuit-day-1-detroit-edison,1,69,cf6787df8866,029114ef5a25,p1,1,0,True
retro-reborn-circuit-day-1-detroit-edison,1,70,e251676d5517,0daba776b59d,p1,1,0,True
retro-reborn-circuit-day-1-detroit-edison,1,71,c12a5513b8ea,1878d6cb3e7c,p1,1,0,True
retro-reborn-circuit-day-1-detroit-edison,1,72,a85318df229d,5ecbaab75254,p2,1,0,True
retro-reborn-circuit-day-1-detroit-edison,1,73,f86deae06222,a9a1dcc61fb5,p1,1,0,True
retro-reborn-circuit-day-1-detroit-edison,1,74,a0e5f6322f21,d3b5ca6fbef5,p2,1,0,True
retro-reborn-circuit-day-1-detroit-edison,1,75,169bb0596470,c7009eff338a,p1,1,0,True
retro-reborn-circuit-day-1-detroit-edison,1,76,6331ec1fc1f8,b0f9bcda655c,p2,1,0,True
retro-reborn-circuit-day-1-detroit-edison,1,77,1988d7d4a7cb,a32b3e43c482,p2,1,0,True
retro-reborn-circuit-day-1-detroit-edison,1,78,ec00c290ab90,2b720ce67282,p2,1,0,True
retro-reborn-circuit-day-1-detroit-edison,1,79,2d49a7a618d6,905caca38629,p2,1,0,True
retro-reborn-circuit-day-1-detroit-edison,1,80,2c9c987756df,8cdccf31a81b,p1,1,0,True
retro-reborn-circuit-day-1-detroit-edison,1,81,0090c09ac210,250c423c6597,p1,1,0,True
retro-reborn-circuit-day-1-detroit-edison,1,82,0c09816754a2,fa8f3e2419ec,p2,1,0,True
retro-reborn-circuit-day-1-detroit-edison,1,83,48a8e01fdcf0,9e8888fec03b,p2,1,0,True
retro-reborn-circuit-day-1-detroit-edison,1,84,f663252e1e61,188880d67ae0,p2,1,0,True
retro-reborn-circuit-day-1-detroit-edison,1,85,879ef8335272,0e55dd697218,p2,1,0,True
retro-reborn-circuit-day-1-detroit-edison,1,86,57c9c736f040,c88a35001125,p2,1,0,True
retro-reborn-circuit-day-1-detroit-edison,1,87,797b14d2a9e2,dd66a2f1b634,p2,1,0,True
retro-reborn-circuit-day-1-detroit-edison,1,88,1d0d66709013,f748d6454ea2,p1,1,0,True
retro-reborn-circuit-day-1-detroit-edison,1,89,27da43677430,dcff02a1a893,p1,1,0,True
retro-reborn-circuit-day-1-detroit-edison,1,90,0696077f858e,ae1be324743e,p2,1,0,True
retro-reborn-circuit-day-1-detroit-edison,1,91,ad0b25cc0d86,ac90a5b36925,p2,1,0,True
retro-reborn-circuit-day-1-detroit-edison,1,92,1a53e1768d86,11186b255a43,p1,1,0,True
retro-reborn-circuit-day-1-detroit-edison,1,93,910c90df211c,69d3e00878ed,p1,1,0,True
retro-reborn-circuit-day-1-detroit-edison,1,94,bc52125ec77f,9585ac32be33,p1,1,0,True
retro-reborn-circuit-day-1-detroit-edison,1,95,2f6df736f488,b09affa72191,p2,1,0,True
retro-reborn-circuit-day-1-detroit-edison,1,96,305dae8df558,9bdecd176f8c,p2,1,0,True
retro-reborn-circuit-day-1-detroit-edison,1,97,9a986d82dfd1,0099c93eb7da,p1,1,0,True
retro-reborn-circuit-day-1-detroit-edison,1,98,a78d520fd074,777201b16a08,p2,1,0,True
retro-reborn-circuit-day-1-detroit-edison,2,1,b243da9569b1,b1af61d63c9c,p1,1,0,True
retro-reborn-circuit-day-1-detroit-edison,2,2,f7c621197fcc,f86deae06222,p2,1,0,True
retro-reborn-circuit-day-1-detroit-edison,2,3,be8fd67163ac,2dabea69a38d,p1,1,0,True
retro-reborn-circuit-day-1-detroit-edison,2,4,c43eb7fb57fd,01ab861efff9,p2,1,0,True
retro-reborn-circuit-day-1-detroit-edison,2,5,910c90df211c,d3b5ca6fbef5,p2,1,0,True
retro-reborn-circuit-day-1-detroit-edison,2,6,c7016dfb5074,188880d67ae0,p2,1,0,True
retro-reborn-circuit-day-1-detroit-edison,2,7,6570bf5c1c57,300fdcd2babf,p2,1,0,True
retro-reborn-circuit-day-1-detroit-edison,2,8,53370b893baf,4a5556aa6a39,p2,1,0,True
retro-reborn-circuit-day-1-detroit-edison,2,9,23707f92e080,2f845101cf5a,p1,1,0,True
retro-reborn-circuit-day-1-detroit-edison,2,10,5c019eb8a80a,62719e683e9e,p1,1,0,True
retro-reborn-circuit-day-1-detroit-edison,2,11,2c9c987756df,9bdecd176f8c,p1,1,0,True
retro-reborn-circuit-day-1-detroit-edison,2,12,ed615b1d7bcc,90e8470369d2,p1,1,0,True
retro-reborn-circuit-day-1-detroit-edison,2,13,09d5586e38d3,e251676d5517,p2,1,0,True
retro-reborn-circuit-day-1-detroit-edison,2,14,7d10747e8ddb,cf4aa861ac56,p1,1,0,True
retro-reborn-circuit-day-1-detroit-edison,2,15,caf5061e38c7,d82b6e55979c,p1,1,0,True
retro-reborn-circuit-day-1-detroit-edison,2,16,999a505f55c7,62150461936e,p1,1,0,True
retro-reborn-circuit-day-1-detroit-edison,2,17,628cae788305,c3cf896ac986,p1,1,0,True
retro-reborn-circuit-day-1-detroit-edison,2,18,4e1b3eff496c,5586c4a19af2,p1,1,0,True
retro-reborn-circuit-day-1-detroit-edison,2,19,777201b16a08,ac90a5b36925,p2,1,0,True
retro-reborn-circuit-day-1-detroit-edison,2,20,a32b3e43c482,5a1fc49e132b,p2,1,0,True
retro-reborn-circuit-day-1-detroit-edison,2,21,14109b542b1b,ae1be324743e,p1,1,0,True
retro-reborn-circuit-day-1-detroit-edison,2,22,f37536107ba5,2b720ce67282,p2,1,0,True
retro-reborn-circuit-day-1-detroit-edison,2,23,40572ccb7068,d64d422f94d9,p2,1,0,True
retro-reborn-circuit-day-1-detroit-edison,2,24,7b8e6c384581,c272b2ce6aa7,p1,1,0,True
retro-reborn-circuit-day-1-detroit-edison,2,25,ad497da844e5,1d0d66709013,p1,1,0,True
retro-reborn-circuit-day-1-detroit-edison,2,26,cf6787df8866,69c76fcde690,p1,1,0,True
retro-reborn-circuit-day-1-detroit-edison,2,27,0da5a54194b7,b0f9bcda655c,p1,1,0,True
retro-reborn-circuit-day-1-detroit-edison,2,28,b74e0d5fe5ac,c88a35001125,p1,1,0,True
retro-reborn-circuit-day-1-detroit-edison,2,29,15852732052c,0090c09ac210,p1,1,0,True
retro-reborn-circuit-day-1-detroit-edison,2,30,f0523278867b,f832ef67a0c8,p2,1,0,True
retro-reborn-circuit-day-1-detroit-edison,2,31,f0731e8743b6,169bb0596470,p1,1,0,True
retro-reborn-circuit-day-1-detroit-edison,2,32,a9d505df22ad,75716acdc0eb,p2,1,0,True
retro-reborn-circuit-day-1-detroit-edison,2,33,a2a2b25ae2b7,3252dd8cb96b,p1,1,0,True
retro-reborn-circuit-day-1-detroit-edison,2,34,c12a5513b8ea,27da43677430,p1,1,0,True
retro-reborn-circuit-day-1-detroit-edison,2,35,8218345ffd48,dd66a2f1b634,p2,1,0,True
retro-reborn-circuit-day-1-detroit-edison,2,36,0735be36cad1,0153aa54e58f,p1,1,0,True
retro-reborn-circuit-day-1-detroit-edison,2,37,5ecbaab75254,b3170d33631f,p2,1,0,True
retro-reborn-circuit-day-1-detroit-edison,2,38,fa8f3e2419ec,1c7c9cbe213e,p2,1,0,True
retro-reborn-circuit-day-1-detroit-edison,2,39,e53799904a2b,b09affa72191,p1,1,0,True
retro-reborn-circuit-day-1-detroit-edison,2,40,29ac40251979,f7e22d9a73f9,p1,1,0,True
retro-reborn-circuit-day-1-detroit-edison,2,41,9a986d82dfd1,5f3de2bea8d3,p2,1,0,True
retro-reborn-circuit-day-1-detroit-edison,2,42,8dee11853e72,34c4ffbdfbd5,p2,1,0,True
retro-reborn-circuit-day-1-detroit-edison,2,43,905caca38629,adebc005c3e2,p2,1,0,True
retro-reborn-circuit-day-1-detroit-edison,2,44,29b386c1c224,1a53e1768d86,p1,1,0,True
retro-reborn-circuit-day-1-detroit-edison,2,45,9e8888fec03b,bc52125ec77f,p2,1,0,True
retro-reborn-circuit-day-1-detroit-edison,2,46,ef1b05660052,0e55dd697218,p2,1,0,True
retro-reborn-circuit-day-1-detroit-edison,2,47,b6aa73082550,822f72d6ecb6,p1,1,0,True
retro-reborn-circuit-day-1-detroit-edison,2,48,55e2171f6c2f,bfac4c66a9a7,p1,1,0,True
retro-reborn-circuit-day-1-detroit-edison,2,49,b7ec2f9ad25f,13b1a0f56e8b,p1,1,0,True
retro-reborn-circuit-day-1-detroit-edison,2,50,8eca9747e406,a938a78480db,p1,1,0,True
retro-reborn-circuit-day-1-detroit-edison,2,51,bdfb19aedb11,0c09816754a2,p2,1,0,True
retro-reborn-circuit-day-1-detroit-edison,2,52,d18bbcc28cd3,740d213bda22,p1,1,0,True
retro-reborn-circuit-day-1-detroit-edison,2,53,e0fb45ae39ae,11186b255a43,p1,1,0,True
retro-reborn-circuit-day-1-detroit-edison,2,54,5430f01d0b47,1988d7d4a7cb,p1,1,0,True
retro-reborn-circuit-day-1-detroit-edison,2,55,2b4d38ed171f,2a276112b270,p1,1,0,True
retro-reborn-circuit-day-1-detroit-edison,2,56,e9b8fce8266b,06311cce4f2b,p2,1,0,True
retro-reborn-circuit-day-1-detroit-edison,2,57,7a6a73ff8198,3f7f91c9330a,p2,1,0,True
retro-reborn-circuit-day-1-detroit-edison,2,58,ce71f3863e89,029114ef5a25,p1,1,0,True
retro-reborn-circuit-day-1-detroit-edison,2,59,2cfd37688da5,a95e6ec5486a,p2,1,0,True
retro-reborn-circuit-day-1-detroit-edison,2,60,4fed865dd939,6331ec1fc1f8,p1,1,0,True
retro-reborn-circuit-day-1-detroit-edison,2,61,c5934167c449,ec00c290ab90,p2,1,0,True
retro-reborn-circuit-day-1-detroit-edison,2,62,74d5d4d2afd6,9436226a1fb3,p1,1,0,True
retro-reborn-circuit-day-1-detroit-edison,2,63,797b14d2a9e2,8b0e1fa29a8c,p2,1,0,True
retro-reborn-circuit-day-1-detroit-edison,2,64,46699cff5d45,1878d6cb3e7c,p2,1,0,True
retro-reborn-circuit-day-1-detroit-edison,2,65,21537c8031e9,48a8e01fdcf0,p1,1,0,True
retro-reborn-circuit-day-1-detroit-edison,2,66,7710870ce583,a9a1dcc61fb5,p1,1,0,True
retro-reborn-circuit-day-1-detroit-edison,2,67,1eabc27b9b7a,997037171f4e,p1,1,0,True
retro-reborn-circuit-day-1-detroit-edison,2,68,dcff02a1a893,3122bed3c204,p1,1,0,True
retro-reborn-circuit-day-1-detroit-edison,2,69,9e6987241bf3,cce73fd27211,p1,1,0,True
retro-reborn-circuit-day-1-detroit-edison,2,70,7736b6a8cd6a,9585ac32be33,p2,1,0,True
retro-reborn-circuit-day-1-detroit-edison,2,71,060a67d975c1,a0e5f6322f21,p1,1,0,True
retro-reborn-circuit-day-1-detroit-edison,2,72,c7009eff338a,2d49a7a618d6,p2,1,0,True
retro-reborn-circuit-day-1-detroit-edison,2,73,5a2eddcfbebc,a78d520fd074,p1,1,0,True
retro-reborn-circuit-day-1-detroit-edison,2,74,6fd1797b4060,ad0b25cc0d86,p1,1,0,True
retro-reborn-circuit-day-1-detroit-edison,2,75,24466b0fc37c,70ce0520445f,p2,1,0,True
retro-reborn-circuit-day-1-detroit-edison,2,76,c2ef80f40938,92c828b76816,p2,1,0,True
retro-reborn-circuit-day-1-detroit-edison,2,77,4347df037434,313fedcedfd1,p2,1,0,True
retro-reborn-circuit-day-1-detroit-edison,2,78,2f6df736f488,321fb3ed5cc6,p2,1,0,True
retro-reborn-circuit-day-1-detroit-edison,2,79,f37c8c08061f,d9ea5b016a3e,p2,1,0,True
retro-reborn-circuit-day-1-detroit-edison,2,80,0daba776b59d,f771aa0cb275,p2,1,0,True
retro-reborn-circuit-day-1-detroit-edison,2,81,7879a7c7c29e,282d8a789859,p2,1,0,True
retro-reborn-circuit-day-1-detroit-edison,2,82,879ef8335272,2f2ee18b2b0b,p2,1,0,True
retro-reborn-circuit-day-1-detroit-edison,2,83,644d0efe31ad,69d3e00878ed,p2,1,0,True
retro-reborn-circuit-day-1-detroit-edison,2,84,3486f1c89b85,797b482d32a1,p2,1,0,True
retro-reborn-circuit-day-1-detroit-edison,2,85,a85318df229d,c59846d47d8d,p2,1,0,True
retro-reborn-circuit-day-1-detroit-edison,2,86,8eb0c5496539,b6b59a53645f,p2,1,0,True
retro-reborn-circuit-day-1-detroit-edison,2,87,85e291facd6d,0b0e9f275c1f,p2,1,0,True
retro-reborn-circuit-day-1-detroit-edison,2,88,57c9c736f040,b0aed811199e,p2,1,0,True
retro-reborn-circuit-day-1-detroit-edison,2,89,250c423c6597,2bb3f635c17f,p2,1,0,True
retro-reborn-circuit-day-1-detroit-edison,2,90,8cdccf31a81b,e712e36554b9,p1,1,0,True
retro-reborn-circuit-day-1-detroit-edison,2,91,7f17ec52aed4,a7f490e14421,p1,1,0,True
retro-reborn-circuit-day-1-detroit-edison,2,92,a6fdf251161a,305dae8df558,draw,,,True
retro-reborn-circuit-day-1-detroit-edison,2,93,b911fae8b078,0696077f858e,p2,1,0,True
retro-reborn-circuit-day-1-detroit-edison,2,94,0099c93eb7da,4a90fbffaaca,p1,1,0,True
retro-reborn-circuit-day-1-detroit-edison,2,95,a8031cb4a0df,f748d6454ea2,p2,1,0,True
retro-reborn-circuit-day-1-detroit-edison,2,96,88c454d4a2d2,f663252e1e61,p1,1,0,True
retro-reborn-circuit-day-1-detroit-edison,2,97,9a9c82713593,3420fbce5e2e,p1,1,0,True
retro-reborn-circuit-day-1-detroit-edison,3,1,999a505f55c7,75716acdc0eb,p1,1,0,True
retro-reborn-circuit-day-1-detroit-edison,3,2,5f3de2bea8d3,628cae788305,p1,1,0,True
retro-reborn-circuit-day-1-detroit-edison,3,3,a2a2b25ae2b7,cf6787df8866,p1,1,0,True
retro-reborn-circuit-day-1-detroit-edison,3,4,be8fd67163ac,01ab861efff9,p1,1,0,True
retro-reborn-circuit-day-1-detroit-edison,3,5,b6aa73082550,0da5a54194b7,p2,1,0,True
retro-reborn-circuit-day-1-detroit-edison,3,6,0e55dd697218,c12a5513b8ea,p2,1,0,True
retro-reborn-circuit-day-1-detroit-edison,3,7,4a5556aa6a39,2c9c987756df,p2,1,0,True
retro-reborn-circuit-day-1-detroit-edison,3,8,ac90a5b36925,e251676d5517,p1,1,0,True
retro-reborn-circuit-day-1-detroit-edison,3,9,bc52125ec77f,29ac40251979,p1,1,0,True
retro-reborn-circuit-day-1-detroit-edison,3,10,23707f92e080,15852732052c,p2,1,0,True
retro-reborn-circuit-day-1-detroit-edison,3,11,dd66a2f1b634,55e2171f6c2f,p2,1,0,True
retro-reborn-circuit-day-1-detroit-edison,3,12,e53799904a2b,4e1b3eff496c,p1,1,0,True
retro-reborn-circuit-day-1-detroit-edison,3,13,ad497da844e5,adebc005c3e2,p1,1,0,True
retro-reborn-circuit-day-1-detroit-edison,3,14,5a1fc49e132b,f86deae06222,p1,1,0,True
retro-reborn-circuit-day-1-detroit-edison,3,15,7b8e6c384581,0735be36cad1,p1,1,0,True
retro-reborn-circuit-day-1-detroit-edison,3,16,1c7c9cbe213e,b243da9569b1,p1,1,0,True
retro-reborn-circuit-day-1-detroit-edison,3,17,ed615b1d7bcc,b3170d33631f,p1,1,0,True
retro-reborn-circuit-day-1-detroit-edison,3,18,d3b5ca6fbef5,29b386c1c224,p2,1,0,True
retro-reborn-circuit-day-1-detroit-edison,3,19,7d10747e8ddb,34c4ffbdfbd5,p1,1,0,True
retro-reborn-circuit-day-1-detroit-edison,3,20,f0731e8743b6,b7ec2f9ad25f,p2,1,0,True
retro-reborn-circuit-day-1-detroit-edison,3,21,caf5061e38c7,d64d422f94d9,p1,1,0,True
retro-reborn-circuit-day-1-detroit-edison,3,22,5c019eb8a80a,188880d67ae0,p2,1,0,True
retro-reborn-circuit-day-1-detroit-edison,3,23,f832ef67a0c8,300fdcd2babf,p2,1,0,True
retro-reborn-circuit-day-1-detroit-edison,3,24,b74e0d5fe5ac,14109b542b1b,p2,1,0,True
retro-reborn-circuit-day-1-detroit-edison,3,25,2b720ce67282,62150461936e,p1,1,0,True
retro-reborn-circuit-day-1-detroit-edison,3,26,b09affa72191,169bb0596470,p2,1,0,True
retro-reborn-circuit-day-1-detroit-edison,3,27,ec00c290ab90,910c90df211c,p2,1,0,True
retro-reborn-circuit-day-1-detroit-edison,3,28,321fb3ed5cc6,88c454d4a2d2,p1,1,0,True
retro-reborn-circuit-day-1-detroit-edison,3,29,a9d505df22ad,8cdccf31a81b,p1,1,0,True
retro-reborn-circuit-day-1-detroit-edison,3,30,c7016dfb5074,b1af61d63c9c,p2,1,0,True
retro-reborn-circuit-day-1-detroit-edison,3,31,3252dd8cb96b,cf4aa861ac56,p2,1,0,True
retro-reborn-circuit-day-1-detroit-edison,3,32,ae1be324743e,3f7f91c9330a,p1,1,0,True
retro-reborn-circuit-day-1-detroit-edison,3,33,9a986d82dfd1,c88a35001125,p1,1,0,True
retro-reborn-circuit-day-1-detroit-edison,3,34,f7e22d9a73f9,74d5d4d2afd6,p1,1,0,True
retro-reborn-circuit-day-1-detroit-edison,3,35,d82b6e55979c,5586c4a19af2,p2,1,0,True
retro-reborn-circuit-day-1-detroit-edison,3,36,7710870ce583,797b482d32a1,p1,1,0,True
retro-reborn-circuit-day-1-detroit-edison,3,37,b0f9bcda655c,fa8f3e2419ec,p2,1,0,True
retro-reborn-circuit-day-1-detroit-edison,3,38,f0523278867b,d9ea5b016a3e,p1,1,0,True
retro-reborn-circuit-day-1-detroit-edison,3,39,777201b16a08,0099c93eb7da,p1,1,0,True
retro-reborn-circuit-day-1-detroit-edison,3,40,2bb3f635c17f,f771aa0cb275,p1,1,0,True
retro-reborn-circuit-day-1-detroit-edison,3,41,0153aa54e58f,c272b2ce6aa7,p1,1,0,True
retro-reborn-circuit-day-1-detroit-edison,3,42,1a53e1768d86,1d0d66709013,p1,1,0,True
retro-reborn-circuit-day-1-detroit-edison,3,43,c3cf896ac986,9bdecd176f8c,p2,1,0,True
retro-reborn-circuit-day-1-detroit-edison,3,44,9a9c82713593,62719e683e9e,p1,1,0,True
retro-reborn-circuit-day-1-detroit-edison,3,45,231dffad2190,90e8470369d2,p2,1,0,True
retro-reborn-circuit-day-1-detroit-edison,3,46,2b4d38ed171f,f748d6454ea2,p1,1,0,True
retro-reborn-circuit-day-1-detroit-edison,3,47,21537c8031e9,2f2ee18b2b0b,p2,1,0,True
retro-reborn-circuit-day-1-detroit-edison,3,48,060a67d975c1,5430f01d0b47,p2,1,0,True
retro-reborn-circuit-day-1-detroit-edison,3,49,282d8a789859,8eca9747e406,p1,1,0,True
retro-reborn-circuit-day-1-detroit-edison,3,50,69d3e00878ed,5ecbaab75254,p1,1,0,True
retro-reborn-circuit-day-1-detroit-edison,3,51,7f17ec52aed4,b0aed811199e,p1,1,0,True
retro-reborn-circuit-day-1-detroit-edison,3,52,905caca38629,f7c621197fcc,p1,1,0,True
retro-reborn-circuit-day-1-detroit-edison,3,53,e0fb45ae39ae,dcff02a1a893,p2,1,0,True
retro-reborn-circuit-day-1-detroit-edison,3,54,9e8888fec03b,1eabc27b9b7a,p1,1,0,True
retro-reborn-circuit-day-1-detroit-edison,3,55,0c09816754a2,9e6987241bf3,p1,1,0,True
retro-reborn-circuit-day-1-detroit-edison,3,56,8dee11853e72,313fedcedfd1,p2,1,0,True
retro-reborn-circuit-day-1-detroit-edison,3,57,1878d6cb3e7c,69c76fcde690,p2,1,0,True
retro-reborn-circuit-day-1-detroit-edison,3,58,6fd1797b4060,2d49a7a618d6,p1,1,0,True
retro-reborn-circuit-day-1-detroit-edison,3,59,2dabea69a38d,40572ccb7068,p1,1,0,True
retro-reborn-circuit-day-1-detroit-edison,3,60,c43eb7fb57fd,0696077f858e,p1,1,0,True
retro-reborn-circuit-day-1-detroit-edison,3,61,a95e6ec5486a,8b0e1fa29a8c,p2,1,0,True
retro-reborn-circuit-day-1-detroit-edison,3,62,bfac4c66a9a7,27da43677430,p2,1,0,True
retro-reborn-circuit-day-1-detroit-edison,3,63,d18bbcc28cd3,8218345ffd48,p1,1,0,True
retro-reborn-circuit-day-1-detroit-edison,3,64,92c828b76816,5a2eddcfbebc,p1,1,0,True
retro-reborn-circuit-day-1-detroit-edison,3,65,06311cce4f2b,ce71f3863e89,p1,1,0,True
retro-reborn-circuit-day-1-detroit-edison,3,66,822f72d6ecb6,0b0e9f275c1f,p2,1,0,True
retro-reborn-circuit-day-1-detroit-edison,3,67,9585ac32be33,c59846d47d8d,p2,1,0,True
retro-reborn-circuit-day-1-detroit-edison,3,68,2f845101cf5a,0090c09ac210,p1,1,0,True
retro-reborn-circuit-day-1-detroit-edison,3,69,a32b3e43c482,ef1b05660052,p2,1,0,True
retro-reborn-circuit-day-1-detroit-edison,3,70,f37536107ba5,4fed865dd939,p1,1,0,True
retro-reborn-circuit-day-1-detroit-edison,3,71,b6b59a53645f,6570bf5c1c57,p2,1,0,True
retro-reborn-circuit-day-1-detroit-edison,3,72,53370b893baf,13b1a0f56e8b,p2,1,0,True
retro-reborn-circuit-day-1-detroit-edison,3,73,70ce0520445f,09d5586e38d3,p2,1,0,True
retro-reborn-circuit-day-1-detroit-edison,3,74,a6fdf251161a,a78d520fd074,p2,1,0,True
retro-reborn-circuit-day-1-detroit-edison,3,75,305dae8df558,2f6df736f488,p2,1,0,True
retro-reborn-circuit-day-1-detroit-edison,3,76,4347df037434,2cfd37688da5,p2,1,0,True
retro-reborn-circuit-day-1-detroit-edison,3,77,bdfb19aedb11,a9a1dcc61fb5,p2,1,0,True
retro-reborn-circuit-day-1-detroit-edison,3,78,e712e36554b9,3486f1c89b85,p1,1,0,True
retro-reborn-circuit-day-1-detroit-edison,3,79,8eb0c5496539,7736b6a8cd6a,p1,1,0,True
retro-reborn-circuit-day-1-detroit-edison,3,80,48a8e01fdcf0,85e291facd6d,p1,1,0,True
retro-reborn-circuit-day-1-detroit-edison,3,81,57c9c736f040,a85318df229d,p1,1,0,True
retro-reborn-circuit-day-1-detroit-edison,3,82,b911fae8b078,0daba776b59d,p2,1,0,True
retro-reborn-circuit-day-1-detroit-edison,3,83,a7f490e14421,3122bed3c204,p1,1,0,True
retro-reborn-circuit-day-1-detroit-edison,3,84,11186b255a43,797b14d2a9e2,p1,1,0,True
retro-reborn-circuit-day-1-detroit-edison,3,85,3420fbce5e2e,cce73fd27211,p2,1,0,True
retro-reborn-circuit-day-1-detroit-edison,3,86,a938a78480db,029114ef5a25,p2,1,0,True
retro-reborn-circuit-day-1-detroit-edison,3,87,879ef8335272,1988d7d4a7cb,p1,1,0,True
retro-reborn-circuit-day-1-detroit-edison,3,88,f663252e1e61,7a6a73ff8198,p2,1,0,True
retro-reborn-circuit-day-1-detroit-edison,3,89,c5934167c449,4a90fbffaaca,p2,1,0,True
retro-reborn-circuit-day-1-detroit-edison,3,90,2a276112b270,46699cff5d45,p2,1,0,True
retro-reborn-circuit-day-1-detroit-edison,3,91,c2ef80f40938,997037171f4e,p1,1,0,True
retro-reborn-circuit-day-1-detroit-edison,3,92,e9b8fce8266b,24466b0fc37c,p1,1,0,True
retro-reborn-circuit-day-1-detroit-edison,3,93,a8031cb4a0df,9436226a1fb3,p1,1,0,True
retro-reborn-circuit-day-1-detroit-edison,3,94,7879a7c7c29e,a0e5f6322f21,p2,1,0,True
retro-reborn-circuit-day-1-detroit-edison,4,1,2c9c987756df,15852732052c,p1,1,0,True
retro-reborn-circuit-day-1-detroit-edison,4,2,caf5061e38c7,999a505f55c7,p1,1,0,True
retro-reborn-circuit-day-1-detroit-edison,4,3,14109b542b1b,188880d67ae0,p2,1,0,True
retro-reborn-circuit-day-1-detroit-edison,4,4,c12a5513b8ea,300fdcd2babf,p2,1,0,True
retro-reborn-circuit-day-1-detroit-edison,4,5,bc52125ec77f,5f3de2bea8d3,p1,1,0,True
retro-reborn-circuit-day-1-detroit-edison,4,6,ad497da844e5,1c7c9cbe213e,p2,1,0,True
retro-reborn-circuit-day-1-detroit-edison,4,7,ac90a5b36925,e53799904a2b,p1,1,0,True
retro-reborn-circuit-day-1-detroit-edison,4,8,55e2171f6c2f,2b720ce67282,p1,1,0,True
retro-reborn-circuit-day-1-detroit-edison,4,9,b7ec2f9ad25f,7b8e6c384581,p2,1,0,True
retro-reborn-circuit-day-1-detroit-edison,4,10,ed615b1d7bcc,0da5a54194b7,p1,1,0,True
retro-reborn-circuit-day-1-detroit-edison,4,11,5a1fc49e132b,a2a2b25ae2b7,p1,1,0,True
retro-reborn-circuit-day-1-detroit-edison,4,12,29b386c1c224,7d10747e8ddb,p2,1,0,True
retro-reborn-circuit-day-1-detroit-edison,4,13,be8fd67163ac,9bdecd176f8c,p1,1,0,True
retro-reborn-circuit-day-1-detroit-edison,4,14,2dabea69a38d,0b0e9f275c1f,p2,1,0,True
retro-reborn-circuit-day-1-detroit-edison,4,15,0153aa54e58f,905caca38629,p1,1,0,True
retro-reborn-circuit-day-1-detroit-edison,4,16,b3170d33631f,69d3e00878ed,p1,1,0,True
retro-reborn-circuit-day-1-detroit-edison,4,17,f37536107ba5,c43eb7fb57fd,p1,1,0,True
retro-reborn-circuit-day-1-detroit-edison,4,18,8b0e1fa29a8c,6fd1797b4060,p1,1,0,True
retro-reborn-circuit-day-1-detroit-edison,4,19,c59846d47d8d,f0731e8743b6,p1,1,0,True
retro-reborn-circuit-day-1-detroit-edison,4,20,4a5556aa6a39,29ac40251979,p2,1,0,True
retro-reborn-circuit-day-1-detroit-edison,4,21,0735be36cad1,169bb0596470,p1,1,0,True
retro-reborn-circuit-day-1-detroit-edison,4,22,34c4ffbdfbd5,f86deae06222,p1,1,0,True
retro-reborn-circuit-day-1-detroit-edison,4,23,ae1be324743e,dd66a2f1b634,p2,1,0,True
retro-reborn-circuit-day-1-detroit-edison,4,24,d18bbcc28cd3,9a986d82dfd1,p1,1,0,True
retro-reborn-circuit-day-1-detroit-edison,4,25,313fedcedfd1,9a9c82713593,p2,1,0,True
retro-reborn-circuit-day-1-detroit-edison,4,26,cf4aa861ac56,01ab861efff9,p2,1,0,True
retro-reborn-circuit-day-1-detroit-edison,4,27,7f17ec52aed4,f0523278867b,p2,1,0,True
retro-reborn-circuit-day-1-detroit-edison,4,28,5586c4a19af2,69c76fcde690,p2,1,0,True
retro-reborn-circuit-day-1-detroit-edison,4,29,cf6787df8866,a9d505df22ad,p2,1,0,True
retro-reborn-circuit-day-1-detroit-edison,4,30,4e1b3eff496c,09d5586e38d3,p1,1,0,True
retro-reborn-circuit-day-1-detroit-edison,4,31,f7e22d9a73f9,b1af61d63c9c,p1,1,0,True
retro-reborn-circuit-day-1-detroit-edison,4,32,dcff02a1a893,fa8f3e2419ec,p2,1,0,True
retro-reborn-circuit-day-1-detroit-edison,4,33,75716acdc0eb,adebc005c3e2,p1,1,0,True
retro-reborn-circuit-day-1-detroit-edison,4,34,9e8888fec03b,5430f01d0b47,p2,1,0,True
retro-reborn-circuit-day-1-detroit-edison,4,35,777201b16a08,e251676d5517,p2,1,0,True
retro-reborn-circuit-day-1-detroit-edison,4,36,ef1b05660052,0c09816754a2,p2,1,0,True
retro-reborn-circuit-day-1-detroit-edison,4,37,b243da9569b1,2f2ee18b2b0b,p1,1,0,True
retro-reborn-circuit-day-1-detroit-edison,4,38,5c019eb8a80a,628cae788305,p2,1,0,True
retro-reborn-circuit-day-1-detroit-edison,4,39,910c90df211c,90e8470369d2,p1,1,0,True
retro-reborn-circuit-day-1-detroit-edison,4,40,d64d422f94d9,b6aa73082550,p1,1,0,True
retro-reborn-circuit-day-1-detroit-edison,4,41,92c828b76816,1a53e1768d86,p1,1,0,True
retro-reborn-circuit-day-1-detroit-edison,4,42,27da43677430,f832ef67a0c8,p2,1,0,True
retro-reborn-circuit-day-1-detroit-edison,4,43,06311cce4f2b,2b4d38ed171f,draw,,,True
retro-reborn-circuit-day-1-detroit-edison,4,44,321fb3ed5cc6,b74e0d5fe5ac,p2,1,0,True
retro-reborn-circuit-day-1-detroit-edison,4,45,13b1a0f56e8b,6570bf5c1c57,p1,1,0,True
retro-reborn-circuit-day-1-detroit-edison,4,46,7710870ce583,0e55dd697218,p2,1,0,True
retro-reborn-circuit-day-1-detroit-edison,4,47,2f845101cf5a,2bb3f635c17f,p1,1,0,True
retro-reborn-circuit-day-1-detroit-edison,4,48,23707f92e080,282d8a789859,p2,1,0,True
retro-reborn-circuit-day-1-detroit-edison,4,49,d3b5ca6fbef5,5a2eddcfbebc,p2,1,0,True
retro-reborn-circuit-day-1-detroit-edison,4,50,c2ef80f40938,48a8e01fdcf0,p1,1,0,True
retro-reborn-circuit-day-1-detroit-edison,4,51,8eb0c5496539,1878d6cb3e7c,p2,1,0,True
retro-reborn-circuit-day-1-detroit-edison,4,52,879ef8335272,0099c93eb7da,p2,1,0,True
retro-reborn-circuit-day-1-detroit-edison,4,53,0daba776b59d,74d5d4d2afd6,p2,1,0,True
retro-reborn-circuit-day-1-detroit-edison,4,54,7a6a73ff8198,a95e6ec5486a,p1,1,0,True
retro-reborn-circuit-day-1-detroit-edison,4,55,21537c8031e9,ec00c290ab90,p2,1,0,True
retro-reborn-circuit-day-1-detroit-edison,4,56,f7c621197fcc,8218345ffd48,p1,1,0,True
retro-reborn-circuit-day-1-detroit-edison,4,57,1eabc27b9b7a,d9ea5b016a3e,p2,1,0,True
retro-reborn-circuit-day-1-detroit-edison,4,58,c88a35001125,cce73fd27211,p2,1,0,True
retro-reborn-circuit-day-1-detroit-edison,4,59,40572ccb7068,62150461936e,p2,1,0,True
retro-reborn-circuit-day-1-detroit-edison,4,60,029114ef5a25,4fed865dd939,p2,1,0,True
retro-reborn-circuit-day-1-detroit-edison,4,61,a78d520fd074,e712e36554b9,p1,1,0,True
retro-reborn-circuit-day-1-detroit-edison,4,62,822f72d6ecb6,3252dd8cb96b,p1,1,0,True
retro-reborn-circuit-day-1-detroit-edison,4,63,8dee11853e72,70ce0520445f,p2,1,0,True
retro-reborn-circuit-day-1-detroit-edison,4,64,57c9c736f040,231dffad2190,p1,1,0,True
retro-reborn-circuit-day-1-detroit-edison,4,65,f771aa0cb275,a7f490e14421,p1,1,0,True
retro-reborn-circuit-day-1-detroit-edison,4,66,88c454d4a2d2,a9a1dcc61fb5,p2,1,0,True
retro-reborn-circuit-day-1-detroit-edison,4,67,c272b2ce6aa7,e0fb45ae39ae,p2,1,0,True
retro-reborn-circuit-day-1-detroit-edison,4,68,0696077f858e,53370b893baf,p1,1,0,True
retro-reborn-circuit-day-1-detroit-edison,4,69,060a67d975c1,b0aed811199e,p1,1,0,True
retro-reborn-circuit-day-1-detroit-edison,4,70,2f6df736f488,797b482d32a1,p1,1,0,True
retro-reborn-circuit-day-1-detroit-edison,4,71,5ecbaab75254,ce71f3863e89,p2,1,0,True
retro-reborn-circuit-day-1-detroit-edison,4,72,e9b8fce8266b,b09affa72191,p2,1,0,True
retro-reborn-circuit-day-1-detroit-edison,4,73,c3cf896ac986,b6b59a53645f,p2,1,0,True
retro-reborn-circuit-day-1-detroit-edison,4,74,2cfd37688da5,a0e5f6322f21,p1,1,0,True
retro-reborn-circuit-day-1-detroit-edison,4,75,8cdccf31a81b,9585ac32be33,p1,1,0,True
retro-reborn-circuit-day-1-detroit-edison,4,76,11186b255a43,a8031cb4a0df,p2,1,0,True
retro-reborn-circuit-day-1-detroit-edison,4,77,4a90fbffaaca,f748d6454ea2,p2,1,0,True
retro-reborn-circuit-day-1-detroit-edison,4,78,62719e683e9e,8eca9747e406,p2,1,0,True
retro-reborn-circuit-day-1-detroit-edison,4,79,3f7f91c9330a,d82b6e55979c,p2,1,0,True
retro-reborn-circuit-day-1-detroit-edison,4,80,9e6987241bf3,46699cff5d45,p2,1,0,True
retro-reborn-circuit-day-1-detroit-edison,4,81,0090c09ac210,2d49a7a618d6,p2,1,0,True
retro-reborn-circuit-day-1-detroit-edison,4,82,1d0d66709013,bfac4c66a9a7,p2,1,0,True
retro-reborn-circuit-day-1-detroit-edison,4,83,b0f9bcda655c,305dae8df558,p1,1,0,True
retro-reborn-circuit-day-1-detroit-edison,4,84,3420fbce5e2e,7736b6a8cd6a,p1,1,0,True
retro-reborn-circuit-day-1-detroit-edison,4,85,b911fae8b078,a85318df229d,p2,1,0,True
retro-reborn-circuit-day-1-detroit-edison,4,86,3486f1c89b85,3122bed3c204,p1,1,0,True
retro-reborn-circuit-day-1-detroit-edison,4,87,a938a78480db,1988d7d4a7cb,p1,1,0,True
retro-reborn-circuit-day-1-detroit-edison,4,88,24466b0fc37c,85e291facd6d,p1,1,0,True
retro-reborn-circuit-day-1-detroit-edison,5,1,55e2171f6c2f,caf5061e38c7,p1,1,0,True
retro-reborn-circuit-day-1-detroit-edison,5,2,be8fd67163ac,ac90a5b36925,p2,1,0,True
retro-reborn-circuit-day-1-detroit-edison,5,3,5a1fc49e132b,1c7c9cbe213e,p1,1,0,True
retro-reborn-circuit-day-1-detroit-edison,5,4,7b8e6c384581,188880d67ae0,p1,1,0,True
retro-reborn-circuit-day-1-detroit-edison,5,5,300fdcd2babf,7d10747e8ddb,p1,1,0,True
retro-reborn-circuit-day-1-detroit-edison,5,6,bc52125ec77f,ed615b1d7bcc,p1,1,0,True
retro-reborn-circuit-day-1-detroit-edison,5,7,2c9c987756df,999a505f55c7,p1,1,0,True
retro-reborn-circuit-day-1-detroit-edison,5,8,92c828b76816,13b1a0f56e8b,p1,1,0,True
retro-reborn-circuit-day-1-detroit-edison,5,9,a9d505df22ad,fa8f3e2419ec,p2,1,0,True
retro-reborn-circuit-day-1-detroit-edison,5,10,910c90df211c,d18bbcc28cd3,p1,1,0,True
retro-reborn-circuit-day-1-detroit-edison,5,11,75716acdc0eb,4e1b3eff496c,p2,1,0,True
retro-reborn-circuit-day-1-detroit-edison,5,12,a2a2b25ae2b7,0e55dd697218,p2,1,0,True
retro-reborn-circuit-day-1-detroit-edison,5,13,f0523278867b,b7ec2f9ad25f,p2,1,0,True
retro-reborn-circuit-day-1-detroit-edison,5,14,15852732052c,628cae788305,p1,1,0,True
retro-reborn-circuit-day-1-detroit-edison,5,15,5f3de2bea8d3,34c4ffbdfbd5,p2,1,0,True
retro-reborn-circuit-day-1-detroit-edison,5,16,69c76fcde690,c12a5513b8ea,p2,1,0,True
retro-reborn-circuit-day-1-detroit-edison,5,17,282d8a789859,2f845101cf5a,p1,1,0,True
retro-reborn-circuit-day-1-detroit-edison,5,18,b74e0d5fe5ac,d64d422f94d9,p1,1,0,True
retro-reborn-circuit-day-1-detroit-edison,5,19,f832ef67a0c8,dd66a2f1b634,p1,1,0,True
retro-reborn-circuit-day-1-detroit-edison,5,20,14109b542b1b,29ac40251979,p1,1,0,True
retro-reborn-circuit-day-1-detroit-edison,5,21,8b0e1fa29a8c,5430f01d0b47,p2,1,0,True
retro-reborn-circuit-day-1-detroit-edison,5,22,0b0e9f275c1f,0153aa54e58f,p2,1,0,True
retro-reborn-circuit-day-1-detroit-edison,5,23,e53799904a2b,0da5a54194b7,p1,1,0,True
retro-reborn-circuit-day-1-detroit-edison,5,24,b243da9569b1,c59846d47d8d,p1,1,0,True
retro-reborn-circuit-day-1-detroit-edison,5,25,0c09816754a2,9a9c82713593,p2,1,0,True
retro-reborn-circuit-day-1-detroit-edison,5,26,0735be36cad1,f37536107ba5,p1,1,0,True
retro-reborn-circuit-day-1-detroit-edison,5,27,f7e22d9a73f9,ad497da844e5,p2,1,0,True
retro-reborn-circuit-day-1-detroit-edison,5,28,e251676d5517,2b720ce67282,p2,1,0,True
retro-reborn-circuit-day-1-detroit-edison,5,29,b3170d33631f,01ab861efff9,p2,1,0,True
retro-reborn-circuit-day-1-detroit-edison,5,30,29b386c1c224,06311cce4f2b,p1,1,0,True
retro-reborn-circuit-day-1-detroit-edison,5,31,2b4d38ed171f,e0fb45ae39ae,p1,1,0,True
retro-reborn-circuit-day-1-detroit-edison,5,32,169bb0596470,ae1be324743e,p1,1,0,True
retro-reborn-circuit-day-1-detroit-edison,5,33,9e8888fec03b,8cdccf31a81b,p1,1,0,True
retro-reborn-circuit-day-1-detroit-edison,5,34,09d5586e38d3,62150461936e,p1,1,0,True
retro-reborn-circuit-day-1-detroit-edison,5,35,27da43677430,57c9c736f040,p2,1,0,True
retro-reborn-circuit-day-1-detroit-edison,5,36,adebc005c3e2,c2ef80f40938,p1,1,0,True
retro-reborn-circuit-day-1-detroit-edison,5,37,905caca38629,d9ea5b016a3e,p2,1,0,True
retro-reborn-circuit-day-1-detroit-edison,5,38,9a986d82dfd1,f86deae06222,p1,1,0,True
retro-reborn-circuit-day-1-detroit-edison,5,39,321fb3ed5cc6,a78d520fd074,p1,1,0,True
retro-reborn-circuit-day-1-detroit-edison,5,40,5c019eb8a80a,a9a1dcc61fb5,p1,1,0,True
retro-reborn-circuit-day-1-detroit-edison,5,41,5a2eddcfbebc,0099c93eb7da,p2,1,0,True
retro-reborn-circuit-day-1-detroit-edison,5,42,313fedcedfd1,f748d6454ea2,p2,1,0,True
retro-reborn-circuit-day-1-detroit-edison,5,43,7710870ce583,822f72d6ecb6,p1,1,0,True
retro-reborn-circuit-day-1-detroit-edison,5,44,7f17ec52aed4,f0731e8743b6,p2,1,0,True
retro-reborn-circuit-day-1-detroit-edison,5,45,90e8470369d2,74d5d4d2afd6,p2,1,0,True
retro-reborn-circuit-day-1-detroit-edison,5,46,cf4aa861ac56,dcff02a1a893,p1,1,0,True
retro-reborn-circuit-day-1-detroit-edison,5,47,4a5556aa6a39,0696077f858e,p1,1,0,True
retro-reborn-circuit-day-1-detroit-edison,5,48,8eca9747e406,2f2ee18b2b0b,p1,1,0,True
retro-reborn-circuit-day-1-detroit-edison,5,49,7a6a73ff8198,4fed865dd939,p1,1,0,True
retro-reborn-circuit-day-1-detroit-edison,5,50,cce73fd27211,5586c4a19af2,p2,1,0,True
retro-reborn-circuit-day-1-detroit-edison,5,51,2bb3f635c17f,bfac4c66a9a7,p2,1,0,True
retro-reborn-circuit-day-1-detroit-edison,5,52,2f6df736f488,ef1b05660052,p2,1,0,True
retro-reborn-circuit-day-1-detroit-edison,5,53,b6b59a53645f,6fd1797b4060,p2,1,0,True
retro-reborn-circuit-day-1-detroit-edison,5,54,d3b5ca6fbef5,2dabea69a38d,p1,1,0,True
retro-reborn-circuit-day-1-detroit-edison,5,55,70ce0520445f,2cfd37688da5,p2,1,0,True
retro-reborn-circuit-day-1-detroit-edison,5,56,cf6787df8866,d82b6e55979c,p2,1,0,True
retro-reborn-circuit-day-1-detroit-edison,5,57,1a53e1768d86,23707f92e080,p2,1,0,True
retro-reborn-circuit-day-1-detroit-edison,5,58,b09affa72191,ce71f3863e89,p2,1,0,True
retro-reborn-circuit-day-1-detroit-edison,5,59,ec00c290ab90,6570bf5c1c57,p1,1,0,True
retro-reborn-circuit-day-1-detroit-edison,5,60,f771aa0cb275,a8031cb4a0df,p2,1,0,True
retro-reborn-circuit-day-1-detroit-edison,5,61,1878d6cb3e7c,b0f9bcda655c,p1,1,0,True
retro-reborn-circuit-day-1-detroit-edison,5,62,060a67d975c1,9bdecd176f8c,p2,1,0,True
retro-reborn-circuit-day-1-detroit-edison,5,63,2d49a7a618d6,777201b16a08,p1,1,0,True
retro-reborn-circuit-day-1-detroit-edison,5,64,46699cff5d45,f7c621197fcc,p2,1,0,True
retro-reborn-circuit-day-1-detroit-edison,5,65,69d3e00878ed,b6aa73082550,p1,1,0,True
retro-reborn-circuit-day-1-detroit-edison,5,66,1d0d66709013,a85318df229d,p2,1,0,True
retro-reborn-circuit-day-1-detroit-edison,5,67,21537c8031e9,0090c09ac210,draw,,,True
retro-reborn-circuit-day-1-detroit-edison,5,68,c3cf896ac986,48a8e01fdcf0,p1,1,0,True
retro-reborn-circuit-day-1-detroit-edison,5,69,879ef8335272,c272b2ce6aa7,p1,1,0,True
retro-reborn-circuit-day-1-detroit-edison,5,70,a7f490e14421,3f7f91c9330a,p2,1,0,True
retro-reborn-circuit-day-1-detroit-edison,5,71,53370b893baf,8eb0c5496539,p1,1,0,True
retro-reborn-circuit-day-1-detroit-edison,5,72,b0aed811199e,231dffad2190,p1,1,0,True
retro-reborn-circuit-day-1-detroit-edison,5,73,0daba776b59d,3420fbce5e2e,p1,1,0,True
retro-reborn-circuit-day-1-detroit-edison,5,74,4a90fbffaaca,24466b0fc37c,p1,1,0,True
retro-reborn-circuit-day-1-detroit-edison,5,75,3486f1c89b85,1eabc27b9b7a,p2,1,0,True
retro-reborn-circuit-day-1-detroit-edison,5,76,305dae8df558,1988d7d4a7cb,p1,1,0,True
retro-reborn-circuit-day-1-detroit-edison,6,1,300fdcd2babf,2c9c987756df,p2,1,0,True
retro-reborn-circuit-day-1-detroit-edison,6,2,5a1fc49e132b,ac90a5b36925,p2,1,0,True
retro-reborn-circuit-day-1-detroit-edison,6,3,bc52125ec77f,7b8e6c384581,p1,1,0,True
retro-reborn-circuit-day-1-detroit-edison,6,4,55e2171f6c2f,0e55dd697218,p2,1,0,True
retro-reborn-circuit-day-1-detroit-edison,6,5,0735be36cad1,15852732052c,p2,1,0,True
retro-reborn-circuit-day-1-detroit-edison,6,6,282d8a789859,01ab861efff9,p1,1,0,True
retro-reborn-circuit-day-1-detroit-edison,6,7,7d10747e8ddb,5430f01d0b47,p1,1,0,True
retro-reborn-circuit-day-1-detroit-edison,6,8,caf5061e38c7,0153aa54e58f,p1,1,0,True
retro-reborn-circuit-day-1-detroit-edison,6,9,910c90df211c,ad497da844e5,p1,1,0,True
retro-reborn-circuit-day-1-detroit-edison,6,10,29b386c1c224,be8fd67163ac,p1,1,0,True
retro-reborn-circuit-day-1-detroit-edison,6,11,2b720ce67282,14109b542b1b,p1,1,0,True
retro-reborn-circuit-day-1-detroit-edison,6,12,c12a5513b8ea,f832ef67a0c8,p1,1,0,True
retro-reborn-circuit-day-1-detroit-edison,6,13,fa8f3e2419ec,b243da9569b1,p1,1,0,True
retro-reborn-circuit-day-1-detroit-edison,6,14,1c7c9cbe213e,188880d67ae0,p2,1,0,True
retro-reborn-circuit-day-1-detroit-edison,6,15,b74e0d5fe5ac,ed615b1d7bcc,p2,1,0,True
retro-reborn-circuit-day-1-detroit-edison,6,16,9a9c82713593,b7ec2f9ad25f,p1,1,0,True
retro-reborn-circuit-day-1-detroit-edison,6,17,e53799904a2b,92c828b76816,p1,1,0,True
retro-reborn-circuit-day-1-detroit-edison,6,18,4e1b3eff496c,34c4ffbdfbd5,p1,1,0,True
retro-reborn-circuit-day-1-detroit-edison,6,19,2b4d38ed171f,29ac40251979,p1,1,0,True
retro-reborn-circuit-day-1-detroit-edison,6,20,f37536107ba5,2cfd37688da5,p2,1,0,True
retro-reborn-circuit-day-1-detroit-edison,6,21,9a986d82dfd1,69d3e00878ed,p2,1,0,True
retro-reborn-circuit-day-1-detroit-edison,6,22,999a505f55c7,c59846d47d8d,p1,1,0,True
retro-reborn-circuit-day-1-detroit-edison,6,23,169bb0596470,2f845101cf5a,p1,1,0,True
retro-reborn-circuit-day-1-detroit-edison,6,24,5586c4a19af2,8b0e1fa29a8c,p2,1,0,True
retro-reborn-circuit-day-1-detroit-edison,6,25,f7c621197fcc,75716acdc0eb,p1,1,0,True
retro-reborn-circuit-day-1-detroit-edison,6,26,adebc005c3e2,ec00c290ab90,p2,1,0,True
retro-reborn-circuit-day-1-detroit-edison,6,27,b3170d33631f,f0523278867b,p2,1,0,True
retro-reborn-circuit-day-1-detroit-edison,6,28,d18bbcc28cd3,cf4aa861ac56,p1,1,0,True
retro-reborn-circuit-day-1-detroit-edison,6,29,0c09816754a2,f7e22d9a73f9,p2,1,0,True
retro-reborn-circuit-day-1-detroit-edison,6,30,a2a2b25ae2b7,6fd1797b4060,p1,1,0,True
retro-reborn-circuit-day-1-detroit-edison,6,31,d64d422f94d9,13b1a0f56e8b,p2,1,0,True
retro-reborn-circuit-day-1-detroit-edison,6,32,0099c93eb7da,69c76fcde690,p2,1,0,True
retro-reborn-circuit-day-1-detroit-edison,6,33,23707f92e080,57c9c736f040,p2,1,0,True
retro-reborn-circuit-day-1-detroit-edison,6,34,dd66a2f1b634,5c019eb8a80a,p1,1,0,True
retro-reborn-circuit-day-1-detroit-edison,6,35,bfac4c66a9a7,ef1b05660052,p2,1,0,True
retro-reborn-circuit-day-1-detroit-edison,6,36,7a6a73ff8198,f0731e8743b6,p2,1,0,True
retro-reborn-circuit-day-1-detroit-edison,6,37,2d49a7a618d6,74d5d4d2afd6,p2,1,0,True
retro-reborn-circuit-day-1-detroit-edison,6,38,f748d6454ea2,7710870ce583,p2,1,0,True
retro-reborn-circuit-day-1-detroit-edison,6,39,ce71f3863e89,d9ea5b016a3e,p1,1,0,True
retro-reborn-circuit-day-1-detroit-edison,6,40,09d5586e38d3,a9d505df22ad,p2,1,0,True
retro-reborn-circuit-day-1-detroit-edison,6,41,321fb3ed5cc6,d3b5ca6fbef5,p1,1,0,True
retro-reborn-circuit-day-1-detroit-edison,6,42,8eca9747e406,e251676d5517,p2,1,0,True
retro-reborn-circuit-day-1-detroit-edison,6,43,d82b6e55979c,5f3de2bea8d3,p2,1,0,True
retro-reborn-circuit-day-1-detroit-edison,6,44,4a5556aa6a39,9e8888fec03b,p1,1,0,True
retro-reborn-circuit-day-1-detroit-edison,6,45,628cae788305,0b0e9f275c1f,p2,1,0,True
retro-reborn-circuit-day-1-detroit-edison,6,46,1878d6cb3e7c,a8031cb4a0df,p1,1,0,True
retro-reborn-circuit-day-1-detroit-edison,6,47,9bdecd176f8c,06311cce4f2b,p1,1,0,True
retro-reborn-circuit-day-1-detroit-edison,6,48,b0aed811199e,0daba776b59d,p2,1,0,True
retro-reborn-circuit-day-1-detroit-edison,6,49,3f7f91c9330a,53370b893baf,p2,1,0,True
retro-reborn-circuit-day-1-detroit-edison,6,50,b0f9bcda655c,4a90fbffaaca,p2,1,0,True
retro-reborn-circuit-day-1-detroit-edison,6,51,1eabc27b9b7a,b09affa72191,p1,1,0,True
retro-reborn-circuit-day-1-detroit-edison,6,52,e0fb45ae39ae,905caca38629,p2,1,0,True
retro-reborn-circuit-day-1-detroit-edison,6,53,879ef8335272,5a2eddcfbebc,p2,1,0,True
retro-reborn-circuit-day-1-detroit-edison,6,54,a78d520fd074,c3cf896ac986,p1,1,0,True
retro-reborn-circuit-day-1-detroit-edison,6,55,46699cff5d45,8cdccf31a81b,p2,1,0,True
retro-reborn-circuit-day-1-detroit-edison,6,56,a9a1dcc61fb5,7f17ec52aed4,draw,,,True
retro-reborn-circuit-day-1-detroit-edison,6,57,822f72d6ecb6,f771aa0cb275,p2,1,0,True
retro-reborn-circuit-day-1-detroit-edison,6,58,2f6df736f488,313fedcedfd1,p1,1,0,True
retro-reborn-circuit-day-1-detroit-edison,6,59,c2ef80f40938,ae1be324743e,p1,1,0,True
retro-reborn-circuit-day-1-detroit-edison,6,60,a85318df229d,305dae8df558,p2,1,0,True
retro-reborn-circuit-day-1-detroit-edison,6,61,3486f1c89b85,24466b0fc37c,p2,1,0,True
retro-reborn-circuit-day-1-detroit-edison,6,62,231dffad2190,3420fbce5e2e,p1,1,0,True
retro-reborn-circuit-day-1-detroit-edison,6,63,48a8e01fdcf0,8eb0c5496539,p1,1,0,True
retro-reborn-circuit-day-1-detroit-edison,7,1,bc52125ec77f,ac90a5b36925,p2,1,0,True
retro-reborn-circuit-day-1-detroit-edison,7,2,2c9c987756df,ed615b1d7bcc,p2,1,0,True
retro-reborn-circuit-day-1-detroit-edison,7,3,188880d67ae0,282d8a789859,p2,1,0,True
retro-reborn-circuit-day-1-detroit-edison,7,4,4e1b3eff496c,caf5061e38c7,p1,1,0,True
retro-reborn-circuit-day-1-detroit-edison,7,5,9a9c82713593,55e2171f6c2f,p2,1,0,True
retro-reborn-circuit-day-1-detroit-edison,7,6,2b720ce67282,c12a5513b8ea,p2,1,0,True
retro-reborn-circuit-day-1-detroit-edison,7,7,15852732052c,0e55dd697218,p1,1,0,True
retro-reborn-circuit-day-1-detroit-edison,7,8,7b8e6c384581,7d10747e8ddb,p1,1,0,True
retro-reborn-circuit-day-1-detroit-edison,7,9,300fdcd2babf,910c90df211c,p1,1,0,True
retro-reborn-circuit-day-1-detroit-edison,7,10,5a1fc49e132b,fa8f3e2419ec,p2,1,0,True
retro-reborn-circuit-day-1-detroit-edison,7,11,29b386c1c224,e53799904a2b,p1,1,0,True
retro-reborn-circuit-day-1-detroit-edison,7,12,2b4d38ed171f,f7c621197fcc,p1,1,0,True
retro-reborn-circuit-day-1-detroit-edison,7,13,2cfd37688da5,34c4ffbdfbd5,p1,1,0,True
retro-reborn-circuit-day-1-detroit-edison,7,14,7710870ce583,8b0e1fa29a8c,p1,1,0,True
retro-reborn-circuit-day-1-detroit-edison,7,15,169bb0596470,b243da9569b1,p1,1,0,True
retro-reborn-circuit-day-1-detroit-edison,7,16,ce71f3863e89,69c76fcde690,p2,1,0,True
retro-reborn-circuit-day-1-detroit-edison,7,17,a2a2b25ae2b7,74d5d4d2afd6,p1,1,0,True
retro-reborn-circuit-day-1-detroit-edison,7,18,01ab861efff9,f0731e8743b6,p1,1,0,True
retro-reborn-circuit-day-1-detroit-edison,7,19,5f3de2bea8d3,ec00c290ab90,p2,1,0,True
retro-reborn-circuit-day-1-detroit-edison,7,20,be8fd67163ac,14109b542b1b,p2,1,0,True
retro-reborn-circuit-day-1-detroit-edison,7,21,9bdecd176f8c,0735be36cad1,p2,1,0,True
retro-reborn-circuit-day-1-detroit-edison,7,22,57c9c736f040,1878d6cb3e7c,p2,1,0,True
retro-reborn-circuit-day-1-detroit-edison,7,23,0b0e9f275c1f,b74e0d5fe5ac,p1,1,0,True
retro-reborn-circuit-day-1-detroit-edison,7,24,999a505f55c7,13b1a0f56e8b,p2,1,0,True
retro-reborn-circuit-day-1-detroit-edison,7,25,d18bbcc28cd3,f0523278867b,p1,1,0,True
retro-reborn-circuit-day-1-detroit-edison,7,26,f832ef67a0c8,4a5556aa6a39,p1,1,0,True
retro-reborn-circuit-day-1-detroit-edison,7,27,f7e22d9a73f9,e251676d5517,p1,1,0,True
retro-reborn-circuit-day-1-detroit-edison,7,28,5430f01d0b47,321fb3ed5cc6,p1,1,0,True
retro-reborn-circuit-day-1-detroit-edison,7,29,92c828b76816,dd66a2f1b634,p1,1,0,True
retro-reborn-circuit-day-1-detroit-edison,7,30,a9d505df22ad,1c7c9cbe213e,p1,1,0,True
retro-reborn-circuit-day-1-detroit-edison,7,31,b7ec2f9ad25f,ad497da844e5,p2,1,0,True
retro-reborn-circuit-day-1-detroit-edison,7,32,0153aa54e58f,ef1b05660052,p1,1,0,True
retro-reborn-circuit-day-1-detroit-edison,7,33,69d3e00878ed,4a90fbffaaca,p1,1,0,True
retro-reborn-circuit-day-1-detroit-edison,7,34,d9ea5b016a3e,628cae788305,p2,1,0,True
retro-reborn-circuit-day-1-detroit-edison,7,35,2f845101cf5a,2f6df736f488,p2,1,0,True
retro-reborn-circuit-day-1-detroit-edison,7,36,5a2eddcfbebc,d82b6e55979c,draw,,,True
retro-reborn-circuit-day-1-detroit-edison,7,37,cf4aa861ac56,29ac40251979,p1,1,0,True
retro-reborn-circuit-day-1-detroit-edison,7,38,bfac4c66a9a7,0c09816754a2,draw,,,True
retro-reborn-circuit-day-1-detroit-edison,7,39,1eabc27b9b7a,c2ef80f40938,p1,1,0,True
retro-reborn-circuit-day-1-detroit-edison,7,40,53370b893baf,f771aa0cb275,p1,1,0,True
retro-reborn-circuit-day-1-detroit-edison,7,41,a78d520fd074,9e8888fec03b,p2,1,0,True
retro-reborn-circuit-day-1-detroit-edison,7,42,f748d6454ea2,905caca38629,p2,1,0,True
retro-reborn-circuit-day-1-detroit-edison,7,43,a8031cb4a0df,0daba776b59d,p2,1,0,True
retro-reborn-circuit-day-1-detroit-edison,7,44,09d5586e38d3,75716acdc0eb,p1,1,0,True
retro-reborn-circuit-day-1-detroit-edison,7,45,5c019eb8a80a,305dae8df558,p1,1,0,True
retro-reborn-circuit-day-1-detroit-edison,7,46,06311cce4f2b,48a8e01fdcf0,p2,1,0,True
retro-reborn-circuit-day-1-detroit-edison,7,47,46699cff5d45,879ef8335272,p2,1,0,True
retro-reborn-circuit-day-1-detroit-edison,7,48,b09affa72191,231dffad2190,p2,1,0,True
retro-reborn-circuit-day-1-detroit-edison,7,49,24466b0fc37c,b0aed811199e,p1,1,0,True
retro-reborn-circuit-day-1-detroit-edison,7,50,a85318df229d,c3cf896ac986,p1,1,0,True
retro-reborn-circuit-day-1-detroit-edison,7,51,1988d7d4a7cb,3420fbce5e2e,p1,1,0,True
retro-reborn-circuit-day-1-detroit-edison,8,1,ac90a5b36925,fa8f3e2419ec,p2,1,0,True
retro-reborn-circuit-day-1-detroit-edison,8,2,2c9c987756df,bc52125ec77f,p2,1,0,True
retro-reborn-circuit-day-1-detroit-edison,8,3,300fdcd2babf,7b8e6c384581,p1,1,0,True
retro-reborn-circuit-day-1-detroit-edison,8,4,282d8a789859,55e2171f6c2f,p2,1,0,True
retro-reborn-circuit-day-1-detroit-edison,8,5,4e1b3eff496c,29b386c1c224,p1,1,0,True
retro-reborn-circuit-day-1-detroit-edison,8,6,c12a5513b8ea,15852732052c,p1,1,0,True
retro-reborn-circuit-day-1-detroit-edison,8,7,ed615b1d7bcc,2b4d38ed171f,p2,1,0,True
retro-reborn-circuit-day-1-detroit-edison,8,8,14109b542b1b,1878d6cb3e7c,p1,1,0,True
retro-reborn-circuit-day-1-detroit-edison,8,9,a2a2b25ae2b7,f832ef67a0c8,p1,1,0,True
retro-reborn-circuit-day-1-detroit-edison,8,10,69c76fcde690,01ab861efff9,p2,1,0,True
retro-reborn-circuit-day-1-detroit-edison,8,11,2cfd37688da5,0e55dd697218,p2,1,0,True
retro-reborn-circuit-day-1-detroit-edison,8,12,0735be36cad1,9a9c82713593,p2,1,0,True
retro-reborn-circuit-day-1-detroit-edison,8,13,13b1a0f56e8b,188880d67ae0,p2,1,0,True
retro-reborn-circuit-day-1-detroit-edison,8,14,7d10747e8ddb,7710870ce583,p1,1,0,True
retro-reborn-circuit-day-1-detroit-edison,8,15,5a1fc49e132b,caf5061e38c7,p1,1,0,True
retro-reborn-circuit-day-1-detroit-edison,8,16,d18bbcc28cd3,0153aa54e58f,p2,1,0,True
retro-reborn-circuit-day-1-detroit-edison,8,17,2b720ce67282,69d3e00878ed,p1,1,0,True
retro-reborn-circuit-day-1-detroit-edison,8,18,ec00c290ab90,169bb0596470,p2,1,0,True
retro-reborn-circuit-day-1-detroit-edison,8,19,910c90df211c,a9d505df22ad,p2,1,0,True
retro-reborn-circuit-day-1-detroit-edison,8,20,e53799904a2b,ad497da844e5,p2,1,0,True
retro-reborn-circuit-day-1-detroit-edison,8,21,f7e22d9a73f9,0b0e9f275c1f,p2,1,0,True
retro-reborn-circuit-day-1-detroit-edison,8,22,5430f01d0b47,92c828b76816,p2,1,0,True
retro-reborn-circuit-day-1-detroit-edison,8,23,53370b893baf,34c4ffbdfbd5,p1,1,0,True
retro-reborn-circuit-day-1-detroit-edison,8,24,2f6df736f488,999a505f55c7,p2,1,0,True
retro-reborn-circuit-day-1-detroit-edison,8,25,f0523278867b,628cae788305,p2,1,0,True
retro-reborn-circuit-day-1-detroit-edison,8,26,9bdecd176f8c,cf4aa861ac56,p1,1,0,True
retro-reborn-circuit-day-1-detroit-edison,8,27,321fb3ed5cc6,74d5d4d2afd6,p2,1,0,True
retro-reborn-circuit-day-1-detroit-edison,8,28,be8fd67163ac,1eabc27b9b7a,p2,1,0,True
retro-reborn-circuit-day-1-detroit-edison,8,29,b74e0d5fe5ac,5c019eb8a80a,p2,1,0,True
retro-reborn-circuit-day-1-detroit-edison,8,30,09d5586e38d3,0daba776b59d,p2,1,0,True
retro-reborn-circuit-day-1-detroit-edison,8,31,b7ec2f9ad25f,5f3de2bea8d3,p1,1,0,True
retro-reborn-circuit-day-1-detroit-edison,8,32,dd66a2f1b634,905caca38629,p2,1,0,True
retro-reborn-circuit-day-1-detroit-edison,8,33,8b0e1fa29a8c,9e8888fec03b,p2,1,0,True
retro-reborn-circuit-day-1-detroit-edison,8,34,5a2eddcfbebc,4a90fbffaaca,p1,1,0,True
retro-reborn-circuit-day-1-detroit-edison,8,35,d82b6e55979c,75716acdc0eb,p1,1,0,True
retro-reborn-circuit-day-1-detroit-edison,8,36,48a8e01fdcf0,24466b0fc37c,p1,1,0,True
retro-reborn-circuit-day-1-detroit-edison,8,37,a85318df229d,29ac40251979,p2,1,0,True
retro-reborn-circuit-day-1-detroit-edison,8,38,231dffad2190,c2ef80f40938,p2,1,0,True
retro-reborn-circuit-day-1-detroit-edison,8,39,f771aa0cb275,305dae8df558,p1,1,0,True
retro-reborn-circuit-day-1-detroit-edison,8,40,c3cf896ac986,b0aed811199e,p1,1,0,True
retro-reborn-circuit-day-1-detroit-edison,8,41,1988d7d4a7cb,46699cff5d45,p1,1,0,True
retro-reborn-circuit-day-1-detroit-edison,Finals,1,c12a5513b8ea,0e55dd697218,p1,1,0,True
retro-reborn-circuit-day-1-detroit-edison,Top 16,1,c12a5513b8ea,29b386c1c224,p1,1,0,True
retro-reborn-circuit-day-1-detroit-edison,Top 16,2,2b4d38ed171f,2c9c987756df,p1,1,0,True
retro-reborn-circuit-day-1-detroit-edison,Top 16,3,55e2171f6c2f,7d10747e8ddb,p2,1,0,True
retro-reborn-circuit-day-1-detroit-edison,Top 16,4,ac90a5b36925,7b8e6c384581,p2,1,0,True
retro-reborn-circuit-day-1-detroit-edison,Top 16,5,fa8f3e2419ec,2b720ce67282,p1,1,0,True
retro-reborn-circuit-day-1-detroit-edison,Top 16,6,bc52125ec77f,5a1fc49e132b,p2,1,0,True
retro-reborn-circuit-day-1-detroit-edison,Top 16,7,4e1b3eff496c,0e55dd697218,p2,1,0,True
retro-reborn-circuit-day-1-detroit-edison,Top 16,8,300fdcd2babf,15852732052c,p1,1,0,True
retro-reborn-circuit-day-1-detroit-edison,Top 4,1,c12a5513b8ea,7b8e6c384581,p1,1,0,True
retro-reborn-circuit-day-1-detroit-edison,Top 4,2,0e55dd697218,5a1fc49e132b,p1,1,0,True
retro-reborn-circuit-day-1-detroit-edison,Top 8,1,c12a5513b8ea,2b4d38ed171f,p1,1,0,True
retro-reborn-circuit-day-1-detroit-edison,Top 8,2,7d10747e8ddb,7b8e6c384581,p2,1,0,True
retro-reborn-circuit-day-1-detroit-edison,Top 8,3,5a1fc49e132b,fa8f3e2419ec,p1,1,0,True
retro-reborn-circuit-day-1-detroit-edison,Top 8,4,300fdcd2babf,0e55dd697218,p2,1,0,True
poyo-weekly-10,1,1,8712b3365d85,5a92e077d22d,p1,2,1,False
poyo-weekly-10,1,2,9da56f40a898,7f15a76b7061,p1,2,0,False
poyo-weekly-10,2,1,9da56f40a898,6b20d6889c27,p1,2,1,False
poyo-weekly-10,2,2,8712b3365d85,7f15a76b7061,p1,2,0,False
poyo-weekly-10,3,1,9da56f40a898,8712b3365d85,p2,2,1,False
poyo-weekly-10,3,2,5a92e077d22d,6b20d6889c27,p2,2,0,False
poyo-weekly-9,1,1,9da56f40a898,5a92e077d22d,p2,2,1,False
poyo-weekly-9,1,2,6b20d6889c27,7f15a76b7061,p1,2,0,False
poyo-weekly-9,2,1,6b20d6889c27,8712b3365d85,p1,2,1,False
poyo-weekly-9,2,2,5a92e077d22d,7f15a76b7061,p1,2,0,False
poyo-weekly-9,3,1,5a92e077d22d,6b20d6889c27,p1,2,1,False
poyo-weekly-9,3,2,8712b3365d85,9da56f40a898,p1,2,1,False
rrc-detroit-side-event-3-edison,Finals,1,b046391dfbdf,7704d9026d4f,p2,1,0,False
rrc-detroit-side-event-3-edison,Top 4,1,b046391dfbdf,a1d270a8d3bb,p1,1,0,False
rrc-detroit-side-event-3-edison,Top 4,2,7704d9026d4f,f37ee0c9fb99,p1,1,0,False
rrc-detroit-side-event-3-edison,Top 8,1,ec8e833bac8c,b046391dfbdf,p2,1,0,False
rrc-detroit-side-event-3-edison,Top 8,2,a1d270a8d3bb,dd5f4e9839d3,p1,1,0,False
rrc-detroit-side-event-3-edison,Top 8,3,9c997f1114ba,f37ee0c9fb99,p2,1,0,False
rrc-detroit-side-event-3-edison,Top 8,4,7704d9026d4f,f853366c1575,p1,1,0,False
yu-gi-oh-weekly-play,1,1,6ba120b28d36,d43050a548c5,p1,2,0,False
yu-gi-oh-weekly-play,1,2,4b201b66b1c2,744f1696f9b1,p1,2,0,False
yu-gi-oh-weekly-play,1,3,918ebb50afba,4a13f4b671c1,p1,2,0,False
yu-gi-oh-weekly-play,1,4,9d6ae0ae3ed5,19fd465d60d2,p2,2,0,False
yu-gi-oh-weekly-play,1,5,3b0b4feb6d06,c37005231726,p2,2,0,False
yu-gi-oh-weekly-play,1,6,fe1388971d99,e3facbb12743,p2,2,0,False
yu-gi-oh-weekly-play,1,7,143310cbd451,c22ce8402655,p2,2,0,False
yu-gi-oh-weekly-play,2,1,c22ce8402655,6ba120b28d36,p1,2,0,False
yu-gi-oh-weekly-play,2,2,e3facbb12743,19fd465d60d2,p1,2,0,False
yu-gi-oh-weekly-play,2,3,4b201b66b1c2,918ebb50afba,p2,2,0,False
yu-gi-oh-weekly-play,2,4,c37005231726,744f1696f9b1,p2,2,0,False
yu-gi-oh-weekly-play,2,5,3b0b4feb6d06,143310cbd451,p1,2,0,False
yu-gi-oh-weekly-play,2,6,fe1388971d99,9d6ae0ae3ed5,p1,2,0,False
yu-gi-oh-weekly-play,2,7,4a13f4b671c1,d43050a548c5,p2,2,0,False
yu-gi-oh-weekly-play,3,1,918ebb50afba,e3facbb12743,p2,2,0,False
yu-gi-oh-weekly-play,3,2,c22ce8402655,c37005231726,p2,2,0,False
yu-gi-oh-weekly-play,3,3,4b201b66b1c2,fe1388971d99,p2,2,0,False
yu-gi-oh-weekly-play,3,4,19fd465d60d2,d43050a548c5,p1,2,0,False
yu-gi-oh-weekly-play,3,5,744f1696f9b1,6ba120b28d36,p2,2,0,False
yu-gi-oh-weekly-play,3,6,3b0b4feb6d06,4a13f4b671c1,p1,2,0,False
yu-gi-oh-weekly-play,3,7,9d6ae0ae3ed5,143310cbd451,p2,2,0,False
edison-locals-16,1,1,0b0e9f275c1f,c73766c3a1b5,p2,2,0,False
edison-locals-16,1,2,76f1c2591e89,6fc913d51d98,p2,2,1,False
edison-locals-16,1,3,3122bed3c204,cc6dd1063fbe,p2,2,0,False
edison-locals-16,1,4,7c69072ad0cb,be2f9b4f46b2,p1,2,1,False
edison-locals-16,1,5,9f34671a13f2,6e1f0719c5d0,p1,2,1,False
edison-locals-16,1,6,47ddbb220e92,0beafbe0b94d,p1,2,0,False
edison-locals-16,1,7,0a72ad698f9b,906b825905ad,p1,2,0,False
edison-locals-16,2,1,0a72ad698f9b,9f34671a13f2,p2,2,0,False
edison-locals-16,2,2,c73766c3a1b5,7c69072ad0cb,p2,2,1,False
edison-locals-16,2,3,47ddbb220e92,6fc913d51d98,p2,2,0,False
edison-locals-16,2,4,cc6dd1063fbe,906b825905ad,p2,2,0,False
edison-locals-16,2,5,be2f9b4f46b2,0beafbe0b94d,p1,2,0,False
edison-locals-16,2,6,76f1c2591e89,3122bed3c204,p2,2,0,False
edison-locals-16,2,7,6e1f0719c5d0,0b0e9f275c1f,p2,2,1,False
edison-locals-16,3,1,6fc913d51d98,7c69072ad0cb,p2,2,1,False
edison-locals-16,3,2,9f34671a13f2,cc6dd1063fbe,p1,2,0,False
edison-locals-16,3,3,906b825905ad,c73766c3a1b5,p2,2,0,False
edison-locals-16,3,4,0a72ad698f9b,47ddbb220e92,p2,2,1,False
edison-locals-16,3,5,be2f9b4f46b2,3122bed3c204,p1,2,1,False
edison-locals-16,3,6,0b0e9f275c1f,76f1c2591e89,p1,2,1,False
edison-locals-16,3,7,6e1f0719c5d0,0beafbe0b94d,p2,2,0,False
edison-locals-16,4,1,7c69072ad0cb,9f34671a13f2,p2,2,0,False
edison-locals-16,4,2,0b0e9f275c1f,47ddbb220e92,p2,2,0,False
edison-locals-16,4,3,be2f9b4f46b2,c73766c3a1b5,p1,2,1,False
edison-locals-16,4,4,6fc913d51d98,0beafbe0b94d,p2,2,0,False
edison-locals-16,4,5,0a72ad698f9b,cc6dd1063fbe,p1,2,1,False
edison-locals-16,4,6,3122bed3c204,906b825905ad,p2,2,0,False
edison-locals-16,4,7,6e1f0719c5d0,76f1c2591e89,p2,2,0,False
poyo-weekly-8,1,1,6b20d6889c27,8712b3365d85,p2,2,1,False
poyo-weekly-8,1,2,e82d7d02189d,35f9379205a2,p1,2,0,False
poyo-weekly-8,2,1,8712b3365d85,7f15a76b7061,draw,,,False
poyo-weekly-8,2,2,e82d7d02189d,6b20d6889c27,p1,2,1,False
poyo-weekly-8,3,1,e82d7d02189d,7f15a76b7061,p1,2,1,False
poyo-weekly-8,3,2,35f9379205a2,8712b3365d85,p2,2,1,False
lds-las-vegas-edison-day-2,1,1,647a3c0fa4d3,f4edd0cafab0,p2,2,0,True
lds-las-vegas-edison-day-2,1,2,f5556927c5e3,b935c691ab27,p2,1,0,True
lds-las-vegas-edison-day-2,1,3,9fb98e5630cd,87a292e4409f,p2,2,0,True
lds-las-vegas-edison-day-2,1,4,5f16d1f2102a,5b4cf55131e6,p1,1,0,False
lds-las-vegas-edison-day-2,1,5,fcca093a3bd0,c1d4cc03e5fb,p1,2,1,True
lds-las-vegas-edison-day-2,1,6,3d4020934593,ad497da844e5,p2,1,0,False
lds-las-vegas-edison-day-2,1,7,d6d1e774b518,5571b2c1d48a,p2,2,0,True
lds-las-vegas-edison-day-2,1,8,1cb29c0e9fab,39b9b075f532,p2,2,0,True
lds-las-vegas-edison-day-2,1,9,401cfda18ae1,6b1b84603a32,p1,1,0,True
lds-las-vegas-edison-day-2,1,10,de7a869bb1d9,db8d38043b47,p1,1,0,True
lds-las-vegas-edison-day-2,1,11,5d7b04a14fab,356994514937,p2,1,0,False
lds-las-vegas-edison-day-2,1,12,2ceacba6f284,ff9fb1ac860c,p1,1,0,True
lds-las-vegas-edison-day-2,1,13,1b1259af189e,68dbed5c13c8,p2,1,0,False
lds-las-vegas-edison-day-2,1,14,c0027d6935fa,f9ff4ae105e6,p1,2,0,True
lds-las-vegas-edison-day-2,1,15,376424ae1cdc,8e5619f3af12,p1,1,0,False
lds-las-vegas-edison-day-2,1,16,63297b7f7baa,3ead9fc898b2,p2,1,0,True
lds-las-vegas-edison-day-2,1,17,56e59d3771ae,95da534b0f49,p1,1,0,True
lds-las-vegas-edison-day-2,1,18,0f896a11737b,a5268f0526c9,p1,2,1,True
lds-las-vegas-edison-day-2,1,20,ccef79f70326,132fa60ef657,p2,1,0,True
lds-las-vegas-edison-day-2,1,21,c12e6d0f5e9f,9014ec8c00f0,p1,1,0,True
lds-las-vegas-edison-day-2,1,22,d8dd12fba0d6,2f1035b313d6,p1,1,0,True
lds-las-vegas-edison-day-2,1,23,e52e67cd8a85,55436152ef2e,p1,1,0,False
lds-las-vegas-edison-day-2,1,24,f14c47a5c9f1,3e8141d7e3cf,p2,2,0,False
lds-las-vegas-edison-day-2,1,25,278d24a293e6,446dfdff5e10,p1,2,1,True
lds-las-vegas-edison-day-2,1,26,9076816f94d4,ab492377d078,p2,1,0,False
lds-las-vegas-edison-day-2,1,27,3179bb49d9fa,038998b32557,p2,1,0,True
lds-las-vegas-edison-day-2,1,28,bc9cd455f270,779e4a2a2992,p2,1,0,True
lds-las-vegas-edison-day-2,1,29,7744617154a3,910c90df211c,p2,2,0,True
lds-las-vegas-edison-day-2,1,30,7f0e1b6aba55,d23c3e29ee1d,p2,1,0,False
lds-las-vegas-edison-day-2,1,31,a177e2344ca2,6ce436430145,p1,2,1,True
lds-las-vegas-edison-day-2,1,32,f30800e67a98,1708f2bee690,p1,2,0,False
lds-las-vegas-edison-day-2,1,33,913ab2714733,4a243fedccda,p1,1,0,False
lds-las-vegas-edison-day-2,1,34,42bba3593571,a9219aa352b8,p1,2,0,False
lds-las-vegas-edison-day-2,1,35,9bd68ce4b3dc,35efd7eb2d42,p1,2,0,True
lds-las-vegas-edison-day-2,1,36,f9eb71dfa231,84fc466244ee,p1,2,0,True
lds-las-vegas-edison-day-2,1,37,52d8f7542383,2761f8b46dbb,p1,1,0,True
lds-las-vegas-edison-day-2,1,38,c0f48b5f9428,89d029a90bb9,p1,1,0,True
lds-las-vegas-edison-day-2,1,39,caf5061e38c7,1bc75091b77a,p1,1,0,True
lds-las-vegas-edison-day-2,1,40,1aa800a08b2d,7e3d4ed38b0f,p2,2,0,False
lds-las-vegas-edison-day-2,1,41,393bdae85223,efebc47a61ed,p2,2,0,True
lds-las-vegas-edison-day-2,1,42,6d5fdd6f0987,20f437348cad,p1,2,1,True
lds-las-vegas-edison-day-2,1,43,f8b528b8a9fa,ca269d283701,p1,2,0,True
lds-las-vegas-edison-day-2,1,44,0e0d55f7a750,b09affa72191,p1,2,1,False
lds-las-vegas-edison-day-2,1,45,f553bec37c37,c1cedac4bfa4,p1,2,1,True
lds-las-vegas-edison-day-2,1,46,e35129ff56c5,73ff19531018,p2,2,0,True
lds-las-vegas-edison-day-2,1,48,8b4a5d9e875a,a93625e3197e,p1,2,1,False
lds-las-vegas-edison-day-2,1,49,c605f96bddf1,9049ee96f981,p2,1,0,True
lds-las-vegas-edison-day-2,2,1,c101bb7cdc27,fcca093a3bd0,p2,2,0,True
lds-las-vegas-edison-day-2,2,2,5571b2c1d48a,a177e2344ca2,p1,2,1,True
lds-las-vegas-edison-day-2,2,3,6d5fdd6f0987,9049ee96f981,p1,2,0,True
lds-las-vegas-edison-day-2,2,4,56e59d3771ae,278d24a293e6,p2,2,0,True
lds-las-vegas-edison-day-2,2,5,c12e6d0f5e9f,7e3d4ed38b0f,p2,2,0,True
lds-las-vegas-edison-day-2,2,6,913ab2714733,f553bec37c37,p1,2,0,False
lds-las-vegas-edison-day-2,2,7,5e6fdcf399c5,c0027d6935fa,p2,1,0,True
lds-las-vegas-edison-day-2,2,8,f30800e67a98,87a292e4409f,p1,2,1,True
lds-las-vegas-edison-day-2,2,9,1af081e083d0,b935c691ab27,p2,1,0,True
lds-las-vegas-edison-day-2,2,10,f8b528b8a9fa,9bd68ce4b3dc,p2,1,0,True
lds-las-vegas-edison-day-2,2,11,8b4a5d9e875a,39b9b075f532,p2,2,1,True
lds-las-vegas-edison-day-2,2,12,ad497da844e5,f4edd0cafab0,p2,2,1,True
lds-las-vegas-edison-day-2,2,13,d23c3e29ee1d,376424ae1cdc,p1,1,0,False
lds-las-vegas-edison-day-2,2,14,42bba3593571,0f896a11737b,p1,1,0,True
lds-las-vegas-edison-day-2,2,15,52d8f7542383,caf5061e38c7,p2,1,0,True
lds-las-vegas-edison-day-2,2,16,ab492377d078,68dbed5c13c8,p1,1,0,True
lds-las-vegas-edison-day-2,2,17,3ead9fc898b2,c0f48b5f9428,p2,1,0,True
lds-las-vegas-edison-day-2,2,18,356994514937,5f16d1f2102a,p1,1,0,True
lds-las-vegas-edison-day-2,2,19,132fa60ef657,2ceacba6f284,p2,1,0,True
lds-las-vegas-edison-day-2,2,20,73ff19531018,779e4a2a2992,p2,2,1,True
lds-las-vegas-edison-day-2,2,21,efebc47a61ed,de7a869bb1d9,p2,2,0,True
lds-las-vegas-edison-day-2,2,22,910c90df211c,401cfda18ae1,p1,2,0,True
lds-las-vegas-edison-day-2,2,23,d8dd12fba0d6,89e57c3ed1a5,p1,1,0,True
lds-las-vegas-edison-day-2,2,24,3e8141d7e3cf,e52e67cd8a85,p1,2,0,False
lds-las-vegas-edison-day-2,2,25,038998b32557,f9eb71dfa231,p1,1,0,True
lds-las-vegas-edison-day-2,2,26,0e0d55f7a750,a93625e3197e,p2,2,0,False
lds-las-vegas-edison-day-2,2,27,446dfdff5e10,9fb98e5630cd,p1,1,0,True
lds-las-vegas-edison-day-2,2,28,20f437348cad,1bc75091b77a,p1,1,0,True
lds-las-vegas-edison-day-2,2,29,ccef79f70326,7744617154a3,p1,2,0,True
lds-las-vegas-edison-day-2,2,30,393bdae85223,8e5619f3af12,p1,1,0,True
lds-las-vegas-edison-day-2,2,31,b09affa72191,2761f8b46dbb,p1,2,1,True
lds-las-vegas-edison-day-2,2,32,95da534b0f49,2f1035b313d6,p2,1,0,True
lds-las-vegas-edison-day-2,2,33,1708f2bee690,1cb29c0e9fab,p1,1,0,False
lds-las-vegas-edison-day-2,2,34,c1cedac4bfa4,3d4020934593,p2,1,0,False
lds-las-vegas-edison-day-2,2,35,bc9cd455f270,f5556927c5e3,p1,2,1,True
lds-las-vegas-edison-day-2,2,36,89d029a90bb9,f14c47a5c9f1,p1,1,0,True
lds-las-vegas-edison-day-2,2,37,3179bb49d9fa,d6d1e774b518,p1,1,0,True
lds-las-vegas-edison-day-2,2,38,c1d4cc03e5fb,63297b7f7baa,p1,1,0,True
lds-las-vegas-edison-day-2,2,39,e35129ff56c5,6b1b84603a32,p1,2,1,True
lds-las-vegas-edison-day-2,2,40,1aa800a08b2d,647a3c0fa4d3,p2,1,0,False
lds-las-vegas-edison-day-2,2,41,9014ec8c00f0,5b4cf55131e6,p2,2,1,False
lds-las-vegas-edison-day-2,2,42,ff9fb1ac860c,5d7b04a14fab,p1,1,0,False
lds-las-vegas-edison-day-2,2,43,6ce436430145,84fc466244ee,p1,2,0,True
lds-las-vegas-edison-day-2,2,44,35efd7eb2d42,db8d38043b47,p2,2,1,True
lds-las-vegas-edison-day-2,2,45,4a243fedccda,c605f96bddf1,p2,2,1,True
lds-las-vegas-edison-day-2,2,46,9076816f94d4,a5268f0526c9,p2,1,0,False
lds-las-vegas-edison-day-2,2,47,1b1259af189e,7f0e1b6aba55,p1,2,0,False
lds-las-vegas-edison-day-2,2,48,55436152ef2e,ca269d283701,p2,1,0,True
lds-las-vegas-edison-day-2,3,1,7e3d4ed38b0f,5571b2c1d48a,p1,1,0,True
lds-las-vegas-edison-day-2,3,2,42bba3593571,356994514937,p1,1,0,True
lds-las-vegas-edison-day-2,3,3,3e8141d7e3cf,d23c3e29ee1d,p1,2,1,False
lds-las-vegas-edison-day-2,3,4,2ceacba6f284,779e4a2a2992,p1,2,1,True
lds-las-vegas-edison-day-2,3,5,b935c691ab27,39b9b075f532,p2,2,0,True
lds-las-vegas-edison-day-2,3,6,c0027d6935fa,caf5061e38c7,p2,1,0,True
lds-las-vegas-edison-day-2,3,7,fcca093a3bd0,6d5fdd6f0987,p2,2,0,True
lds-las-vegas-edison-day-2,3,8,f4edd0cafab0,038998b32557,p1,2,1,True
lds-las-vegas-edison-day-2,3,9,d8dd12fba0d6,f30800e67a98,p1,1,0,True
lds-las-vegas-edison-day-2,3,10,ab492377d078,913ab2714733,p2,2,1,False
lds-las-vegas-edison-day-2,3,11,278d24a293e6,910c90df211c,p2,2,0,True
lds-las-vegas-edison-day-2,3,12,9bd68ce4b3dc,de7a869bb1d9,p2,1,0,True
lds-las-vegas-edison-day-2,3,13,c0f48b5f9428,393bdae85223,p1,1,0,True
lds-las-vegas-edison-day-2,3,14,c101bb7cdc27,446dfdff5e10,p1,2,0,True
lds-las-vegas-edison-day-2,3,15,0f896a11737b,a93625e3197e,p1,2,1,False
lds-las-vegas-edison-day-2,3,16,efebc47a61ed,132fa60ef657,p2,2,0,True
lds-las-vegas-edison-day-2,3,17,db8d38043b47,89d029a90bb9,p2,1,0,True
lds-las-vegas-edison-day-2,3,18,0e0d55f7a750,f8b528b8a9fa,p1,1,0,False
lds-las-vegas-edison-day-2,3,19,6ce436430145,5b4cf55131e6,p2,2,1,False
lds-las-vegas-edison-day-2,3,20,68dbed5c13c8,87a292e4409f,p2,2,1,True
lds-las-vegas-edison-day-2,3,21,f553bec37c37,5e6fdcf399c5,p1,1,0,True
lds-las-vegas-edison-day-2,3,22,b09affa72191,8b4a5d9e875a,p1,2,0,True
lds-las-vegas-edison-day-2,3,23,401cfda18ae1,1af081e083d0,p2,1,0,True
lds-las-vegas-edison-day-2,3,24,376424ae1cdc,20f437348cad,p1,1,0,False
lds-las-vegas-edison-day-2,3,25,a177e2344ca2,ff9fb1ac860c,p2,1,0,True
lds-las-vegas-edison-day-2,3,26,f9eb71dfa231,1708f2bee690,p1,2,0,False
lds-las-vegas-edison-day-2,3,27,ad497da844e5,56e59d3771ae,p2,1,0,True
lds-las-vegas-edison-day-2,3,28,647a3c0fa4d3,2f1035b313d6,p1,1,0,True
lds-las-vegas-edison-day-2,3,29,ccef79f70326,89e57c3ed1a5,p1,1,0,True
lds-las-vegas-edison-day-2,3,30,c12e6d0f5e9f,3ead9fc898b2,p1,1,0,True
lds-las-vegas-edison-day-2,3,31,e35129ff56c5,a5268f0526c9,p1,2,0,True
lds-las-vegas-edison-day-2,3,32,3179bb49d9fa,9049ee96f981,p1,1,0,True
lds-las-vegas-edison-day-2,3,33,ca269d283701,73ff19531018,p2,2,1,True
lds-las-vegas-edison-day-2,3,34,c605f96bddf1,1b1259af189e,p2,2,0,False
lds-las-vegas-edison-day-2,3,35,e52e67cd8a85,5f16d1f2102a,p2,1,0,False
lds-las-vegas-edison-day-2,3,36,bc9cd455f270,52d8f7542383,p2,2,0,True
lds-las-vegas-edison-day-2,3,37,3d4020934593,c1d4cc03e5fb,p1,1,0,False
lds-las-vegas-edison-day-2,3,38,c1cedac4bfa4,9fb98e5630cd,p1,2,0,True
lds-las-vegas-edison-day-2,3,39,f14c47a5c9f1,84fc466244ee,p2,2,0,True
lds-las-vegas-edison-day-2,3,40,6b1b84603a32,2761f8b46dbb,p1,1,0,True
lds-las-vegas-edison-day-2,3,41,35efd7eb2d42,7744617154a3,p1,2,0,True
lds-las-vegas-edison-day-2,3,42,f5556927c5e3,9076816f94d4,p1,2,0,False
lds-las-vegas-edison-day-2,4,1,3e8141d7e3cf,c0f48b5f9428,p2,2,0,False
lds-las-vegas-edison-day-2,4,2,6d5fdd6f0987,913ab2714733,p1,2,0,False
lds-las-vegas-edison-day-2,4,3,42bba3593571,caf5061e38c7,p2,1,0,True
lds-las-vegas-edison-day-2,4,4,910c90df211c,de7a869bb1d9,p1,2,0,True
lds-las-vegas-edison-day-2,4,5,d8dd12fba0d6,39b9b075f532,p1,1,0,True
lds-las-vegas-edison-day-2,4,6,f4edd0cafab0,7e3d4ed38b0f,p2,1,0,True
lds-las-vegas-edison-day-2,4,7,2ceacba6f284,d23c3e29ee1d,p1,1,0,True
lds-las-vegas-edison-day-2,4,8,5571b2c1d48a,c12e6d0f5e9f,p1,2,0,True
lds-las-vegas-edison-day-2,4,9,0f896a11737b,f30800e67a98,p1,2,1,True
lds-las-vegas-edison-day-2,4,10,5f16d1f2102a,c101bb7cdc27,p2,2,1,True
lds-las-vegas-edison-day-2,4,11,56e59d3771ae,1af081e083d0,p1,1,0,True
lds-las-vegas-edison-day-2,4,12,f9eb71dfa231,ff9fb1ac860c,p2,1,0,True
lds-las-vegas-edison-day-2,4,13,f553bec37c37,3d4020934593,p1,2,1,False
lds-las-vegas-edison-day-2,4,14,376424ae1cdc,356994514937,p1,1,0,False
lds-las-vegas-edison-day-2,4,15,c0027d6935fa,89d029a90bb9,p2,1,0,True
lds-las-vegas-edison-day-2,4,16,e35129ff56c5,0e0d55f7a750,p2,1,0,False
lds-las-vegas-edison-day-2,4,17,73ff19531018,87a292e4409f,p2,2,1,True
lds-las-vegas-edison-day-2,4,18,5b4cf55131e6,278d24a293e6,p1,2,1,False
lds-las-vegas-edison-day-2,4,19,52d8f7542383,3179bb49d9fa,p2,1,0,True
lds-las-vegas-edison-day-2,4,20,038998b32557,779e4a2a2992,p1,1,0,True
lds-las-vegas-edison-day-2,4,21,ab492377d078,b935c691ab27,p1,1,0,True
lds-las-vegas-edison-day-2,4,22,fcca093a3bd0,132fa60ef657,p1,2,1,True
lds-las-vegas-edison-day-2,4,23,9bd68ce4b3dc,b09affa72191,p1,1,0,True
lds-las-vegas-edison-day-2,4,24,647a3c0fa4d3,ccef79f70326,p2,1,0,True
lds-las-vegas-edison-day-2,4,25,20f437348cad,6b1b84603a32,p1,1,0,True
lds-las-vegas-edison-day-2,4,26,4a243fedccda,35efd7eb2d42,p2,2,1,True
lds-las-vegas-edison-day-2,4,27,db8d38043b47,3ead9fc898b2,p2,1,0,True
lds-las-vegas-edison-day-2,4,28,6ce436430145,2f1035b313d6,p2,1,0,True
lds-las-vegas-edison-day-2,4,29,a177e2344ca2,84fc466244ee,p1,2,0,True
lds-las-vegas-edison-day-2,4,30,f5556927c5e3,1708f2bee690,p2,1,0,False
lds-las-vegas-edison-day-2,4,31,8b4a5d9e875a,f14c47a5c9f1,draw,,,True
lds-las-vegas-edison-day-2,5,1,6d5fdd6f0987,caf5061e38c7,p2,1,0,True
lds-las-vegas-edison-day-2,5,2,910c90df211c,c0f48b5f9428,p1,2,0,True
lds-las-vegas-edison-day-2,5,3,2ceacba6f284,d8dd12fba0d6,p1,1,0,True
lds-las-vegas-edison-day-2,5,4,7e3d4ed38b0f,913ab2714733,p1,1,0,False
lds-las-vegas-edison-day-2,5,5,39b9b075f532,038998b32557,p2,1,0,True
lds-las-vegas-edison-day-2,5,6,ccef79f70326,89d029a90bb9,p2,1,0,True
lds-las-vegas-edison-day-2,5,7,0f896a11737b,c101bb7cdc27,p1,2,0,True
lds-las-vegas-edison-day-2,5,8,56e59d3771ae,ff9fb1ac860c,p1,1,0,True
lds-las-vegas-edison-day-2,5,9,fcca093a3bd0,3e8141d7e3cf,p2,2,0,False
lds-las-vegas-edison-day-2,5,10,5b4cf55131e6,9bd68ce4b3dc,p1,2,1,False
lds-las-vegas-edison-day-2,5,11,f4edd0cafab0,ab492377d078,p1,2,0,True
lds-las-vegas-edison-day-2,5,12,5571b2c1d48a,f553bec37c37,p1,2,1,True
lds-las-vegas-edison-day-2,5,13,87a292e4409f,42bba3593571,p2,2,0,True
lds-las-vegas-edison-day-2,5,14,376424ae1cdc,0e0d55f7a750,p1,1,0,False
lds-las-vegas-edison-day-2,5,15,3179bb49d9fa,de7a869bb1d9,p2,1,0,True
lds-las-vegas-edison-day-2,5,16,a177e2344ca2,647a3c0fa4d3,p1,2,1,True
lds-las-vegas-edison-day-2,5,18,5f16d1f2102a,278d24a293e6,p2,2,0,True
lds-las-vegas-edison-day-2,5,19,132fa60ef657,2f1035b313d6,p1,1,0,True
lds-las-vegas-edison-day-2,5,20,52d8f7542383,35efd7eb2d42,p2,2,1,True
lds-las-vegas-edison-day-2,5,21,d23c3e29ee1d,3ead9fc898b2,p2,1,0,True
lds-las-vegas-edison-day-2,5,22,73ff19531018,b09affa72191,p1,2,0,True
lds-las-vegas-edison-day-2,5,23,20f437348cad,779e4a2a2992,p1,1,0,True
lds-las-vegas-edison-day-2,5,25,84fc466244ee,db8d38043b47,p1,2,1,True
lds-las-vegas-edison-day-2,6,1,910c90df211c,caf5061e38c7,p2,1,0,True
lds-las-vegas-edison-day-2,6,2,7e3d4ed38b0f,2ceacba6f284,p2,1,0,True
lds-las-vegas-edison-day-2,6,3,de7a869bb1d9,56e59d3771ae,p1,1,0,True
lds-las-vegas-edison-day-2,6,4,0f896a11737b,d8dd12fba0d6,p2,2,0,True
lds-las-vegas-edison-day-2,6,5,376424ae1cdc,6d5fdd6f0987,p2,2,1,False
lds-las-vegas-edison-day-2,6,6,89d029a90bb9,3e8141d7e3cf,p1,1,0,False
lds-las-vegas-edison-day-2,6,7,038998b32557,5571b2c1d48a,p2,2,1,True
lds-las-vegas-edison-day-2,6,8,f4edd0cafab0,c0f48b5f9428,p2,1,0,True
lds-las-vegas-edison-day-2,6,9,5b4cf55131e6,42bba3593571,p1,2,1,False
lds-las-vegas-edison-day-2,6,10,0e0d55f7a750,20f437348cad,p1,1,0,False
lds-las-vegas-edison-day-2,6,11,a177e2344ca2,132fa60ef657,p2,1,0,True
lds-las-vegas-edison-day-2,6,12,913ab2714733,278d24a293e6,p2,2,0,False
lds-las-vegas-edison-day-2,6,13,ab492377d078,35efd7eb2d42,p2,2,0,True
lds-las-vegas-edison-day-2,6,14,39b9b075f532,73ff19531018,p2,2,0,True
lds-las-vegas-edison-day-2,6,15,f553bec37c37,87a292e4409f,p1,2,0,True
lds-las-vegas-edison-day-2,6,16,3ead9fc898b2,5f16d1f2102a,p1,1,0,True
lds-las-vegas-edison-day-2,6,18,779e4a2a2992,84fc466244ee,p2,2,0,True
lds-las-vegas-edison-day-2,6,19,2f1035b313d6,db8d38043b47,p2,1,0,True
lds-las-vegas-edison-day-2,7,1,caf5061e38c7,2ceacba6f284,p1,1,0,True
lds-las-vegas-edison-day-2,7,2,de7a869bb1d9,89d029a90bb9,p1,1,0,True
lds-las-vegas-edison-day-2,7,3,6d5fdd6f0987,5b4cf55131e6,p2,2,1,False
lds-las-vegas-edison-day-2,7,4,c0f48b5f9428,d8dd12fba0d6,p2,1,0,True
lds-las-vegas-edison-day-2,7,5,7e3d4ed38b0f,910c90df211c,p2,2,0,True
lds-las-vegas-edison-day-2,7,6,5571b2c1d48a,73ff19531018,p1,2,0,True
lds-las-vegas-edison-day-2,7,7,3ead9fc898b2,0e0d55f7a750,p1,1,0,False
lds-las-vegas-edison-day-2,7,8,0f896a11737b,3e8141d7e3cf,p2,2,1,False
lds-las-vegas-edison-day-2,7,9,278d24a293e6,132fa60ef657,p2,1,0,True
lds-las-vegas-edison-day-2,7,10,f553bec37c37,376424ae1cdc,p2,2,1,False
lds-las-vegas-edison-day-2,7,11,f4edd0cafab0,42bba3593571,p2,1,0,True
lds-las-vegas-edison-day-2,7,12,35efd7eb2d42,56e59d3771ae,p2,1,0,True
lds-las-vegas-edison-day-2,7,13,038998b32557,913ab2714733,p1,1,0,False
lds-las-vegas-edison-day-2,7,14,20f437348cad,84fc466244ee,p2,1,0,True
lds-las-vegas-edison-day-2,7,15,87a292e4409f,a177e2344ca2,p2,2,0,True
lds-las-vegas-edison-day-2,Finals,1,caf5061e38c7,2ceacba6f284,p1,2,0,True
lds-las-vegas-edison-day-2,Top 4,1,caf5061e38c7,de7a869bb1d9,p1,1,0,True
lds-las-vegas-edison-day-2,Top 4,2,2ceacba6f284,5571b2c1d48a,p1,1,0,True
lds-las-vegas-edison-day-2,Top 8,1,caf5061e38c7,c0f48b5f9428,p1,1,0,True
lds-las-vegas-edison-day-2,Top 8,2,de7a869bb1d9,d8dd12fba0d6,p1,1,0,True
lds-las-vegas-edison-day-2,Top 8,3,910c90df211c,5571b2c1d48a,p2,2,0,True
lds-las-vegas-edison-day-2,Top 8,4,2ceacba6f284,5b4cf55131e6,p1,2,1,False
lds-las-vegas-edison,1,1,370496839c2d,f79b65853cd0,p1,1,0,False
lds-las-vegas-edison,1,2,f6b8fd1d91e7,3d4020934593,p1,1,0,True
lds-las-vegas-edison,1,3,ac625738dbb3,a177e2344ca2,p1,2,1,True
lds-las-vegas-edison,1,4,e5e4f42662bd,2be3db2cc296,p1,1,0,False
lds-las-vegas-edison,1,5,a9a826102b46,a5268f0526c9,p1,1,0,False
lds-las-vegas-edison,1,6,004717499daa,9049ee96f981,p1,1,0,True
lds-las-vegas-edison,1,7,060a67d975c1,3e1464d3a876,p2,1,0,True
lds-las-vegas-edison,1,8,8ecccde3ee8b,71da42ee3a27,p2,1,0,True
lds-las-vegas-edison,1,9,52c72c974e2f,8ca43d8a280c,p2,2,0,False
lds-las-vegas-edison,1,10,368096906516,7744617154a3,p2,1,0,True
lds-las-vegas-edison,1,11,038998b32557,c63aaf896c08,p2,1,0,False
lds-las-vegas-edison,1,12,2761f8b46dbb,966071c1b68e,p1,1,0,False
lds-las-vegas-edison,1,13,db8d38043b47,fe0ea88d4937,p2,1,0,False
lds-las-vegas-edison,1,14,39b9b075f532,b7687137528c,p1,2,0,True
lds-las-vegas-edison,1,15,84fc466244ee,27574271ef6c,p2,2,1,True
lds-las-vegas-edison,1,16,fa4d9b733dd6,3047d3056313,p2,1,0,True
lds-las-vegas-edison,1,17,f015488e6986,124c0aa52e64,p2,1,0,False
lds-las-vegas-edison,1,18,7401fef90b8e,b6a510bcfde6,p1,1,0,False
lds-las-vegas-edison,1,19,1dabaac80192,45ee51cbb350,p2,1,0,False
lds-las-vegas-edison,1,20,bc52125ec77f,9e6987241bf3,p2,1,0,True
lds-las-vegas-edison,1,21,9076816f94d4,2d98d7314721,p1,2,1,True
lds-las-vegas-edison,1,22,5a83c38ce612,3461e3d88f60,p2,2,1,False
lds-las-vegas-edison,1,23,cec60fd2e8b7,ed28f7cb520d,p2,2,1,True
lds-las-vegas-edison,1,24,fc3904ca59cd,8aad01a3a3b2,p1,2,1,True
lds-las-vegas-edison,1,25,4cba02f43518,3bf72a6d4543,p2,2,0,False
lds-las-vegas-edison,1,26,74780dec6d17,0954c83720b2,p1,1,0,False
lds-las-vegas-edison,1,27,73e9c13fabde,f10c388bb907,p2,1,0,True
lds-las-vegas-edison,1,28,9df587203aa4,fa79ba4bf779,p1,2,1,True
lds-las-vegas-edison,1,29,ca269d283701,2af6b8cbb029,p1,1,0,False
lds-las-vegas-edison,1,30,52d8f7542383,7a088642a696,p2,1,0,True
lds-las-vegas-edison,1,31,6e99600ba34e,720831a5e60a,p1,2,1,False
lds-las-vegas-edison,1,32,fcca093a3bd0,b101c6a5b5d5,p2,2,1,False
lds-las-vegas-edison,1,33,0153aa54e58f,f37c549c9d7b,p1,2,0,False
lds-las-vegas-edison,1,34,c0f48b5f9428,80739436fe31,p1,1,0,True
lds-las-vegas-edison,1,35,e08e896e4247,40a601ef1d0e,p1,1,0,True
lds-las-vegas-edison,1,36,917b9610fb4f,77401625d7f5,p1,1,0,False
lds-las-vegas-edison,1,37,910c90df211c,403763fcb012,p1,1,0,True
lds-las-vegas-edison,1,38,b95a691bc10f,d61879b989c9,p1,1,0,True
lds-las-vegas-edison,1,39,58dc1a3a62d7,3179bb49d9fa,p1,1,0,True
lds-las-vegas-edison,1,40,3484b8acb0d0,73ff19531018,p2,2,1,True
lds-las-vegas-edison,1,41,1f1f7ec86bbf,f7180d1d00f8,p1,1,0,False
lds-las-vegas-edison,1,42,2ea0658e8f5e,9bd68ce4b3dc,p1,1,0,False
lds-las-vegas-edison,1,43,9014ec8c00f0,b3ff0521e38a,p1,1,0,True
lds-las-vegas-edison,1,44,aaa356b8a7a6,caf5061e38c7,p2,1,0,True
lds-las-vegas-edison,1,45,892a61bfe858,356994514937,p2,1,0,True
lds-las-vegas-edison,1,46,9472437147f3,356e2ad79c33,p2,2,0,True
lds-las-vegas-edison,1,47,05acf6c79c01,c101bb7cdc27,p1,1,0,True
lds-las-vegas-edison,1,48,6c6f8ae5b8c8,56e59d3771ae,p2,1,0,False
lds-las-vegas-edison,1,49,e8b7d4fe1d2c,94983d9e4bca,p1,2,1,True
lds-las-vegas-edison,1,50,913ab2714733,2ceacba6f284,p2,1,0,True
lds-las-vegas-edison,1,51,c1d4cc03e5fb,8e8279c25009,p1,2,0,True
lds-las-vegas-edison,1,52,5e6fdcf399c5,a93625e3197e,p2,2,1,True
lds-las-vegas-edison,1,53,88f3badd12f6,55e43ca27a1e,p2,2,1,True
lds-las-vegas-edison,1,54,52144983ce7b,6b1b84603a32,p1,2,0,True
lds-las-vegas-edison,1,55,82f967d03f35,31c8e0762d75,p2,1,0,False
lds-las-vegas-edison,1,56,3e8141d7e3cf,393bdae85223,p2,1,0,False
lds-las-vegas-edison,1,57,daeebdee1a10,cbef5f556d44,p1,1,0,True
lds-las-vegas-edison,1,58,8e5619f3af12,d329ea8885b0,p2,1,0,True
lds-las-vegas-edison,1,59,f71dfd5a115e,97aab0c63c1e,p2,1,0,True
lds-las-vegas-edison,1,60,6cd81b6e518d,8ef278f19f1f,p1,1,0,False
lds-las-vegas-edison,1,61,c71ccb3b471a,b1af61d63c9c,p1,1,0,True
lds-las-vegas-edison,1,62,788776ec2103,2cb1315ff1d2,p2,2,0,False
lds-las-vegas-edison,1,63,bb1252d5d680,e68003ad29e6,p2,2,1,True
lds-las-vegas-edison,1,64,1708f2bee690,eee07c8283a8,p1,1,0,False
lds-las-vegas-edison,1,65,8d30c512cddc,ac8f80f01305,p2,2,0,True
lds-las-vegas-edison,1,66,5baab5cdddcd,3715883a13b3,p2,1,0,True
lds-las-vegas-edison,1,67,0c50a9e5f701,6d5fdd6f0987,p1,1,0,False
lds-las-vegas-edison,1,68,ad497da844e5,5fc761cd39de,p2,2,0,True
lds-las-vegas-edison,1,69,29987471b114,33e24a5b5122,p2,1,0,True
lds-las-vegas-edison,1,70,dc0afa2f0c07,325337ab0a48,p2,1,0,True
lds-las-vegas-edison,1,71,9fb8a75ccaf8,7d288f1061e7,p1,1,0,True
lds-las-vegas-edison,1,72,c0e164836a75,568667373ce3,p1,1,0,True
lds-las-vegas-edison,1,73,2e458b91f31c,f3ee963b9ec1,p1,1,0,True
lds-las-vegas-edison,1,74,8adb6b3aa4f1,771687b48ebc,p1,1,0,True
lds-las-vegas-edison,1,75,cce73fd27211,f9eb71dfa231,p1,2,1,True
lds-las-vegas-edison,1,76,93d0e3170782,00704dabf2ba,p1,2,1,True
lds-las-vegas-edison,1,77,f355f12c0bf6,de7a869bb1d9,p1,2,0,False
lds-las-vegas-edison,1,78,0613c8c7b015,89e57c3ed1a5,p1,1,0,True
lds-las-vegas-edison,1,79,f6cc95f1a1c5,f14c47a5c9f1,p2,1,0,True
lds-las-vegas-edison,1,80,4fb3eef6fdb4,04202e3f0e97,p2,2,1,True
lds-las-vegas-edison,1,81,f37c8c08061f,ae05f0de4c20,p1,2,0,True
lds-las-vegas-edison,1,82,98f81a820fb4,97faa83184f7,p2,1,0,False
lds-las-vegas-edison,1,83,4f07fae1839a,b2345002e252,p2,1,0,False
lds-las-vegas-edison,1,84,e4610d737a80,2f1035b313d6,p1,1,0,False
lds-las-vegas-edison,1,85,95da534b0f49,55c4b069ed8a,p1,1,0,False
lds-las-vegas-edison,1,86,706c5bfa8cc4,b09affa72191,p2,2,1,False
lds-las-vegas-edison,1,87,95020390796f,4651dca6ebd7,p1,2,1,False
lds-las-vegas-edison,1,88,401cfda18ae1,55436152ef2e,p2,1,0,False
lds-las-vegas-edison,1,89,3a32f29ade79,a74c6973110e,p2,2,1,True
lds-las-vegas-edison,1,90,45ede9762ced,f8fa08a5b7f0,p2,1,0,True
lds-las-vegas-edison,1,91,2d49a7a618d6,f5556927c5e3,p1,1,0,True
lds-las-vegas-edison,1,92,ce05d04039e0,e30d9e0380db,p2,2,0,False
lds-las-vegas-edison,1,93,495b19c6bd7d,6dfbb1c2233d,p2,2,1,False
lds-las-vegas-edison,1,94,2f845101cf5a,8f062ea83c6c,p1,1,0,False
lds-las-vegas-edison,1,95,ca803132009f,34928b94ad97,p2,2,0,False
lds-las-vegas-edison,1,96,e65c44bc6bc6,d6d1e774b518,p2,2,0,False
lds-las-vegas-edison,1,97,efebc47a61ed,5a278d9b0fbe,p1,2,1,True
lds-las-vegas-edison,1,98,60c82cbcda1e,bb788fa627be,p2,1,0,True
lds-las-vegas-edison,1,99,d1e6f5f74d1d,485b7fb16f5a,p2,1,0,True
lds-las-vegas-edison,1,100,9fb98e5630cd,3f3c29fcb868,p1,2,1,True
lds-las-vegas-edison,1,101,366a335d05b4,fcc5c1264a79,p1,1,0,True
lds-las-vegas-edison,1,102,35efd7eb2d42,6cdf9c415dbf,p1,2,1,True
lds-las-vegas-edison,1,103,851663e2fc3a,a9219aa352b8,p2,2,0,True
lds-las-vegas-edison,1,104,376424ae1cdc,5774d63efa36,p1,1,0,False
lds-las-vegas-edison,1,105,5e56deebb50c,6980cbe735fd,p1,1,0,False
lds-las-vegas-edison,1,106,1e710092f292,91c297bafb71,p2,2,1,True
lds-las-vegas-edison,1,107,1a101f08b3b7,8aebda5474d1,p2,2,1,True
lds-las-vegas-edison,1,108,c1cedac4bfa4,8b4a5d9e875a,p2,2,0,False
lds-las-vegas-edison,1,109,ed692b421c03,e98a9370fd6e,p2,1,0,False
lds-las-vegas-edison,1,110,2686fbb8d258,446dfdff5e10,p2,1,0,True
lds-las-vegas-edison,1,111,1af081e083d0,623a72e91ca4,p1,1,0,True
lds-las-vegas-edison,1,112,8967e2a0acd2,62e6d4aac498,p1,1,0,True
lds-las-vegas-edison,1,113,3f884d8c68c7,87a292e4409f,p2,2,1,True
lds-las-vegas-edison,1,114,4a243fedccda,e53cebf37f8a,p2,1,0,True
lds-las-vegas-edison,1,115,c0027d6935fa,89d029a90bb9,p2,1,0,True
lds-las-vegas-edison,1,116,4dd027d4957b,998830fe828a,p2,1,0,True
lds-las-vegas-edison,1,117,73be744fce4a,c8d609a3808c,p2,1,0,False
lds-las-vegas-edison,1,118,01d59b2a39bf,3ead9fc898b2,p2,1,0,True
lds-las-vegas-edison,1,119,5e3532105fa6,3fcfb4dfa1aa,p1,1,0,True
lds-las-vegas-edison,1,120,6845c06ad1f8,1e83b138cbd1,p1,1,0,False
lds-las-vegas-edison,1,121,97e20aee47df,0bf16f77bbb6,p2,1,0,True
lds-las-vegas-edison,1,122,20f437348cad,647a3c0fa4d3,p1,1,0,True
lds-las-vegas-edison,1,123,09e6cad2bce0,385c44f46d8b,p1,2,0,False
lds-las-vegas-edison,1,124,1e35c0e5c05e,a4b9ee90716b,p1,2,1,True
lds-las-vegas-edison,1,125,68dbed5c13c8,c46956ecf5eb,p1,1,0,True
lds-las-vegas-edison,1,126,b243da9569b1,1b1259af189e,p1,2,1,False
lds-las-vegas-edison,1,127,c12e6d0f5e9f,bbec9498bbc8,p2,2,1,True
lds-las-vegas-edison,1,128,1cb29c0e9fab,b8a6a9e11ad8,p1,2,0,False
lds-las-vegas-edison,1,129,bc9cd455f270,a18eba778906,p2,2,0,True
lds-las-vegas-edison,1,130,2ec7c90d1b56,d2a56e249386,p2,1,0,True
lds-las-vegas-edison,1,131,6fc06282f443,052eb8d17bba,p2,1,0,True
lds-las-vegas-edison,1,132,d23c3e29ee1d,251227ba9c39,p2,1,0,False
lds-las-vegas-edison,1,133,412a4082c8d6,5bb6657562bb,p1,2,1,True
lds-las-vegas-edison,1,134,7d68e2b4a861,1f76f8bea586,p1,1,0,False
lds-las-vegas-edison,1,135,e35129ff56c5,86c42e9ef53d,p2,2,0,True
lds-las-vegas-edison,1,136,4fc65517e5ff,854389129c29,p1,1,0,False
lds-las-vegas-edison,1,137,8e2112365a50,7e51d901a863,p2,1,0,True
lds-las-vegas-edison,1,138,0f896a11737b,1d6b2dbdeb32,p1,1,0,False
lds-las-vegas-edison,1,139,f8f5b9f73db4,ff9fb1ac860c,p1,2,1,True
lds-las-vegas-edison,1,140,6634cdff0fcd,dc6dabd2aa53,p1,2,0,True
lds-las-vegas-edison,1,141,42bba3593571,417d8e106603,p2,1,0,True
lds-las-vegas-edison,1,142,1aa800a08b2d,9bdb50c225c2,p2,1,0,True
lds-las-vegas-edison,1,143,a4d06f1f0c9f,5571b2c1d48a,p2,2,0,False
lds-las-vegas-edison,1,144,ed0b1fc216ec,70ac095a70f0,p2,2,1,False
lds-las-vegas-edison,1,145,c605f96bddf1,c09961910879,p2,1,0,True
lds-las-vegas-edison,1,146,5552bc640ff7,f553bec37c37,p1,2,0,False
lds-las-vegas-edison,1,147,7f5bee8f1d9d,a7d929b31951,p2,1,0,False
lds-las-vegas-edison,1,148,8876328c148e,88126612c5c0,p2,2,1,True
lds-las-vegas-edison,1,149,5e765469ef89,71e38426f1fd,p1,2,1,True
lds-las-vegas-edison,1,150,b43fe04e31b2,a89e9db59fde,p2,1,0,True
lds-las-vegas-edison,1,151,cf8526fb8791,26891d4adb1c,p1,1,0,True
lds-las-vegas-edison,1,152,475e63ecdd82,7f0e1b6aba55,p1,2,1,False
lds-las-vegas-edison,1,153,3ec952d2a2a5,1d4be8a451d0,p2,1,0,True
lds-las-vegas-edison,1,154,4ea5448fc994,6a0f2dccb762,p2,1,0,True
lds-las-vegas-edison,1,155,0f6b8baa73b0,53894b9474eb,p2,2,0,True
lds-las-vegas-edison,1,156,f30800e67a98,08f72d260f2b,p1,2,0,False
lds-las-vegas-edison,1,157,ab492377d078,927a4b8103a1,p1,1,0,True
lds-las-vegas-edison,1,158,0617c88269d0,132fa60ef657,p2,1,0,False
lds-las-vegas-edison,1,159,04b950aba159,7e3d4ed38b0f,p1,1,0,True
lds-las-vegas-edison,1,160,1bc75091b77a,6a7847c511e2,p1,2,0,False
lds-las-vegas-edison,1,161,46c04a106754,f8b528b8a9fa,p1,2,0,False
lds-las-vegas-edison,1,162,6ce436430145,c83d08187012,p1,2,0,False
lds-las-vegas-edison,1,163,3695ef2bf362,b935c691ab27,p2,1,0,False
lds-las-vegas-edison,1,164,7275d882a6cf,02ed6e96c235,p1,2,1,False
lds-las-vegas-edison,1,165,c58937ad838b,30cc76ed1007,p2,1,0,True
lds-las-vegas-edison,1,166,5d12f551ca8b,590e47ad95a8,p1,1,0,False
lds-las-vegas-edison,1,167,f9ff4ae105e6,c4bfea592250,p2,1,0,True
lds-las-vegas-edison,1,168,d8dd12fba0d6,e52e67cd8a85,p1,1,0,True
lds-las-vegas-edison,1,169,346228382691,67f344667f04,p2,1,0,True
lds-las-vegas-edison,1,170,fde30ebdfa8c,96eb9edc372b,p1,2,1,False
lds-las-vegas-edison,1,171,cb269e2b35fd,63297b7f7baa,p1,1,0,True
lds-las-vegas-edison,1,172,5412c2ad2811,9d6677c23232,p1,1,0,True
lds-las-vegas-edison,2,1,366a335d05b4,6cd81b6e518d,p2,1,0,False
lds-las-vegas-edison,2,2,8b4a5d9e875a,9bdb50c225c2,p2,1,0,False
lds-las-vegas-edison,2,3,71da42ee3a27,05acf6c79c01,p1,1,0,True
lds-las-vegas-edison,2,4,ca269d283701,a18eba778906,p1,1,0,False
lds-las-vegas-edison,2,5,b243da9569b1,b95a691bc10f,p1,2,0,True
lds-las-vegas-edison,2,6,33e24a5b5122,2f845101cf5a,p1,1,0,True
lds-las-vegas-edison,2,7,9076816f94d4,daeebdee1a10,p1,2,1,True
lds-las-vegas-edison,2,8,124c0aa52e64,c71ccb3b471a,p1,1,0,True
lds-las-vegas-edison,2,9,e08e896e4247,6dfbb1c2233d,p2,1,0,True
lds-las-vegas-edison,2,10,9fb8a75ccaf8,e4610d737a80,p2,2,1,True
lds-las-vegas-edison,2,11,7744617154a3,1f1f7ec86bbf,p2,1,0,True
lds-las-vegas-edison,2,12,485b7fb16f5a,b935c691ab27,p2,1,0,True
lds-las-vegas-edison,2,13,2ceacba6f284,9014ec8c00f0,p2,1,0,True
lds-las-vegas-edison,2,14,d2a56e249386,0c50a9e5f701,p1,1,0,False
lds-las-vegas-edison,2,15,1bc75091b77a,58dc1a3a62d7,p1,2,0,True
lds-las-vegas-edison,2,16,f10c388bb907,7275d882a6cf,p1,1,0,False
lds-las-vegas-edison,2,17,8967e2a0acd2,5e765469ef89,p2,2,1,True
lds-las-vegas-edison,2,18,7d68e2b4a861,8ca43d8a280c,p2,2,1,True
lds-las-vegas-edison,2,19,cf8526fb8791,1708f2bee690,p2,1,0,False
lds-las-vegas-edison,2,20,f355f12c0bf6,370496839c2d,p2,1,0,False
lds-las-vegas-edison,2,21,30cc76ed1007,ac625738dbb3,p2,2,0,True
lds-las-vegas-edison,2,22,67f344667f04,5d12f551ca8b,p1,1,0,True
lds-las-vegas-edison,2,23,1d4be8a451d0,3e1464d3a876,p1,1,0,True
lds-las-vegas-edison,2,24,cce73fd27211,74780dec6d17,p2,1,0,True
lds-las-vegas-edison,2,25,052eb8d17bba,04202e3f0e97,p2,2,1,True
lds-las-vegas-edison,2,26,73ff19531018,004717499daa,p2,1,0,True
lds-las-vegas-edison,2,27,0f896a11737b,917b9610fb4f,p1,1,0,True
lds-las-vegas-edison,2,28,caf5061e38c7,97faa83184f7,p2,2,0,False
lds-las-vegas-edison,2,29,ac8f80f01305,e68003ad29e6,p2,2,0,True
lds-las-vegas-edison,2,30,fc3904ca59cd,7a088642a696,p1,2,1,True
lds-las-vegas-edison,2,31,31c8e0762d75,6845c06ad1f8,p2,1,0,False
lds-las-vegas-edison,2,32,c1d4cc03e5fb,b101c6a5b5d5,p2,2,1,False
lds-las-vegas-edison,2,33,89d029a90bb9,9df587203aa4,p2,2,1,True
lds-las-vegas-edison,2,34,39b9b075f532,f30800e67a98,p1,2,0,False
lds-las-vegas-edison,2,35,6e99600ba34e,09e6cad2bce0,p2,2,1,False
lds-las-vegas-edison,2,36,1cb29c0e9fab,356994514937,p1,1,0,False
lds-las-vegas-edison,2,37,97aab0c63c1e,0bf16f77bbb6,p1,1,0,True
lds-las-vegas-edison,2,38,bbec9498bbc8,0613c8c7b015,p2,2,0,True
lds-las-vegas-edison,2,39,55436152ef2e,f4edd0cafab0,p2,2,0,False
lds-las-vegas-edison,2,40,cb269e2b35fd,417d8e106603,p1,1,0,True
lds-las-vegas-edison,2,41,fe0ea88d4937,34928b94ad97,p2,2,1,True
lds-las-vegas-edison,2,42,5e56deebb50c,45ee51cbb350,p2,1,0,False
lds-las-vegas-edison,2,43,87a292e4409f,3715883a13b3,p2,1,0,True
lds-las-vegas-edison,2,44,5e3532105fa6,d8dd12fba0d6,p2,1,0,True
lds-las-vegas-edison,2,45,446dfdff5e10,9e6987241bf3,p1,1,0,True
lds-las-vegas-edison,2,46,efebc47a61ed,e8b7d4fe1d2c,p1,2,0,True
lds-las-vegas-edison,2,47,20f437348cad,376424ae1cdc,p2,1,0,False
lds-las-vegas-edison,2,48,4fc65517e5ff,7e51d901a863,p2,1,0,True
lds-las-vegas-edison,2,49,56e59d3771ae,52144983ce7b,p1,1,0,True
lds-las-vegas-edison,2,50,d6d1e774b518,91c297bafb71,p1,2,0,False
lds-las-vegas-edison,2,51,c0f48b5f9428,2e458b91f31c,p1,1,0,True
lds-las-vegas-edison,2,52,3047d3056313,3bf72a6d4543,p2,2,0,True
lds-las-vegas-edison,2,53,c8d609a3808c,93d0e3170782,p2,2,1,True
lds-las-vegas-edison,2,54,a74c6973110e,8aebda5474d1,p2,2,1,True
lds-las-vegas-edison,2,55,393bdae85223,e98a9370fd6e,p1,1,0,False
lds-las-vegas-edison,2,56,e53cebf37f8a,ab492377d078,p2,1,0,True
lds-las-vegas-edison,2,57,475e63ecdd82,86c42e9ef53d,p1,1,0,False
lds-las-vegas-edison,2,58,55e43ca27a1e,251227ba9c39,p2,1,0,False
lds-las-vegas-edison,2,59,6a0f2dccb762,b2345002e252,p2,1,0,True
lds-las-vegas-edison,2,60,53894b9474eb,7401fef90b8e,p1,2,0,True
lds-las-vegas-edison,2,61,9fb98e5630cd,356e2ad79c33,p2,2,0,True
lds-las-vegas-edison,2,62,a7d929b31951,fde30ebdfa8c,p2,2,1,True
lds-las-vegas-edison,2,63,a89e9db59fde,35efd7eb2d42,p2,2,0,True
lds-las-vegas-edison,2,64,e30d9e0380db,95020390796f,p2,2,1,True
lds-las-vegas-edison,2,65,e5e4f42662bd,2d49a7a618d6,p2,1,0,True
lds-las-vegas-edison,2,66,2cb1315ff1d2,3ead9fc898b2,p2,1,0,True
lds-las-vegas-edison,2,67,5fc761cd39de,f37c8c08061f,p1,2,0,True
lds-las-vegas-edison,2,68,c09961910879,2761f8b46dbb,p2,1,0,False
lds-las-vegas-edison,2,69,5412c2ad2811,6634cdff0fcd,p1,1,0,True
lds-las-vegas-edison,2,70,c63aaf896c08,0153aa54e58f,p2,2,1,False
lds-las-vegas-edison,2,71,c4bfea592250,95da534b0f49,p1,1,0,True
lds-las-vegas-edison,2,72,325337ab0a48,46c04a106754,p1,1,0,False
lds-las-vegas-edison,2,73,8adb6b3aa4f1,c0e164836a75,p2,2,0,True
lds-las-vegas-edison,2,74,910c90df211c,a9219aa352b8,p2,2,0,True
lds-las-vegas-edison,2,75,6ce436430145,b09affa72191,p1,2,0,False
lds-las-vegas-edison,2,76,a9a826102b46,1e35c0e5c05e,p1,1,0,False
lds-las-vegas-edison,2,77,412a4082c8d6,bb788fa627be,p1,2,1,True
lds-las-vegas-edison,2,78,f6b8fd1d91e7,27574271ef6c,p2,1,0,True
lds-las-vegas-edison,2,79,d329ea8885b0,2ea0658e8f5e,p1,1,0,False
lds-las-vegas-edison,2,80,5571b2c1d48a,3461e3d88f60,p1,2,1,False
lds-las-vegas-edison,2,81,f14c47a5c9f1,88126612c5c0,p2,2,0,True
lds-las-vegas-edison,2,82,1af081e083d0,04b950aba159,p1,1,0,True
lds-las-vegas-edison,2,83,f8f5b9f73db4,68dbed5c13c8,p2,1,0,True
lds-las-vegas-edison,2,84,f8fa08a5b7f0,132fa60ef657,p1,2,1,False
lds-las-vegas-edison,2,85,5552bc640ff7,70ac095a70f0,p2,2,0,False
lds-las-vegas-edison,2,86,a93625e3197e,ed28f7cb520d,p1,2,0,True
lds-las-vegas-edison,2,87,998830fe828a,db8d38043b47,p2,1,0,False
lds-las-vegas-edison,2,88,bc9cd455f270,c605f96bddf1,p1,2,1,True
lds-las-vegas-edison,2,89,ff9fb1ac860c,cbef5f556d44,p1,1,0,True
lds-las-vegas-edison,2,90,4f07fae1839a,5774d63efa36,p2,2,1,False
lds-las-vegas-edison,2,91,851663e2fc3a,f8b528b8a9fa,p1,2,1,True
lds-las-vegas-edison,2,92,6fc06282f443,52d8f7542383,p1,1,0,True
lds-las-vegas-edison,2,93,8ef278f19f1f,f5556927c5e3,p1,1,0,True
lds-las-vegas-edison,2,94,a5268f0526c9,6b1b84603a32,p1,1,0,True
lds-las-vegas-edison,2,95,42bba3593571,0617c88269d0,p1,1,0,False
lds-las-vegas-edison,2,96,385c44f46d8b,c12e6d0f5e9f,p1,2,0,True
lds-las-vegas-edison,2,97,b43fe04e31b2,fcc5c1264a79,p1,1,0,True
lds-las-vegas-edison,2,98,d23c3e29ee1d,7e3d4ed38b0f,p2,1,0,True
lds-las-vegas-edison,2,99,4fb3eef6fdb4,6980cbe735fd,p1,2,1,False
lds-las-vegas-edison,2,100,52c72c974e2f,45ede9762ced,p1,2,0,False
lds-las-vegas-edison,2,101,5a83c38ce612,2ec7c90d1b56,p2,2,0,False
lds-las-vegas-edison,2,102,f553bec37c37,c58937ad838b,p1,2,0,True
lds-las-vegas-edison,2,103,c46956ecf5eb,f9eb71dfa231,p2,2,1,True
lds-las-vegas-edison,2,104,ed692b421c03,8e8279c25009,p2,2,0,True
lds-las-vegas-edison,2,105,ad497da844e5,fa79ba4bf779,p1,2,0,True
lds-las-vegas-edison,2,106,60c82cbcda1e,647a3c0fa4d3,p2,2,0,True
lds-las-vegas-edison,2,107,08f72d260f2b,927a4b8103a1,p2,2,1,False
lds-las-vegas-edison,2,108,ed0b1fc216ec,4dd027d4957b,p2,2,1,False
lds-las-vegas-edison,2,109,9472437147f3,6cdf9c415dbf,p1,2,0,True
lds-las-vegas-edison,2,110,88f3badd12f6,5baab5cdddcd,p2,1,0,True
lds-las-vegas-edison,2,111,346228382691,4651dca6ebd7,p1,2,0,False
lds-las-vegas-edison,2,112,2d98d7314721,060a67d975c1,p2,1,0,True
lds-las-vegas-edison,2,113,73be744fce4a,1d6b2dbdeb32,p2,1,0,False
lds-las-vegas-edison,2,114,1e710092f292,8876328c148e,p1,2,1,True
lds-las-vegas-edison,2,115,3f884d8c68c7,62e6d4aac498,p2,1,0,True
lds-las-vegas-edison,2,116,6d5fdd6f0987,f3ee963b9ec1,p1,2,0,True
lds-las-vegas-edison,2,117,40a601ef1d0e,a4b9ee90716b,p1,1,0,True
lds-las-vegas-edison,2,118,77401625d7f5,3a32f29ade79,p2,2,0,False
lds-las-vegas-edison,2,119,0954c83720b2,0f6b8baa73b0,p2,2,0,False
lds-las-vegas-edison,2,120,dc6dabd2aa53,97e20aee47df,p2,1,0,True
lds-las-vegas-edison,2,121,dc0afa2f0c07,9d6677c23232,p2,1,0,True
lds-las-vegas-edison,2,122,590e47ad95a8,038998b32557,p1,1,0,False
lds-las-vegas-edison,2,123,1aa800a08b2d,e52e67cd8a85,p2,1,0,True
lds-las-vegas-edison,2,124,5e6fdcf399c5,73efd1efc9ba,p2,1,0,False
lds-las-vegas-edison,2,125,3d4020934593,3695ef2bf362,p2,1,0,False
lds-las-vegas-edison,2,126,7f5bee8f1d9d,7f0e1b6aba55,p2,2,0,False
lds-las-vegas-edison,2,127,96eb9edc372b,84fc466244ee,p1,2,0,False
lds-las-vegas-edison,2,128,cec60fd2e8b7,5a278d9b0fbe,p1,2,1,True
lds-las-vegas-edison,2,129,26891d4adb1c,b3ff0521e38a,p2,1,0,True
lds-las-vegas-edison,2,130,9bd68ce4b3dc,706c5bfa8cc4,p2,1,0,True
lds-las-vegas-edison,2,131,c101bb7cdc27,c1cedac4bfa4,p2,2,0,True
lds-las-vegas-edison,2,132,4cba02f43518,8e2112365a50,p2,1,0,False
lds-las-vegas-edison,2,133,01d59b2a39bf,2686fbb8d258,p1,2,1,True
lds-las-vegas-edison,2,134,f9ff4ae105e6,b6a510bcfde6,p1,1,0,False
lds-las-vegas-edison,2,135,2f1035b313d6,401cfda18ae1,p2,1,0,False
lds-las-vegas-edison,2,136,495b19c6bd7d,b3c4fa5ef77c,p1,2,0,False
lds-las-vegas-edison,2,137,5bb6657562bb,1b1259af189e,p1,2,0,False
lds-las-vegas-edison,2,138,8e5619f3af12,71e38426f1fd,p1,2,0,True
lds-las-vegas-edison,2,139,e35129ff56c5,fa4d9b733dd6,p2,2,0,True
lds-las-vegas-edison,2,140,de7a869bb1d9,98f81a820fb4,p1,1,0,True
lds-las-vegas-edison,2,141,c0027d6935fa,8f062ea83c6c,p2,1,0,False
lds-las-vegas-edison,2,142,3fcfb4dfa1aa,00704dabf2ba,p2,2,0,True
lds-las-vegas-edison,2,143,1e83b138cbd1,55c4b069ed8a,p2,1,0,False
lds-las-vegas-edison,2,144,788776ec2103,80739436fe31,p2,1,0,False
lds-las-vegas-edison,2,145,4ea5448fc994,0006a4ab100d,p1,1,0,False
lds-las-vegas-edison,2,146,623a72e91ca4,73e9c13fabde,p1,1,0,True
lds-las-vegas-edison,2,147,892a61bfe858,fcca093a3bd0,p2,2,0,True
lds-las-vegas-edison,2,148,eee07c8283a8,ce05d04039e0,p1,1,0,False
lds-las-vegas-edison,2,149,1dabaac80192,ae05f0de4c20,p2,2,0,True
lds-las-vegas-edison,2,150,3e8141d7e3cf,1a101f08b3b7,p1,2,0,False
lds-las-vegas-edison,2,151,8aad01a3a3b2,368096906516,p1,1,0,True
lds-las-vegas-edison,2,152,a177e2344ca2,6a7847c511e2,p2,2,0,False
lds-las-vegas-edison,2,153,9049ee96f981,f015488e6986,p1,1,0,False
lds-las-vegas-edison,2,154,b8a6a9e11ad8,f79b65853cd0,p2,2,0,True
lds-las-vegas-edison,2,155,94983d9e4bca,2be3db2cc296,p1,2,0,False
lds-las-vegas-edison,2,156,3ec952d2a2a5,02ed6e96c235,p1,1,0,False
lds-las-vegas-edison,2,157,d61879b989c9,6c6f8ae5b8c8,p2,2,0,False
lds-las-vegas-edison,2,158,63297b7f7baa,c83d08187012,p1,1,0,False
lds-las-vegas-edison,2,159,bb1252d5d680,720831a5e60a,p1,2,0,False
lds-las-vegas-edison,2,160,89e57c3ed1a5,aaa356b8a7a6,p1,1,0,True
lds-las-vegas-edison,2,161,7d288f1061e7,3484b8acb0d0,p1,1,0,True
lds-las-vegas-edison,2,162,4a243fedccda,ca803132009f,p1,2,0,False
lds-las-vegas-edison,2,164,b7687137528c,3179bb49d9fa,p1,1,0,True
lds-las-vegas-edison,2,165,ce8e15edd814,568667373ce3,p1,2,0,False
lds-las-vegas-edison,2,166,f7180d1d00f8,29987471b114,p2,1,0,False
lds-las-vegas-edison,2,167,b1af61d63c9c,403763fcb012,p1,2,0,True
lds-las-vegas-edison,2,168,f37c549c9d7b,a4d06f1f0c9f,p2,2,0,False
lds-las-vegas-edison,2,169,f71dfd5a115e,82f967d03f35,p1,1,0,True
lds-las-vegas-edison,2,170,f6cc95f1a1c5,966071c1b68e,p1,1,0,True
lds-las-vegas-edison,2,171,771687b48ebc,d1e6f5f74d1d,p2,2,0,True
lds-las-vegas-edison,2,172,3f3c29fcb868,e65c44bc6bc6,p1,2,0,False
lds-las-vegas-edison,2,173,854389129c29,bc52125ec77f,p2,1,0,False
lds-las-vegas-edison,2,174,8d30c512cddc,1f76f8bea586,p1,2,1,False
lds-las-vegas-edison,3,1,f8fa08a5b7f0,1cb29c0e9fab,p2,2,0,False
lds-las-vegas-edison,3,2,f10c388bb907,efebc47a61ed,p1,2,1,True
lds-las-vegas-edison,3,3,ca269d283701,1bc75091b77a,p1,1,0,False
lds-las-vegas-edison,3,4,88126612c5c0,1708f2bee690,p2,1,0,False
lds-las-vegas-edison,3,5,27574271ef6c,56e59d3771ae,p1,2,1,True
lds-las-vegas-edison,3,6,6dfbb1c2233d,8aebda5474d1,p1,1,0,True
lds-las-vegas-edison,3,7,97faa83184f7,09e6cad2bce0,p2,1,0,False
lds-las-vegas-edison,3,8,5412c2ad2811,e68003ad29e6,p1,1,0,True
lds-las-vegas-edison,3,9,45ee51cbb350,33e24a5b5122,p2,1,0,False
lds-las-vegas-edison,3,10,9076816f94d4,9bdb50c225c2,p2,1,0,True
lds-las-vegas-edison,3,11,9014ec8c00f0,a9a826102b46,p1,1,0,False
lds-las-vegas-edison,3,12,cb269e2b35fd,3715883a13b3,p1,1,0,True
lds-las-vegas-edison,3,14,39b9b075f532,3bf72a6d4543,p1,2,1,True
lds-las-vegas-edison,3,15,ab492377d078,004717499daa,p1,1,0,True
lds-las-vegas-edison,3,16,5e765469ef89,e4610d737a80,p2,2,1,True
lds-las-vegas-edison,3,17,b243da9569b1,6ce436430145,p2,2,0,True
lds-las-vegas-edison,3,18,97aab0c63c1e,2d49a7a618d6,p1,1,0,True
lds-las-vegas-edison,3,19,d329ea8885b0,a93625e3197e,p2,2,0,True
lds-las-vegas-edison,3,20,1d4be8a451d0,d6d1e774b518,p2,2,0,False
lds-las-vegas-edison,3,21,1af081e083d0,c0f48b5f9428,p1,1,0,True
lds-las-vegas-edison,3,22,c0e164836a75,251227ba9c39,p2,1,0,False
lds-las-vegas-edison,3,23,c4bfea592250,356e2ad79c33,p1,1,0,True
lds-las-vegas-edison,3,24,71da42ee3a27,fde30ebdfa8c,p2,2,0,True
lds-las-vegas-edison,3,25,d8dd12fba0d6,b935c691ab27,p1,1,0,True
lds-las-vegas-edison,3,26,475e63ecdd82,fc3904ca59cd,p2,2,1,False
lds-las-vegas-edison,3,27,0153aa54e58f,ac625738dbb3,p2,2,1,True
lds-las-vegas-edison,3,28,68dbed5c13c8,34928b94ad97,p2,2,0,True
lds-las-vegas-edison,3,29,3ead9fc898b2,325337ab0a48,p1,1,0,True
lds-las-vegas-edison,3,30,7a088642a696,a5268f0526c9,p1,1,0,True
lds-las-vegas-edison,3,31,70ac095a70f0,393bdae85223,p2,1,0,False
lds-las-vegas-edison,3,32,370496839c2d,124c0aa52e64,p1,1,0,False
lds-las-vegas-edison,3,33,0f896a11737b,95020390796f,p2,2,1,True
lds-las-vegas-edison,3,34,67f344667f04,93d0e3170782,p2,2,0,True
lds-las-vegas-edison,3,35,04202e3f0e97,2761f8b46dbb,p1,2,1,False
lds-las-vegas-edison,3,36,f4edd0cafab0,0613c8c7b015,p1,2,1,True
lds-las-vegas-edison,3,37,b2345002e252,a9219aa352b8,p1,1,0,True
lds-las-vegas-edison,3,38,46c04a106754,a89e9db59fde,p1,2,0,False
lds-las-vegas-edison,3,39,6cd81b6e518d,5fc761cd39de,p2,2,0,False
lds-las-vegas-edison,3,40,446dfdff5e10,376424ae1cdc,p1,1,0,False
lds-las-vegas-edison,3,41,5571b2c1d48a,d2a56e249386,p1,2,1,True
lds-las-vegas-edison,3,42,35efd7eb2d42,8ca43d8a280c,p1,2,1,True
lds-las-vegas-edison,3,43,9df587203aa4,6845c06ad1f8,p2,1,0,True
lds-las-vegas-edison,3,44,7275d882a6cf,7d68e2b4a861,p1,1,0,False
lds-las-vegas-edison,3,45,9472437147f3,cf8526fb8791,p1,2,1,True
lds-las-vegas-edison,3,46,55e43ca27a1e,73efd1efc9ba,p1,1,0,False
lds-las-vegas-edison,3,47,ce8e15edd814,590e47ad95a8,p1,2,0,False
lds-las-vegas-edison,3,48,55436152ef2e,b1af61d63c9c,p2,2,1,False
lds-las-vegas-edison,3,49,8ef278f19f1f,42bba3593571,p2,1,0,True
lds-las-vegas-edison,3,50,385c44f46d8b,fcca093a3bd0,p2,2,0,True
lds-las-vegas-edison,3,51,1e710092f292,8b4a5d9e875a,p1,2,0,False
lds-las-vegas-edison,3,52,ad497da844e5,8e5619f3af12,p1,2,0,True
lds-las-vegas-edison,3,53,db8d38043b47,e8b7d4fe1d2c,p2,2,0,False
lds-las-vegas-edison,3,54,2ceacba6f284,b43fe04e31b2,p1,1,0,True
lds-las-vegas-edison,3,55,20f437348cad,a7d929b31951,p1,2,0,True
lds-las-vegas-edison,3,56,b09affa72191,6e99600ba34e,p1,2,1,False
lds-las-vegas-edison,3,57,f14c47a5c9f1,4ea5448fc994,p2,1,0,True
lds-las-vegas-edison,3,58,91c297bafb71,daeebdee1a10,p2,1,0,True
lds-las-vegas-edison,3,59,29987471b114,f79b65853cd0,p1,1,0,True
lds-las-vegas-edison,3,60,a4d06f1f0c9f,e30d9e0380db,p2,2,0,False
lds-las-vegas-edison,3,61,c71ccb3b471a,bc52125ec77f,p2,1,0,True
lds-las-vegas-edison,3,62,40a601ef1d0e,8adb6b3aa4f1,p1,1,0,True
lds-las-vegas-edison,3,63,5bb6657562bb,8e2112365a50,p1,1,0,True
lds-las-vegas-edison,3,64,2ec7c90d1b56,f355f12c0bf6,p1,2,0,False
lds-las-vegas-edison,3,65,2e458b91f31c,ae05f0de4c20,p2,2,0,True
lds-las-vegas-edison,3,66,b95a691bc10f,6d5fdd6f0987,p2,2,0,True
lds-las-vegas-edison,3,67,01d59b2a39bf,6a7847c511e2,p1,2,0,False
lds-las-vegas-edison,3,68,97e20aee47df,bb788fa627be,p1,1,0,True
lds-las-vegas-edison,3,69,3695ef2bf362,7f0e1b6aba55,p2,2,1,False
lds-las-vegas-edison,3,70,3a32f29ade79,30cc76ed1007,p1,2,0,True
lds-las-vegas-edison,3,71,4fc65517e5ff,5baab5cdddcd,p2,1,0,True
lds-las-vegas-edison,3,72,8aad01a3a3b2,a18eba778906,p2,2,1,True
lds-las-vegas-edison,3,73,f71dfd5a115e,cec60fd2e8b7,p2,2,0,True
lds-las-vegas-edison,3,74,d1e6f5f74d1d,05acf6c79c01,p1,1,0,True
lds-las-vegas-edison,3,75,e98a9370fd6e,3047d3056313,p2,1,0,False
lds-las-vegas-edison,3,76,8e8279c25009,485b7fb16f5a,p1,2,0,True
lds-las-vegas-edison,3,77,1e35c0e5c05e,c63aaf896c08,p2,2,1,False
lds-las-vegas-edison,3,78,917b9610fb4f,2ea0658e8f5e,p1,1,0,False
lds-las-vegas-edison,3,79,9049ee96f981,346228382691,p1,1,0,True
lds-las-vegas-edison,3,80,c1d4cc03e5fb,3f3c29fcb868,p1,2,1,True
lds-las-vegas-edison,3,81,f553bec37c37,2f845101cf5a,p1,2,0,True
lds-las-vegas-edison,3,82,0f6b8baa73b0,2cb1315ff1d2,p1,1,0,True
lds-las-vegas-edison,3,83,53894b9474eb,412a4082c8d6,p1,2,1,True
lds-las-vegas-edison,3,84,bb1252d5d680,5d12f551ca8b,p1,2,0,True
lds-las-vegas-edison,3,85,5552bc640ff7,366a335d05b4,p2,1,0,False
lds-las-vegas-edison,3,86,31c8e0762d75,62e6d4aac498,p2,1,0,False
lds-las-vegas-edison,3,87,4fb3eef6fdb4,132fa60ef657,p2,1,0,False
lds-las-vegas-edison,3,88,8d30c512cddc,58dc1a3a62d7,p2,2,0,True
lds-las-vegas-edison,3,89,f37c8c08061f,9fb98e5630cd,p2,2,0,True
lds-las-vegas-edison,3,90,8ecccde3ee8b,b7687137528c,p1,2,0,True
lds-las-vegas-edison,3,91,de7a869bb1d9,f30800e67a98,p2,2,1,False
lds-las-vegas-edison,3,92,b101c6a5b5d5,74780dec6d17,p1,2,1,False
lds-las-vegas-edison,3,93,cce73fd27211,7744617154a3,p1,2,0,True
lds-las-vegas-edison,3,94,f6cc95f1a1c5,623a72e91ca4,p2,1,0,True
lds-las-vegas-edison,3,95,ac8f80f01305,c09961910879,p2,2,0,True
lds-las-vegas-edison,3,96,f8f5b9f73db4,00704dabf2ba,p2,2,1,True
lds-las-vegas-edison,3,97,80739436fe31,f6b8fd1d91e7,p2,1,0,True
lds-las-vegas-edison,3,98,5e56deebb50c,caf5061e38c7,p2,1,0,True
lds-las-vegas-edison,3,99,927a4b8103a1,9e6987241bf3,p2,1,0,True
lds-las-vegas-edison,3,100,bc9cd455f270,89d029a90bb9,p1,2,0,True
lds-las-vegas-edison,3,101,1d6b2dbdeb32,55c4b069ed8a,p2,1,0,False
lds-las-vegas-edison,3,102,fa4d9b733dd6,495b19c6bd7d,p2,2,1,False
lds-las-vegas-edison,3,103,94983d9e4bca,6fc06282f443,p1,1,0,True
lds-las-vegas-edison,3,104,8967e2a0acd2,6634cdff0fcd,p1,1,0,True
lds-las-vegas-edison,3,105,647a3c0fa4d3,bbec9498bbc8,p1,2,0,True
lds-las-vegas-edison,3,106,052eb8d17bba,87a292e4409f,p2,2,0,True
lds-las-vegas-edison,3,107,7401fef90b8e,7e3d4ed38b0f,p1,1,0,True
lds-las-vegas-edison,3,108,63297b7f7baa,eee07c8283a8,p1,1,0,True
lds-las-vegas-edison,3,109,ed28f7cb520d,e5e4f42662bd,p1,1,0,True
lds-las-vegas-edison,3,110,86c42e9ef53d,401cfda18ae1,p1,2,0,True
lds-las-vegas-edison,3,111,9d6677c23232,fe0ea88d4937,p1,1,0,True
lds-las-vegas-edison,3,112,060a67d975c1,89e57c3ed1a5,p1,1,0,True
lds-las-vegas-edison,3,113,0bf16f77bbb6,417d8e106603,p2,1,0,True
lds-las-vegas-edison,3,114,910c90df211c,a74c6973110e,p2,2,0,True
lds-las-vegas-edison,3,115,3e1464d3a876,706c5bfa8cc4,p2,1,0,True
lds-las-vegas-edison,3,116,998830fe828a,e52e67cd8a85,p1,1,0,True
lds-las-vegas-edison,3,117,52144983ce7b,4dd027d4957b,p2,2,1,True
lds-las-vegas-edison,3,118,04b950aba159,3ec952d2a2a5,p2,1,0,True
lds-las-vegas-edison,3,119,9fb8a75ccaf8,ff9fb1ac860c,p1,1,0,True
lds-las-vegas-edison,3,120,5774d63efa36,c8d609a3808c,p1,2,1,False
lds-las-vegas-edison,3,121,3e8141d7e3cf,f9ff4ae105e6,p1,2,0,False
lds-las-vegas-edison,3,122,851663e2fc3a,95da534b0f49,p2,1,0,True
lds-las-vegas-edison,3,123,7d288f1061e7,356994514937,p2,1,0,True
lds-las-vegas-edison,3,124,0c50a9e5f701,8f062ea83c6c,p2,2,0,False
lds-las-vegas-edison,3,125,b3ff0521e38a,73ff19531018,p1,1,0,True
lds-las-vegas-edison,3,126,5e3532105fa6,6a0f2dccb762,p1,1,0,True
lds-las-vegas-edison,3,127,6c6f8ae5b8c8,e08e896e4247,p2,1,0,False
lds-las-vegas-edison,3,128,52c72c974e2f,96eb9edc372b,p2,2,0,False
lds-las-vegas-edison,3,129,f9eb71dfa231,c1cedac4bfa4,p2,2,0,True
lds-las-vegas-edison,3,130,e53cebf37f8a,3461e3d88f60,p1,1,0,False
lds-las-vegas-edison,3,131,4a243fedccda,ed692b421c03,p1,2,0,True
lds-las-vegas-edison,3,132,3484b8acb0d0,403763fcb012,p1,2,0,True
lds-las-vegas-edison,3,133,2d98d7314721,dc6dabd2aa53,p2,2,0,True
lds-las-vegas-edison,3,134,77401625d7f5,2be3db2cc296,p2,2,0,False
lds-las-vegas-edison,3,135,f3ee963b9ec1,966071c1b68e,p2,1,0,True
lds-las-vegas-edison,3,136,88f3badd12f6,73be744fce4a,p1,1,0,False
lds-las-vegas-edison,3,137,c0027d6935fa,771687b48ebc,p1,2,0,True
lds-las-vegas-edison,3,138,1dabaac80192,dc0afa2f0c07,p2,1,0,True
lds-las-vegas-edison,3,139,b6a510bcfde6,a4b9ee90716b,p2,2,1,False
lds-las-vegas-edison,3,140,892a61bfe858,5a83c38ce612,p2,2,0,False
lds-las-vegas-edison,3,141,e65c44bc6bc6,f015488e6986,p1,2,0,False
lds-las-vegas-edison,3,142,4f07fae1839a,1a101f08b3b7,p1,1,0,False
lds-las-vegas-edison,3,143,8876328c148e,08f72d260f2b,p1,2,1,False
lds-las-vegas-edison,3,144,52d8f7542383,b3c4fa5ef77c,p1,2,0,False
lds-las-vegas-edison,3,145,788776ec2103,fa79ba4bf779,p2,2,1,False
lds-las-vegas-edison,3,146,e35129ff56c5,038998b32557,p2,1,0,True
lds-las-vegas-edison,3,147,3fcfb4dfa1aa,c58937ad838b,p1,1,0,True
lds-las-vegas-edison,3,148,ce05d04039e0,d61879b989c9,p2,2,0,False
lds-las-vegas-edison,3,149,ca803132009f,f7180d1d00f8,p1,2,0,False
lds-las-vegas-edison,3,150,6980cbe735fd,c46956ecf5eb,p1,1,0,False
lds-las-vegas-edison,3,151,4651dca6ebd7,6b1b84603a32,p2,2,0,False
lds-las-vegas-edison,3,152,2686fbb8d258,84fc466244ee,p1,2,1,True
lds-las-vegas-edison,3,153,1f76f8bea586,0617c88269d0,p2,2,1,False
lds-las-vegas-edison,3,154,c83d08187012,368096906516,p2,2,0,False
lds-las-vegas-edison,3,155,3d4020934593,45ede9762ced,p2,1,0,True
lds-las-vegas-edison,3,156,73e9c13fabde,913ab2714733,p1,1,0,True
lds-las-vegas-edison,3,157,f37c549c9d7b,2af6b8cbb029,p1,1,0,False
lds-las-vegas-edison,3,158,7f5bee8f1d9d,5a278d9b0fbe,p2,1,0,False
lds-las-vegas-edison,3,159,f5556927c5e3,c101bb7cdc27,p1,1,0,True
lds-las-vegas-edison,3,160,1b1259af189e,02ed6e96c235,p1,2,0,False
lds-las-vegas-edison,3,161,fcc5c1264a79,854389129c29,p2,1,0,False
lds-las-vegas-edison,3,162,720831a5e60a,98f81a820fb4,p1,1,0,False
lds-las-vegas-edison,3,163,a177e2344ca2,b8a6a9e11ad8,p2,2,1,True
lds-las-vegas-edison,3,164,60c82cbcda1e,d23c3e29ee1d,p2,1,0,True
lds-las-vegas-edison,3,165,0006a4ab100d,6cdf9c415dbf,p1,1,0,False
lds-las-vegas-edison,3,166,c12e6d0f5e9f,ed0b1fc216ec,p1,2,1,False
lds-las-vegas-edison,3,167,c605f96bddf1,aaa356b8a7a6,p1,2,1,True
lds-las-vegas-edison,3,168,1e83b138cbd1,4cba02f43518,p2,2,0,False
lds-las-vegas-edison,3,169,26891d4adb1c,71e38426f1fd,p1,1,0,True
lds-las-vegas-edison,3,170,cbef5f556d44,3f884d8c68c7,p1,1,0,True
lds-las-vegas-edison,4,1,d8dd12fba0d6,6ce436430145,p1,1,0,True
lds-las-vegas-edison,4,2,93d0e3170782,9bdb50c225c2,p2,1,0,True
lds-las-vegas-edison,4,3,1af081e083d0,b2345002e252,p2,2,0,True
lds-las-vegas-edison,4,4,1708f2bee690,446dfdff5e10,p2,1,0,False
lds-las-vegas-edison,4,5,ab492377d078,6dfbb1c2233d,p2,1,0,True
lds-las-vegas-edison,4,6,ac625738dbb3,f10c388bb907,p1,2,1,True
lds-las-vegas-edison,4,7,39b9b075f532,04202e3f0e97,p1,2,1,True
lds-las-vegas-edison,4,8,95020390796f,35efd7eb2d42,p1,2,1,True
lds-las-vegas-edison,4,9,3ead9fc898b2,6845c06ad1f8,p2,1,0,True
lds-las-vegas-edison,4,10,5571b2c1d48a,d6d1e774b518,p1,2,0,False
lds-las-vegas-edison,4,11,5fc761cd39de,5412c2ad2811,p2,1,0,True
lds-las-vegas-edison,4,12,33e24a5b5122,09e6cad2bce0,p2,2,1,False
lds-las-vegas-edison,4,13,a93625e3197e,ca269d283701,p1,2,1,False
lds-las-vegas-edison,4,14,f4edd0cafab0,1cb29c0e9fab,p1,2,0,False
lds-las-vegas-edison,4,15,97aab0c63c1e,fde30ebdfa8c,p1,1,0,True
lds-las-vegas-edison,4,16,5e56deebb50c,31c8e0762d75,p2,2,1,False
lds-las-vegas-edison,4,17,9014ec8c00f0,251227ba9c39,p1,1,0,False
lds-las-vegas-edison,4,18,e4610d737a80,34928b94ad97,p2,2,1,True
lds-las-vegas-edison,4,19,370496839c2d,fc3904ca59cd,p2,2,0,False
lds-las-vegas-edison,4,20,393bdae85223,27574271ef6c,p2,2,0,False
lds-las-vegas-edison,4,21,c4bfea592250,cb269e2b35fd,p2,1,0,True
lds-las-vegas-edison,4,22,0f6b8baa73b0,4ea5448fc994,p1,1,0,True
lds-las-vegas-edison,4,23,f30800e67a98,b3ff0521e38a,p1,2,0,False
lds-las-vegas-edison,4,24,0613c8c7b015,3a32f29ade79,p1,2,1,True
lds-las-vegas-edison,4,25,6d5fdd6f0987,4dd027d4957b,p2,2,0,True
lds-las-vegas-edison,4,26,e53cebf37f8a,87a292e4409f,p1,1,0,True
lds-las-vegas-edison,4,27,2d49a7a618d6,00704dabf2ba,p1,1,0,True
lds-las-vegas-edison,4,28,95da534b0f49,1e710092f292,p2,1,0,True
lds-las-vegas-edison,4,29,bb1252d5d680,8ca43d8a280c,p2,2,1,True
lds-las-vegas-edison,4,30,c09961910879,7a088642a696,p1,1,0,True
lds-las-vegas-edison,4,31,9fb8a75ccaf8,74780dec6d17,p2,1,0,True
lds-las-vegas-edison,4,32,3ec952d2a2a5,63297b7f7baa,p2,1,0,True
lds-las-vegas-edison,4,33,e08e896e4247,55e43ca27a1e,p1,1,0,True
lds-las-vegas-edison,4,34,e68003ad29e6,9df587203aa4,p2,2,0,True
lds-las-vegas-edison,4,35,356e2ad79c33,daeebdee1a10,p2,2,0,True
lds-las-vegas-edison,4,36,9076816f94d4,ad497da844e5,p2,2,0,True
lds-las-vegas-edison,4,37,96eb9edc372b,417d8e106603,p2,1,0,False
lds-las-vegas-edison,4,38,45ee51cbb350,9fb98e5630cd,p1,1,0,False
lds-las-vegas-edison,4,39,356994514937,5774d63efa36,p2,1,0,False
lds-las-vegas-edison,4,40,d329ea8885b0,7275d882a6cf,p1,1,0,False
lds-las-vegas-edison,4,41,495b19c6bd7d,9472437147f3,p2,2,0,False
lds-las-vegas-edison,4,42,68dbed5c13c8,c1cedac4bfa4,p1,1,0,True
lds-las-vegas-edison,4,43,97e20aee47df,ed28f7cb520d,p1,1,0,True
lds-las-vegas-edison,4,44,bc9cd455f270,004717499daa,p1,2,0,True
lds-las-vegas-edison,4,45,e8b7d4fe1d2c,a18eba778906,p1,2,1,True
lds-las-vegas-edison,4,46,8e8279c25009,ce8e15edd814,p2,2,0,False
lds-las-vegas-edison,4,47,5e765469ef89,40a601ef1d0e,p1,2,1,True
lds-las-vegas-edison,4,48,46c04a106754,3715883a13b3,p2,1,0,False
lds-las-vegas-edison,4,49,060a67d975c1,2ceacba6f284,p2,1,0,True
lds-las-vegas-edison,4,50,6cd81b6e518d,f6b8fd1d91e7,p2,1,0,False
lds-las-vegas-edison,4,51,647a3c0fa4d3,a9a826102b46,p2,1,0,False
lds-las-vegas-edison,4,52,d1e6f5f74d1d,e30d9e0380db,p1,1,0,True
lds-las-vegas-edison,4,53,8ecccde3ee8b,706c5bfa8cc4,p2,2,0,True
lds-las-vegas-edison,4,54,9049ee96f981,3e8141d7e3cf,p2,2,1,False
lds-las-vegas-edison,4,55,55c4b069ed8a,623a72e91ca4,p1,1,0,False
lds-las-vegas-edison,4,56,412a4082c8d6,124c0aa52e64,p1,2,1,True
lds-las-vegas-edison,4,57,998830fe828a,a74c6973110e,p2,2,1,True
lds-las-vegas-edison,4,58,ae05f0de4c20,fcca093a3bd0,p2,2,1,True
lds-las-vegas-edison,4,59,5baab5cdddcd,67f344667f04,p2,1,0,True
lds-las-vegas-edison,4,60,c0e164836a75,20f437348cad,p1,2,0,True
lds-las-vegas-edison,4,61,c0f48b5f9428,917b9610fb4f,p2,1,0,True
lds-las-vegas-edison,4,62,376424ae1cdc,b935c691ab27,p2,1,0,False
lds-las-vegas-edison,4,63,9d6677c23232,5e3532105fa6,p1,1,0,True
lds-las-vegas-edison,4,64,97faa83184f7,475e63ecdd82,p2,1,0,False
lds-las-vegas-edison,4,65,caf5061e38c7,9e6987241bf3,p2,1,0,True
lds-las-vegas-edison,4,66,8aebda5474d1,62e6d4aac498,p1,1,0,True
lds-las-vegas-edison,4,67,7401fef90b8e,1bc75091b77a,p1,1,0,True
lds-las-vegas-edison,4,68,7e51d901a863,325337ab0a48,p1,1,0,True
lds-las-vegas-edison,4,69,42bba3593571,c63aaf896c08,p2,2,1,False
lds-las-vegas-edison,4,70,b1af61d63c9c,29987471b114,p1,2,1,True
lds-las-vegas-edison,4,71,8f062ea83c6c,bc52125ec77f,p1,2,0,False
lds-las-vegas-edison,4,72,3047d3056313,71da42ee3a27,p1,1,0,True
lds-las-vegas-edison,4,73,a9219aa352b8,c1d4cc03e5fb,p2,2,1,True
lds-las-vegas-edison,4,74,d2a56e249386,56e59d3771ae,p1,1,0,True
lds-las-vegas-edison,4,75,0153aa54e58f,5bb6657562bb,p1,2,0,True
lds-las-vegas-edison,4,76,cec60fd2e8b7,2761f8b46dbb,p1,2,1,False
lds-las-vegas-edison,4,77,b09affa72191,366a335d05b4,p1,2,1,False
lds-las-vegas-edison,4,78,f8fa08a5b7f0,cce73fd27211,p1,2,1,True
lds-las-vegas-edison,4,79,88126612c5c0,0f896a11737b,p2,2,0,True
lds-las-vegas-edison,4,80,132fa60ef657,3bf72a6d4543,p1,1,0,False
lds-las-vegas-edison,4,81,efebc47a61ed,7f0e1b6aba55,p1,2,1,False
lds-las-vegas-edison,4,82,8967e2a0acd2,86c42e9ef53d,p2,1,0,True
lds-las-vegas-edison,4,83,01d59b2a39bf,70ac095a70f0,p1,2,0,True
lds-las-vegas-edison,4,84,1f1f7ec86bbf,1d4be8a451d0,p2,1,0,True
lds-las-vegas-edison,4,85,f553bec37c37,2ec7c90d1b56,p1,2,1,True
lds-las-vegas-edison,4,86,b243da9569b1,58dc1a3a62d7,p1,2,1,True
lds-las-vegas-edison,4,87,4a243fedccda,94983d9e4bca,p2,1,0,True
lds-las-vegas-edison,4,88,73e9c13fabde,f5556927c5e3,p2,1,0,True
lds-las-vegas-edison,4,89,dc0afa2f0c07,2cb1315ff1d2,p2,2,0,True
lds-las-vegas-edison,4,90,89e57c3ed1a5,3f3c29fcb868,p1,2,0,True
lds-las-vegas-edison,4,91,91c297bafb71,4fb3eef6fdb4,p1,1,0,True
lds-las-vegas-edison,4,92,53894b9474eb,b101c6a5b5d5,p2,2,1,False
lds-las-vegas-edison,4,93,1b1259af189e,966071c1b68e,p1,2,0,False
lds-las-vegas-edison,4,94,d23c3e29ee1d,73ff19531018,p2,2,0,True
lds-las-vegas-edison,4,95,a4b9ee90716b,f355f12c0bf6,p1,1,0,False
lds-las-vegas-edison,4,96,6634cdff0fcd,8d30c512cddc,p1,1,0,True
lds-las-vegas-edison,4,97,0c50a9e5f701,2f1035b313d6,p1,1,0,False
lds-las-vegas-edison,4,98,038998b32557,26891d4adb1c,p1,1,0,True
lds-las-vegas-edison,4,99,6980cbe735fd,05acf6c79c01,p2,1,0,False
lds-las-vegas-edison,4,100,ac8f80f01305,bb788fa627be,p2,1,0,True
lds-las-vegas-edison,4,101,2ea0658e8f5e,3484b8acb0d0,p1,1,0,False
lds-las-vegas-edison,4,102,a7d929b31951,6a7847c511e2,p1,2,1,False
lds-las-vegas-edison,4,104,73efd1efc9ba,dc6dabd2aa53,p2,2,0,False
lds-las-vegas-edison,4,105,6c6f8ae5b8c8,2686fbb8d258,p1,2,1,False
lds-las-vegas-edison,4,106,8adb6b3aa4f1,485b7fb16f5a,p2,2,0,True
lds-las-vegas-edison,4,107,f14c47a5c9f1,2be3db2cc296,p2,1,0,False
lds-las-vegas-edison,4,108,f6cc95f1a1c5,3695ef2bf362,p1,1,0,False
lds-las-vegas-edison,4,109,1d6b2dbdeb32,6a0f2dccb762,p1,1,0,False
lds-las-vegas-edison,4,110,5a278d9b0fbe,7e3d4ed38b0f,p2,1,0,True
lds-las-vegas-edison,4,111,8b4a5d9e875a,d61879b989c9,p1,2,1,False
lds-las-vegas-edison,4,112,c71ccb3b471a,0617c88269d0,p2,1,0,False
lds-las-vegas-edison,4,113,e98a9370fd6e,3fcfb4dfa1aa,p2,2,0,False
lds-las-vegas-edison,4,114,b8a6a9e11ad8,590e47ad95a8,p1,2,0,False
lds-las-vegas-edison,4,115,52d8f7542383,8e5619f3af12,p1,2,0,True
lds-las-vegas-edison,4,116,4fc65517e5ff,b95a691bc10f,p1,1,0,True
lds-las-vegas-edison,4,117,f8f5b9f73db4,bbec9498bbc8,p1,2,0,True
lds-las-vegas-edison,4,118,6fc06282f443,f71dfd5a115e,p1,1,0,True
lds-las-vegas-edison,4,119,7744617154a3,04b950aba159,p1,1,0,True
lds-las-vegas-edison,4,120,c605f96bddf1,89d029a90bb9,p2,1,0,True
lds-las-vegas-edison,4,121,8e2112365a50,a89e9db59fde,p2,1,0,True
lds-las-vegas-edison,4,122,5552bc640ff7,1e35c0e5c05e,p1,2,0,False
lds-las-vegas-edison,4,123,eee07c8283a8,385c44f46d8b,p2,1,0,True
lds-las-vegas-edison,4,124,88f3badd12f6,a4d06f1f0c9f,p1,1,0,False
lds-las-vegas-edison,4,125,4f07fae1839a,854389129c29,p2,1,0,False
lds-las-vegas-edison,4,126,e5e4f42662bd,8ef278f19f1f,p2,1,0,True
lds-las-vegas-edison,4,127,ff9fb1ac860c,f9eb71dfa231,p1,1,0,True
lds-las-vegas-edison,4,128,4cba02f43518,f79b65853cd0,p1,2,1,False
lds-las-vegas-edison,4,129,ca803132009f,80739436fe31,p1,2,0,False
lds-las-vegas-edison,4,130,8876328c148e,52144983ce7b,p2,1,0,True
lds-las-vegas-edison,4,131,927a4b8103a1,f37c549c9d7b,p2,1,0,False
lds-las-vegas-edison,4,132,0006a4ab100d,910c90df211c,p1,1,0,False
lds-las-vegas-edison,4,133,346228382691,5a83c38ce612,p2,1,0,False
lds-las-vegas-edison,4,134,6b1b84603a32,c8d609a3808c,p1,2,0,True
lds-las-vegas-edison,4,135,fa4d9b733dd6,368096906516,p1,2,0,True
lds-las-vegas-edison,4,136,3461e3d88f60,30cc76ed1007,p1,2,0,False
lds-las-vegas-edison,4,137,3e1464d3a876,45ede9762ced,p1,2,0,True
lds-las-vegas-edison,4,138,fa79ba4bf779,720831a5e60a,p2,1,0,False
lds-las-vegas-edison,4,139,e52e67cd8a85,b7687137528c,p1,1,0,True
lds-las-vegas-edison,4,140,cf8526fb8791,db8d38043b47,p1,1,0,False
lds-las-vegas-edison,4,141,5d12f551ca8b,401cfda18ae1,p2,1,0,True
lds-las-vegas-edison,4,142,cbef5f556d44,788776ec2103,p1,2,0,False
lds-las-vegas-edison,4,143,2d98d7314721,c58937ad838b,p2,1,0,True
lds-las-vegas-edison,4,144,ce05d04039e0,913ab2714733,p2,1,0,False
lds-las-vegas-edison,4,145,c46956ecf5eb,1f76f8bea586,p2,2,0,False
lds-las-vegas-edison,4,146,2af6b8cbb029,7f5bee8f1d9d,p2,2,0,False
lds-las-vegas-edison,4,147,84fc466244ee,4651dca6ebd7,p1,2,0,False
lds-las-vegas-edison,4,148,1dabaac80192,1a101f08b3b7,p2,1,0,True
lds-las-vegas-edison,4,149,08f72d260f2b,fcc5c1264a79,p2,1,0,False
lds-las-vegas-edison,4,150,60c82cbcda1e,77401625d7f5,p1,1,0,False
lds-las-vegas-edison,4,152,c101bb7cdc27,6cdf9c415dbf,draw,,,True
lds-las-vegas-edison,5,1,9bdb50c225c2,d8dd12fba0d6,p2,1,0,True
lds-las-vegas-edison,5,2,b2345002e252,fc3904ca59cd,p1,1,0,True
lds-las-vegas-edison,5,3,95020390796f,5571b2c1d48a,p1,2,1,True
lds-las-vegas-edison,5,4,6845c06ad1f8,27574271ef6c,p2,2,1,True
lds-las-vegas-edison,5,5,a93625e3197e,ac625738dbb3,p2,2,0,True
lds-las-vegas-edison,5,6,39b9b075f532,6dfbb1c2233d,p1,2,1,True
lds-las-vegas-edison,5,7,dc6dabd2aa53,f5556927c5e3,p2,1,0,True
lds-las-vegas-edison,5,8,f4edd0cafab0,97aab0c63c1e,p1,1,0,True
lds-las-vegas-edison,5,9,09e6cad2bce0,9014ec8c00f0,p1,2,1,False
lds-las-vegas-edison,5,10,5412c2ad2811,34928b94ad97,p2,2,1,True
lds-las-vegas-edison,5,11,cb269e2b35fd,706c5bfa8cc4,p1,1,0,True
lds-las-vegas-edison,5,12,8aebda5474d1,fcca093a3bd0,p2,2,0,True
lds-las-vegas-edison,5,13,8f062ea83c6c,d1e6f5f74d1d,p2,1,0,False
lds-las-vegas-edison,5,14,63297b7f7baa,1af081e083d0,p2,2,0,True
lds-las-vegas-edison,5,15,55c4b069ed8a,f6b8fd1d91e7,p2,1,0,False
lds-las-vegas-edison,5,16,68dbed5c13c8,7401fef90b8e,p1,1,0,True
lds-las-vegas-edison,5,17,2ceacba6f284,1708f2bee690,p2,1,0,False
lds-las-vegas-edison,5,18,35efd7eb2d42,ab492377d078,p1,2,0,True
lds-las-vegas-edison,5,19,9d6677c23232,3715883a13b3,p2,1,0,True
lds-las-vegas-edison,5,20,e53cebf37f8a,c4bfea592250,p1,1,0,True
lds-las-vegas-edison,5,21,86c42e9ef53d,0f896a11737b,p2,2,1,True
lds-las-vegas-edison,5,22,c1d4cc03e5fb,3047d3056313,p1,2,0,True
lds-las-vegas-edison,5,23,1d4be8a451d0,9e6987241bf3,p1,1,0,True
lds-las-vegas-edison,5,24,f10c388bb907,5e765469ef89,p1,2,1,True
lds-las-vegas-edison,5,25,bc9cd455f270,3ead9fc898b2,p1,2,0,True
lds-las-vegas-edison,5,26,f30800e67a98,b1af61d63c9c,p2,2,1,False
lds-las-vegas-edison,5,27,74780dec6d17,94983d9e4bca,p1,1,0,True
lds-las-vegas-edison,5,28,1cb29c0e9fab,0f6b8baa73b0,p2,1,0,False
lds-las-vegas-edison,5,29,0613c8c7b015,0153aa54e58f,p2,2,0,True
lds-las-vegas-edison,5,30,7a088642a696,385c44f46d8b,p1,1,0,True
lds-las-vegas-edison,5,31,ce8e15edd814,b935c691ab27,p1,1,0,False
lds-las-vegas-edison,5,32,e4610d737a80,917b9610fb4f,p1,1,0,True
lds-las-vegas-edison,5,33,d329ea8885b0,b243da9569b1,p1,2,0,True
lds-las-vegas-edison,5,34,251227ba9c39,d6d1e774b518,p1,1,0,False
lds-las-vegas-edison,5,35,a9a826102b46,04202e3f0e97,p2,2,1,False
lds-las-vegas-edison,5,36,6ce436430145,7e51d901a863,p1,1,0,True
lds-las-vegas-edison,5,37,132fa60ef657,d2a56e249386,p2,1,0,False
lds-las-vegas-edison,5,38,cec60fd2e8b7,8ca43d8a280c,p1,2,1,True
lds-las-vegas-edison,5,39,417d8e106603,475e63ecdd82,p2,1,0,False
lds-las-vegas-edison,5,40,c0e164836a75,efebc47a61ed,p2,2,1,True
lds-las-vegas-edison,5,41,5fc761cd39de,9df587203aa4,p1,2,0,True
lds-las-vegas-edison,5,42,370496839c2d,93d0e3170782,p1,1,0,False
lds-las-vegas-edison,5,43,ca269d283701,412a4082c8d6,p2,2,1,False
lds-las-vegas-edison,5,44,c63aaf896c08,ad497da844e5,p2,2,0,False
lds-las-vegas-edison,5,45,9472437147f3,fde30ebdfa8c,p1,2,1,True
lds-las-vegas-edison,5,46,a74c6973110e,e8b7d4fe1d2c,p2,2,0,True
lds-las-vegas-edison,5,47,f8fa08a5b7f0,01d59b2a39bf,p2,2,0,True
lds-las-vegas-edison,5,48,1e710092f292,33e24a5b5122,p2,1,0,True
lds-las-vegas-edison,5,49,c09961910879,393bdae85223,p1,1,0,False
lds-las-vegas-edison,5,50,53894b9474eb,2d49a7a618d6,p2,1,0,True
lds-las-vegas-edison,5,51,4dd027d4957b,e08e896e4247,p2,1,0,True
lds-las-vegas-edison,5,52,b09affa72191,5774d63efa36,p1,2,1,False
lds-las-vegas-edison,5,53,f553bec37c37,3e8141d7e3cf,p2,2,0,False
lds-las-vegas-edison,5,54,45ee51cbb350,daeebdee1a10,p2,1,0,False
lds-las-vegas-edison,5,55,8ecccde3ee8b,52d8f7542383,p1,2,0,True
lds-las-vegas-edison,5,56,485b7fb16f5a,376424ae1cdc,p2,1,0,False
lds-las-vegas-edison,5,57,a18eba778906,97faa83184f7,p1,2,0,False
lds-las-vegas-edison,5,58,e52e67cd8a85,95da534b0f49,p1,1,0,True
lds-las-vegas-edison,5,59,f6cc95f1a1c5,05acf6c79c01,p2,1,0,True
lds-las-vegas-edison,5,60,b8a6a9e11ad8,854389129c29,p2,2,0,False
lds-las-vegas-edison,5,61,6d5fdd6f0987,89e57c3ed1a5,p2,2,0,True
lds-las-vegas-edison,5,62,b3ff0521e38a,55e43ca27a1e,p1,1,0,True
lds-las-vegas-edison,5,63,56e59d3771ae,5552bc640ff7,p1,1,0,False
lds-las-vegas-edison,5,64,038998b32557,2761f8b46dbb,p1,1,0,False
lds-las-vegas-edison,5,65,4ea5448fc994,495b19c6bd7d,p1,1,0,False
lds-las-vegas-edison,5,66,bb788fa627be,bb1252d5d680,p1,1,0,True
lds-las-vegas-edison,5,67,2ea0658e8f5e,89d029a90bb9,p2,1,0,False
lds-las-vegas-edison,5,68,060a67d975c1,31c8e0762d75,p1,1,0,False
lds-las-vegas-edison,5,69,9fb98e5630cd,fa4d9b733dd6,p1,2,1,True
lds-las-vegas-edison,5,70,97e20aee47df,67f344667f04,p2,1,0,True
lds-las-vegas-edison,5,71,a9219aa352b8,91c297bafb71,p1,2,0,True
lds-las-vegas-edison,5,72,87a292e4409f,8ef278f19f1f,p2,2,0,True
lds-las-vegas-edison,5,73,52144983ce7b,46c04a106754,p2,2,0,False
lds-las-vegas-edison,5,74,5a83c38ce612,e68003ad29e6,p1,2,0,False
lds-las-vegas-edison,5,75,6634cdff0fcd,00704dabf2ba,p1,1,0,True
lds-las-vegas-edison,5,76,5bb6657562bb,7f0e1b6aba55,p2,2,1,False
lds-las-vegas-edison,5,77,cce73fd27211,ca803132009f,p2,2,1,False
lds-las-vegas-edison,5,78,ae05f0de4c20,2be3db2cc296,p1,2,0,False
lds-las-vegas-edison,5,79,7744617154a3,40a601ef1d0e,p1,1,0,True
lds-las-vegas-edison,5,80,88f3badd12f6,ff9fb1ac860c,p1,1,0,True
lds-las-vegas-edison,5,81,6b1b84603a32,401cfda18ae1,p1,2,1,True
lds-las-vegas-edison,5,82,caf5061e38c7,004717499daa,p1,1,0,True
lds-las-vegas-edison,5,83,0617c88269d0,9049ee96f981,p1,1,0,False
lds-las-vegas-edison,5,84,c1cedac4bfa4,4fc65517e5ff,p1,2,0,True
lds-las-vegas-edison,5,85,2cb1315ff1d2,62e6d4aac498,p2,1,0,True
lds-las-vegas-edison,5,86,96eb9edc372b,5baab5cdddcd,p2,1,0,False
lds-las-vegas-edison,5,87,366a335d05b4,8e8279c25009,p2,2,0,True
lds-las-vegas-edison,5,88,f37c549c9d7b,720831a5e60a,p1,1,0,False
lds-las-vegas-edison,5,89,6fc06282f443,73ff19531018,p2,2,0,True
lds-las-vegas-edison,5,90,70ac095a70f0,356994514937,p1,2,0,True
lds-las-vegas-edison,5,91,1b1259af189e,3fcfb4dfa1aa,p2,1,0,False
lds-las-vegas-edison,5,92,446dfdff5e10,b101c6a5b5d5,p1,1,0,False
lds-las-vegas-edison,5,93,7e3d4ed38b0f,42bba3593571,p1,1,0,True
lds-las-vegas-edison,5,94,3a32f29ade79,0c50a9e5f701,p1,2,0,False
lds-las-vegas-edison,5,95,e30d9e0380db,623a72e91ca4,p2,1,0,True
lds-las-vegas-edison,5,96,8b4a5d9e875a,3461e3d88f60,p1,2,1,False
lds-las-vegas-edison,5,97,3bf72a6d4543,a7d929b31951,p1,2,0,True
lds-las-vegas-edison,5,98,2ec7c90d1b56,a4b9ee90716b,p1,2,0,True
lds-las-vegas-edison,5,99,9076816f94d4,29987471b114,p1,2,0,True
lds-las-vegas-edison,5,100,cf8526fb8791,4a243fedccda,p2,1,0,True
lds-las-vegas-edison,5,101,325337ab0a48,58dc1a3a62d7,p2,2,1,True
lds-las-vegas-edison,5,102,8967e2a0acd2,a89e9db59fde,p2,1,0,True
lds-las-vegas-edison,5,103,0006a4ab100d,4cba02f43518,p2,2,1,False
lds-las-vegas-edison,5,104,7275d882a6cf,1d6b2dbdeb32,p2,1,0,False
lds-las-vegas-edison,5,105,cbef5f556d44,5e3532105fa6,p2,1,0,True
lds-las-vegas-edison,5,106,6c6f8ae5b8c8,3ec952d2a2a5,p1,1,0,False
lds-las-vegas-edison,5,107,647a3c0fa4d3,356e2ad79c33,p1,1,0,True
lds-las-vegas-edison,5,108,f355f12c0bf6,fcc5c1264a79,p2,1,0,False
lds-las-vegas-edison,5,109,4fb3eef6fdb4,dc0afa2f0c07,p1,2,0,True
lds-las-vegas-edison,5,110,60c82cbcda1e,966071c1b68e,p2,2,0,True
lds-las-vegas-edison,5,112,2686fbb8d258,db8d38043b47,p2,1,0,False
lds-las-vegas-edison,5,114,26891d4adb1c,913ab2714733,p2,1,0,True
lds-las-vegas-edison,5,115,d61879b989c9,8aad01a3a3b2,p1,2,0,True
lds-las-vegas-edison,5,116,04b950aba159,8d30c512cddc,p2,2,0,True
lds-las-vegas-edison,5,118,f71dfd5a115e,6980cbe735fd,p2,1,0,False
lds-las-vegas-edison,5,119,6a7847c511e2,45ede9762ced,p2,2,0,False
lds-las-vegas-edison,5,121,5e56deebb50c,1a101f08b3b7,p1,1,0,True
lds-las-vegas-edison,6,1,27574271ef6c,446dfdff5e10,p1,2,1,True
lds-las-vegas-edison,6,2,09e6cad2bce0,f4edd0cafab0,p1,2,0,False
lds-las-vegas-edison,6,3,ac625738dbb3,34928b94ad97,p2,2,1,True
lds-las-vegas-edison,6,4,39b9b075f532,b2345002e252,p2,1,0,True
lds-las-vegas-edison,6,5,d8dd12fba0d6,95020390796f,p1,1,0,True
lds-las-vegas-edison,6,6,cb269e2b35fd,97aab0c63c1e,p2,1,0,True
lds-las-vegas-edison,6,7,3715883a13b3,d2a56e249386,p2,1,0,True
lds-las-vegas-edison,6,8,6dfbb1c2233d,74780dec6d17,p1,1,0,True
lds-las-vegas-edison,6,9,e8b7d4fe1d2c,b09affa72191,p1,2,0,False
lds-las-vegas-edison,6,10,1af081e083d0,5571b2c1d48a,p2,2,1,True
lds-las-vegas-edison,6,11,fc3904ca59cd,e53cebf37f8a,p2,1,0,True
lds-las-vegas-edison,6,12,412a4082c8d6,f6b8fd1d91e7,p2,2,1,True
lds-las-vegas-edison,6,14,6845c06ad1f8,0153aa54e58f,p1,1,0,True
lds-las-vegas-edison,6,15,c1d4cc03e5fb,1708f2bee690,p1,2,1,False
lds-las-vegas-edison,6,16,68dbed5c13c8,e4610d737a80,p1,1,0,True
lds-las-vegas-edison,6,17,efebc47a61ed,2d49a7a618d6,p2,1,0,True
lds-las-vegas-edison,6,18,c09961910879,a93625e3197e,p1,2,1,True
lds-las-vegas-edison,6,19,cec60fd2e8b7,01d59b2a39bf,p2,2,0,True
lds-las-vegas-edison,6,20,370496839c2d,fcca093a3bd0,p2,2,1,False
lds-las-vegas-edison,6,21,67f344667f04,b1af61d63c9c,p1,2,1,True
lds-las-vegas-edison,6,22,33e24a5b5122,5412c2ad2811,p1,1,0,True
lds-las-vegas-edison,6,23,f10c388bb907,0f6b8baa73b0,p2,1,0,True
lds-las-vegas-edison,6,24,04202e3f0e97,d1e6f5f74d1d,p2,1,0,True
lds-las-vegas-edison,6,25,daeebdee1a10,9472437147f3,p1,1,0,True
lds-las-vegas-edison,6,26,ce8e15edd814,475e63ecdd82,p1,1,0,False
lds-las-vegas-edison,6,27,9014ec8c00f0,35efd7eb2d42,p1,2,1,True
lds-las-vegas-edison,6,28,6ce436430145,9bdb50c225c2,p2,1,0,True
lds-las-vegas-edison,6,29,1d4be8a451d0,251227ba9c39,p2,1,0,False
lds-las-vegas-edison,6,30,7a088642a696,3047d3056313,p1,1,0,True
lds-las-vegas-edison,6,31,ad497da844e5,d329ea8885b0,p2,1,0,True
lds-las-vegas-edison,6,32,bc9cd455f270,5fc761cd39de,p1,2,0,True
lds-las-vegas-edison,6,33,060a67d975c1,c63aaf896c08,p1,1,0,False
lds-las-vegas-edison,6,34,8ca43d8a280c,f37c549c9d7b,p2,1,0,False
lds-las-vegas-edison,6,35,b3ff0521e38a,3ead9fc898b2,p2,1,0,True
lds-las-vegas-edison,6,36,f5556927c5e3,a74c6973110e,p2,2,1,True
lds-las-vegas-edison,6,37,3bf72a6d4543,6634cdff0fcd,p1,1,0,True
lds-las-vegas-edison,6,38,4ea5448fc994,ae05f0de4c20,p1,1,0,True
lds-las-vegas-edison,6,39,63297b7f7baa,8aebda5474d1,p1,1,0,True
lds-las-vegas-edison,6,40,b935c691ab27,2ec7c90d1b56,p1,2,0,True
lds-las-vegas-edison,6,41,917b9610fb4f,9fb98e5630cd,p1,1,0,True
lds-las-vegas-edison,6,42,8f062ea83c6c,89e57c3ed1a5,p2,1,0,False
lds-las-vegas-edison,6,43,e52e67cd8a85,4a243fedccda,p1,1,0,True
lds-las-vegas-edison,6,44,9e6987241bf3,ab492377d078,p1,1,0,True
lds-las-vegas-edison,6,45,97e20aee47df,2ceacba6f284,p2,1,0,True
lds-las-vegas-edison,6,46,8ecccde3ee8b,f8fa08a5b7f0,p1,2,0,True
lds-las-vegas-edison,6,47,9df587203aa4,a9219aa352b8,p1,1,0,True
lds-las-vegas-edison,6,48,56e59d3771ae,9076816f94d4,p2,2,0,True
lds-las-vegas-edison,6,49,c1cedac4bfa4,5baab5cdddcd,p2,1,0,True
lds-las-vegas-edison,6,50,393bdae85223,f553bec37c37,p1,1,0,False
lds-las-vegas-edison,6,51,1d6b2dbdeb32,93d0e3170782,p1,1,0,False
lds-las-vegas-edison,6,52,86c42e9ef53d,132fa60ef657,p1,2,0,False
lds-las-vegas-edison,6,53,62e6d4aac498,7744617154a3,p2,1,0,True
lds-las-vegas-edison,6,54,4cba02f43518,038998b32557,p1,1,0,False
lds-las-vegas-edison,6,55,e08e896e4247,0f896a11737b,p1,1,0,True
lds-las-vegas-edison,6,56,73ff19531018,b243da9569b1,p1,2,1,True
lds-las-vegas-edison,6,57,c0e164836a75,5a83c38ce612,p2,2,0,False
lds-las-vegas-edison,6,58,1e710092f292,5e3532105fa6,p1,1,0,True
lds-las-vegas-edison,6,59,a9a826102b46,55c4b069ed8a,p1,2,0,False
lds-las-vegas-edison,6,60,8e8279c25009,88f3badd12f6,p1,2,0,True
lds-las-vegas-edison,6,61,0617c88269d0,8ef278f19f1f,p2,2,0,False
lds-las-vegas-edison,6,62,7e3d4ed38b0f,05acf6c79c01,p1,1,0,True
lds-las-vegas-edison,6,63,f30800e67a98,854389129c29,p2,1,0,False
lds-las-vegas-edison,6,64,417d8e106603,d6d1e774b518,p1,1,0,False
lds-las-vegas-edison,6,65,7f0e1b6aba55,6c6f8ae5b8c8,p1,2,1,False
lds-las-vegas-edison,6,66,bb788fa627be,58dc1a3a62d7,p1,1,0,True
lds-las-vegas-edison,6,67,376424ae1cdc,ca269d283701,p1,1,0,False
lds-las-vegas-edison,6,68,4dd027d4957b,ca803132009f,p1,2,1,False
lds-las-vegas-edison,6,69,706c5bfa8cc4,3fcfb4dfa1aa,p1,2,0,True
lds-las-vegas-edison,6,70,6b1b84603a32,caf5061e38c7,p2,1,0,True
lds-las-vegas-edison,6,71,5e765469ef89,8b4a5d9e875a,p1,2,0,False
lds-las-vegas-edison,6,72,a18eba778906,89d029a90bb9,p1,2,0,True
lds-las-vegas-edison,6,73,0613c8c7b015,70ac095a70f0,p2,2,1,True
lds-las-vegas-edison,6,74,fde30ebdfa8c,3a32f29ade79,p2,2,0,True
lds-las-vegas-edison,6,75,46c04a106754,647a3c0fa4d3,p2,1,0,False
lds-las-vegas-edison,6,76,623a72e91ca4,45ee51cbb350,p1,1,0,False
lds-las-vegas-edison,6,77,53894b9474eb,a89e9db59fde,p2,1,0,True
lds-las-vegas-edison,6,78,9d6677c23232,c4bfea592250,p1,1,0,True
lds-las-vegas-edison,6,79,52144983ce7b,004717499daa,p2,1,0,True
lds-las-vegas-edison,6,80,31c8e0762d75,45ede9762ced,p2,2,0,False
lds-las-vegas-edison,6,81,db8d38043b47,913ab2714733,p2,1,0,False
lds-las-vegas-edison,6,82,29987471b114,0c50a9e5f701,p1,1,0,False
lds-las-vegas-edison,6,83,2cb1315ff1d2,4fb3eef6fdb4,p1,2,1,True
lds-las-vegas-edison,6,84,2761f8b46dbb,e30d9e0380db,p2,1,0,False
lds-las-vegas-edison,6,85,55e43ca27a1e,6fc06282f443,p2,1,0,True
lds-las-vegas-edison,6,86,96eb9edc372b,d61879b989c9,p2,2,0,False
lds-las-vegas-edison,6,89,3461e3d88f60,b8a6a9e11ad8,p1,2,0,False
lds-las-vegas-edison,6,90,5552bc640ff7,5e56deebb50c,p2,1,0,False
lds-las-vegas-edison,6,91,6980cbe735fd,fcc5c1264a79,p2,1,0,False
lds-las-vegas-edison,6,92,b101c6a5b5d5,3e8141d7e3cf,p2,2,1,False
lds-las-vegas-edison,7,1,09e6cad2bce0,34928b94ad97,p1,2,1,False
lds-las-vegas-edison,7,2,b2345002e252,d8dd12fba0d6,p1,1,0,True
lds-las-vegas-edison,7,3,27574271ef6c,ac625738dbb3,p1,1,0,True
lds-las-vegas-edison,7,4,251227ba9c39,446dfdff5e10,p2,1,0,False
lds-las-vegas-edison,7,5,d2a56e249386,d329ea8885b0,p1,1,0,True
lds-las-vegas-edison,7,6,e08e896e4247,e8b7d4fe1d2c,p2,1,0,True
lds-las-vegas-edison,7,7,2d49a7a618d6,f6b8fd1d91e7,p1,1,0,True
lds-las-vegas-edison,7,8,5571b2c1d48a,f4edd0cafab0,p2,2,0,True
lds-las-vegas-edison,7,9,cb269e2b35fd,9014ec8c00f0,p1,1,0,True
lds-las-vegas-edison,7,10,ce8e15edd814,9bdb50c225c2,p2,1,0,False
lds-las-vegas-edison,7,11,67f344667f04,3e8141d7e3cf,p2,2,0,False
lds-las-vegas-edison,7,12,c09961910879,33e24a5b5122,p1,1,0,True
lds-las-vegas-edison,7,13,bc9cd455f270,68dbed5c13c8,p1,2,0,True
lds-las-vegas-edison,7,14,fcca093a3bd0,daeebdee1a10,p2,1,0,True
lds-las-vegas-edison,7,15,0f6b8baa73b0,c1d4cc03e5fb,p1,1,0,True
lds-las-vegas-edison,7,16,d1e6f5f74d1d,6dfbb1c2233d,p2,1,0,True
lds-las-vegas-edison,7,17,39b9b075f532,e53cebf37f8a,p2,1,0,True
lds-las-vegas-edison,7,18,95020390796f,6845c06ad1f8,p2,1,0,True
lds-las-vegas-edison,7,19,01d59b2a39bf,97aab0c63c1e,p1,1,0,True
lds-las-vegas-edison,7,20,417d8e106603,1af081e083d0,p1,1,0,True
lds-las-vegas-edison,7,21,647a3c0fa4d3,5412c2ad2811,p2,1,0,True
lds-las-vegas-edison,7,22,a18eba778906,04202e3f0e97,p2,2,0,True
lds-las-vegas-edison,7,23,4cba02f43518,cec60fd2e8b7,p2,2,1,False
lds-las-vegas-edison,7,24,a89e9db59fde,7744617154a3,p2,1,0,True
lds-las-vegas-edison,7,25,8ecccde3ee8b,f37c549c9d7b,p1,2,0,False
lds-las-vegas-edison,7,26,fc3904ca59cd,9076816f94d4,p2,2,1,True
lds-las-vegas-edison,7,27,efebc47a61ed,0f896a11737b,p2,2,0,True
lds-las-vegas-edison,7,28,6ce436430145,caf5061e38c7,p2,1,0,True
lds-las-vegas-edison,7,29,7e3d4ed38b0f,1d4be8a451d0,p1,2,0,True
lds-las-vegas-edison,7,30,8ef278f19f1f,7a088642a696,p2,1,0,True
lds-las-vegas-edison,7,31,3715883a13b3,7f0e1b6aba55,p1,1,0,False
lds-las-vegas-edison,7,32,86c42e9ef53d,3a32f29ade79,p1,2,1,True
lds-las-vegas-edison,7,33,63297b7f7baa,b935c691ab27,p2,1,0,True
lds-las-vegas-edison,7,34,376424ae1cdc,2ceacba6f284,p1,1,0,False
lds-las-vegas-edison,7,35,b09affa72191,9e6987241bf3,p2,1,0,False
lds-las-vegas-edison,7,36,e52e67cd8a85,bb788fa627be,p2,1,0,True
lds-las-vegas-edison,7,37,e4610d737a80,5baab5cdddcd,p2,1,0,True
lds-las-vegas-edison,7,38,70ac095a70f0,1708f2bee690,p1,1,0,False
lds-las-vegas-edison,7,39,623a72e91ca4,9472437147f3,p2,2,0,True
lds-las-vegas-edison,7,40,ad497da844e5,f10c388bb907,p1,2,0,True
lds-las-vegas-edison,7,41,9d6677c23232,0153aa54e58f,p2,1,0,True
lds-las-vegas-edison,7,42,854389129c29,1e710092f292,p2,1,0,False
lds-las-vegas-edison,7,43,4ea5448fc994,3bf72a6d4543,p2,2,0,True
lds-las-vegas-edison,7,44,89e57c3ed1a5,a9a826102b46,p2,1,0,False
lds-las-vegas-edison,7,45,5e765469ef89,a74c6973110e,p2,2,0,True
lds-las-vegas-edison,7,46,b8a6a9e11ad8,db8d38043b47,p2,1,0,False
lds-las-vegas-edison,7,47,b1af61d63c9c,5fc761cd39de,p2,2,0,True
lds-las-vegas-edison,7,48,a93625e3197e,4dd027d4957b,p2,2,0,True
lds-las-vegas-edison,7,49,5a83c38ce612,393bdae85223,p1,2,1,False
lds-las-vegas-edison,7,50,74780dec6d17,3ead9fc898b2,p2,1,0,True
lds-las-vegas-edison,7,51,917b9610fb4f,706c5bfa8cc4,p2,2,1,True
lds-las-vegas-edison,7,52,370496839c2d,1d6b2dbdeb32,p1,1,0,False
lds-las-vegas-edison,7,53,9df587203aa4,35efd7eb2d42,p2,2,1,True
lds-las-vegas-edison,7,54,060a67d975c1,73ff19531018,p1,2,1,True
lds-las-vegas-edison,7,55,8e8279c25009,8b4a5d9e875a,p1,2,0,False
lds-las-vegas-edison,7,56,8f062ea83c6c,fcc5c1264a79,p2,1,0,False
lds-las-vegas-edison,7,57,e30d9e0380db,0613c8c7b015,p2,2,1,True
lds-las-vegas-edison,7,58,46c04a106754,3461e3d88f60,p2,1,0,False
lds-las-vegas-edison,7,59,2cb1315ff1d2,45ede9762ced,p2,2,0,True
lds-las-vegas-edison,7,60,6634cdff0fcd,2ec7c90d1b56,p1,2,0,True
lds-las-vegas-edison,7,61,038998b32557,ca269d283701,p1,1,0,False
lds-las-vegas-edison,7,62,29987471b114,53894b9474eb,p1,2,0,True
lds-las-vegas-edison,7,64,d61879b989c9,9fb98e5630cd,p1,1,0,True
lds-las-vegas-edison,7,66,004717499daa,0617c88269d0,p1,1,0,False
lds-las-vegas-edison,7,67,132fa60ef657,5e56deebb50c,p2,1,0,False
lds-las-vegas-edison,7,68,913ab2714733,b3ff0521e38a,p1,1,0,True
lds-las-vegas-edison,7,69,8aebda5474d1,58dc1a3a62d7,p1,1,0,True
lds-las-vegas-edison,7,70,97e20aee47df,f355f12c0bf6,p2,1,0,False
lds-las-vegas-edison,7,72,475e63ecdd82,b101c6a5b5d5,p2,1,0,False
lds-las-vegas-edison,8,1,09e6cad2bce0,27574271ef6c,p2,2,0,False
lds-las-vegas-edison,8,2,b2345002e252,d2a56e249386,p1,1,0,True
lds-las-vegas-edison,8,3,01d59b2a39bf,34928b94ad97,p2,2,1,True
lds-las-vegas-edison,8,4,d8dd12fba0d6,bc9cd455f270,p1,1,0,True
lds-las-vegas-edison,8,5,daeebdee1a10,3e8141d7e3cf,p1,1,0,False
lds-las-vegas-edison,8,6,e8b7d4fe1d2c,0f6b8baa73b0,p1,2,0,True
lds-las-vegas-edison,8,7,446dfdff5e10,9bdb50c225c2,p1,1,0,True
lds-las-vegas-edison,8,8,cb269e2b35fd,c09961910879,p1,1,0,True
lds-las-vegas-edison,8,9,f4edd0cafab0,6dfbb1c2233d,p2,1,0,True
lds-las-vegas-edison,8,10,6845c06ad1f8,2d49a7a618d6,p1,1,0,True
lds-las-vegas-edison,8,11,e53cebf37f8a,70ac095a70f0,p2,2,1,True
lds-las-vegas-edison,8,12,e08e896e4247,04202e3f0e97,p1,1,0,True
lds-las-vegas-edison,8,13,251227ba9c39,5571b2c1d48a,p2,2,0,False
lds-las-vegas-edison,8,14,8ecccde3ee8b,370496839c2d,p2,2,0,False
lds-las-vegas-edison,8,15,5a83c38ce612,5baab5cdddcd,p2,1,0,False
lds-las-vegas-edison,8,16,c1d4cc03e5fb,376424ae1cdc,p2,1,0,False
lds-las-vegas-edison,8,17,86c42e9ef53d,7744617154a3,p1,2,0,True
lds-las-vegas-edison,8,18,a74c6973110e,ad497da844e5,p2,2,0,True
lds-las-vegas-edison,8,19,3715883a13b3,1e710092f292,p1,1,0,True
lds-las-vegas-edison,8,20,a9a826102b46,bb788fa627be,p2,1,0,False
lds-las-vegas-edison,8,21,0153aa54e58f,9076816f94d4,p1,2,1,True
lds-las-vegas-edison,8,22,ce8e15edd814,fcca093a3bd0,p2,2,0,False
lds-las-vegas-edison,8,23,d329ea8885b0,3ead9fc898b2,p1,1,0,True
lds-las-vegas-edison,8,24,5fc761cd39de,9472437147f3,p2,2,0,True
lds-las-vegas-edison,8,25,b935c691ab27,060a67d975c1,p1,1,0,True
lds-las-vegas-edison,8,26,9e6987241bf3,33e24a5b5122,p2,1,0,True
lds-las-vegas-edison,8,27,db8d38043b47,f355f12c0bf6,p1,1,0,False
lds-las-vegas-edison,8,28,68dbed5c13c8,f6b8fd1d91e7,p1,1,0,True
lds-las-vegas-edison,8,29,3bf72a6d4543,97aab0c63c1e,p2,1,0,True
lds-las-vegas-edison,8,30,7a088642a696,417d8e106603,p1,1,0,True
lds-las-vegas-edison,8,31,39b9b075f532,8e8279c25009,p1,2,0,True
lds-las-vegas-edison,8,32,5412c2ad2811,706c5bfa8cc4,p1,1,0,True
lds-las-vegas-edison,8,33,95020390796f,67f344667f04,p2,1,0,True
lds-las-vegas-edison,8,34,0f896a11737b,4dd027d4957b,p2,2,0,True
lds-las-vegas-edison,8,35,cec60fd2e8b7,d1e6f5f74d1d,p1,2,0,True
lds-las-vegas-edison,8,36,35efd7eb2d42,caf5061e38c7,p2,1,0,True
lds-las-vegas-edison,8,37,9014ec8c00f0,7e3d4ed38b0f,p2,2,0,True
lds-las-vegas-edison,8,38,a89e9db59fde,b1af61d63c9c,p2,2,0,True
lds-las-vegas-edison,8,39,0613c8c7b015,45ede9762ced,p2,2,0,True
lds-las-vegas-edison,8,40,004717499daa,f37c549c9d7b,p1,1,0,False
lds-las-vegas-edison,8,41,fcc5c1264a79,9df587203aa4,p2,2,1,True
lds-las-vegas-edison,8,42,1af081e083d0,038998b32557,p2,1,0,True
lds-las-vegas-edison,8,44,6634cdff0fcd,7f0e1b6aba55,p2,2,1,False
lds-las-vegas-edison,8,47,d61879b989c9,5e56deebb50c,p2,1,0,True
lds-las-vegas-edison,8,48,913ab2714733,854389129c29,p2,1,0,False
lds-las-vegas-edison,8,49,623a72e91ca4,3461e3d88f60,p2,2,0,False
lds-las-vegas-edison,8,52,b101c6a5b5d5,ac625738dbb3,p1,2,1,False
lds-las-vegas-edison,9,1,b2345002e252,27574271ef6c,p1,1,0,True
lds-las-vegas-edison,9,2,d8dd12fba0d6,cb269e2b35fd,p1,1,0,True
lds-las-vegas-edison,9,3,6dfbb1c2233d,daeebdee1a10,p2,1,0,True
lds-las-vegas-edison,9,4,34928b94ad97,6845c06ad1f8,p2,1,0,True
lds-las-vegas-edison,9,5,09e6cad2bce0,e8b7d4fe1d2c,p2,2,0,False
lds-las-vegas-edison,9,6,446dfdff5e10,cec60fd2e8b7,p1,1,0,True
lds-las-vegas-edison,9,7,376424ae1cdc,3e8141d7e3cf,p1,1,0,False
lds-las-vegas-edison,9,8,ad497da844e5,70ac095a70f0,p1,2,0,True
lds-las-vegas-edison,9,9,01d59b2a39bf,33e24a5b5122,p1,2,0,True
lds-las-vegas-edison,9,10,5571b2c1d48a,370496839c2d,p1,2,1,False
lds-las-vegas-edison,9,11,0153aa54e58f,3715883a13b3,p2,1,0,True
lds-las-vegas-edison,9,12,9bdb50c225c2,97aab0c63c1e,p2,1,0,True
lds-las-vegas-edison,9,13,c09961910879,fcca093a3bd0,p2,2,1,True
lds-las-vegas-edison,9,14,f4edd0cafab0,d329ea8885b0,p1,2,1,True
lds-las-vegas-edison,9,15,e08e896e4247,d2a56e249386,p1,1,0,True
lds-las-vegas-edison,9,16,4dd027d4957b,68dbed5c13c8,p2,1,0,True
lds-las-vegas-edison,9,17,bc9cd455f270,7e3d4ed38b0f,p1,2,0,True
lds-las-vegas-edison,9,18,251227ba9c39,b1af61d63c9c,p2,2,1,False
lds-las-vegas-edison,9,19,5baab5cdddcd,bb788fa627be,p2,1,0,True
lds-las-vegas-edison,9,20,b935c691ab27,e53cebf37f8a,p1,1,0,True
lds-las-vegas-edison,9,21,0f6b8baa73b0,5412c2ad2811,p2,1,0,True
lds-las-vegas-edison,9,22,39b9b075f532,67f344667f04,p2,1,0,True
lds-las-vegas-edison,9,23,caf5061e38c7,86c42e9ef53d,p1,1,0,True
lds-las-vegas-edison,9,24,7744617154a3,5e56deebb50c,p2,1,0,True
lds-las-vegas-edison,9,25,ce8e15edd814,7f0e1b6aba55,p1,2,0,False
lds-las-vegas-edison,9,26,d1e6f5f74d1d,9076816f94d4,p2,2,0,True
lds-las-vegas-edison,9,27,5a83c38ce612,a74c6973110e,p2,2,0,False
lds-las-vegas-edison,9,28,3461e3d88f60,8e8279c25009,p1,2,0,False
lds-las-vegas-edison,9,29,9e6987241bf3,706c5bfa8cc4,p1,1,0,True
lds-las-vegas-edison,9,30,2d49a7a618d6,7a088642a696,p1,1,0,True
lds-las-vegas-edison,9,31,b101c6a5b5d5,9472437147f3,p1,2,1,False
lds-las-vegas-edison,9,32,854389129c29,3bf72a6d4543,p2,2,0,False
lds-las-vegas-edison,9,33,038998b32557,3ead9fc898b2,p1,2,0,True
lds-las-vegas-edison,9,34,35efd7eb2d42,ac625738dbb3,p1,2,0,True
lds-las-vegas-edison,9,35,9df587203aa4,9014ec8c00f0,p1,2,0,True
lds-las-vegas-edison,9,36,1e710092f292,417d8e106603,p2,1,0,True
lds-las-vegas-edison,9,37,f6b8fd1d91e7,95020390796f,p2,2,0,True
lds-las-vegas-edison,9,38,45ede9762ced,04202e3f0e97,p1,2,0,True
lds-las-vegas-edison,9,39,004717499daa,913ab2714733,p1,1,0,True
lds-las-vegas-edison,9,40,d61879b989c9,db8d38043b47,p2,1,0,False
lds-las-vegas-edison,9,42,fcc5c1264a79,6634cdff0fcd,p2,1,0,True
lds-las-vegas-edison,Finals,1,b2345002e252,f4edd0cafab0,p2,1,0,True
lds-las-vegas-edison,Top 16,1,b2345002e252,376424ae1cdc,p1,1,0,False
lds-las-vegas-edison,Top 16,2,34928b94ad97,cb269e2b35fd,p1,2,0,True
lds-las-vegas-edison,Top 16,3,446dfdff5e10,09e6cad2bce0,p1,1,0,False
lds-las-vegas-edison,Top 16,4,e8b7d4fe1d2c,6dfbb1c2233d,p2,1,0,True
lds-las-vegas-edison,Top 16,5,6845c06ad1f8,b101c6a5b5d5,p1,1,0,False
lds-las-vegas-edison,Top 16,6,27574271ef6c,bc9cd455f270,p2,2,1,True
lds-las-vegas-edison,Top 16,7,daeebdee1a10,f4edd0cafab0,p2,2,1,True
lds-las-vegas-edison,Top 16,8,d8dd12fba0d6,97aab0c63c1e,p2,1,0,True
lds-las-vegas-edison,Top 4,1,b2345002e252,446dfdff5e10,p1,1,0,True
lds-las-vegas-edison,Top 4,2,f4edd0cafab0,6845c06ad1f8,p1,1,0,True
lds-las-vegas-edison,Top 8,1,b2345002e252,34928b94ad97,p1,1,0,True
lds-las-vegas-edison,Top 8,2,446dfdff5e10,6dfbb1c2233d,p1,1,0,True
lds-las-vegas-edison,Top 8,3,bc9cd455f270,6845c06ad1f8,p2,1,0,True
lds-las-vegas-edison,Top 8,4,97aab0c63c1e,f4edd0cafab0,p2,2,1,True
rbet-mini-vienna-ppt-paris-preperation-tournament-1776528520946,Top 2-4,1,aad3e0f4c162,9fee3a165155,p2,2,1,False
rbet-mini-vienna-ppt-paris-preperation-tournament-1776528520946,Top 4-2,1,cb8e99cc810f,aad3e0f4c162,p1,2,0,False
rbet-mini-vienna-ppt-paris-preperation-tournament-1776528520946,Top 4-2,2,d1640557d770,9fee3a165155,p2,2,1,True
rbet-mini-vienna-ppt-paris-preperation-tournament-1776528520946,Top 4-4,1,56094495e643,cb8e99cc810f,p2,2,1,True
rbet-mini-vienna-ppt-paris-preperation-tournament-1776528520946,Top 4-4,2,a259b4ca95e5,d1640557d770,p2,2,1,True
rbet-mini-vienna-ppt-paris-preperation-tournament-1776528520946,Top 8-0,1,cb8e99cc810f,d1640557d770,p1,2,1,True
rbet-mini-vienna-ppt-paris-preperation-tournament-1776528520946,Top 8-0,2,a259b4ca95e5,aad3e0f4c162,p2,2,1,False
rbet-mini-vienna-ppt-paris-preperation-tournament-1776528520946,Top 8-0,3,56094495e643,9fee3a165155,p1,2,1,True
rbet-mini-vienna-ppt-paris-preperation-tournament-1776528520946,Top 8-0,4,de8e25bc76d0,0ff0ad363c46,draw,,,False
edison-locals-15,1,1,47ddbb220e92,f7e42b2639ee,p1,2,0,False
edison-locals-15,1,2,906b825905ad,8dfb26fdaad4,p2,2,0,False
edison-locals-15,1,3,0b0e9f275c1f,0beafbe0b94d,p1,2,0,False
edison-locals-15,1,4,c0701e87069b,27da43677430,p1,2,1,False
edison-locals-15,1,5,1878d6cb3e7c,35b87827fc56,p2,2,1,False
edison-locals-15,1,6,0a72ad698f9b,cc6dd1063fbe,p1,2,1,False
edison-locals-15,1,7,be2f9b4f46b2,8883c67b7383,p1,2,0,False
edison-locals-15,2,1,c0701e87069b,35b87827fc56,p1,2,1,False
edison-locals-15,2,2,8dfb26fdaad4,0b0e9f275c1f,p1,2,0,False
edison-locals-15,2,3,0a72ad698f9b,47ddbb220e92,p1,2,1,False
edison-locals-15,2,4,be2f9b4f46b2,906b825905ad,p1,2,0,False
edison-locals-15,2,5,0beafbe0b94d,f7e42b2639ee,p1,2,0,False
edison-locals-15,2,6,cc6dd1063fbe,1878d6cb3e7c,p1,2,1,False
edison-locals-15,2,7,8883c67b7383,27da43677430,p1,2,0,False
edison-locals-15,3,1,8dfb26fdaad4,be2f9b4f46b2,p1,2,1,False
edison-locals-15,3,2,0a72ad698f9b,c0701e87069b,p1,2,1,False
edison-locals-15,3,3,0beafbe0b94d,47ddbb220e92,p2,2,1,False
edison-locals-15,3,4,0b0e9f275c1f,35b87827fc56,p1,2,0,False
edison-locals-15,3,5,8883c67b7383,906b825905ad,p1,2,0,False
edison-locals-15,4,1,8dfb26fdaad4,0a72ad698f9b,p2,2,0,False
edison-locals-15,4,2,be2f9b4f46b2,0b0e9f275c1f,p1,2,1,False
edison-locals-15,4,3,8883c67b7383,47ddbb220e92,p2,2,1,False
poyo-weekly-7,1,1,8712b3365d85,6b20d6889c27,p2,2,1,False
poyo-weekly-7,1,2,35f9379205a2,e82d7d02189d,p2,2,1,False
poyo-weekly-7,1,3,104ed1396046,7f15a76b7061,draw,,,False
poyo-weekly-7,2,1,e82d7d02189d,6b20d6889c27,p1,2,0,False
poyo-weekly-7,2,2,7f15a76b7061,35f9379205a2,p1,2,1,False
poyo-weekly-7,2,3,104ed1396046,8712b3365d85,p2,2,0,False
poyo-weekly-7,3,1,e82d7d02189d,8712b3365d85,p1,2,0,False
poyo-weekly-7,3,2,7f15a76b7061,6b20d6889c27,p1,2,1,False
poyo-weekly-7,3,3,104ed1396046,35f9379205a2,p2,2,1,False
edison-locals-14,1,1,025b71a66261,3122bed3c204,p1,1,0,False
edison-locals-14,1,2,c73766c3a1b5,906b825905ad,p1,2,1,False
edison-locals-14,1,3,8dfb26fdaad4,8883c67b7383,p1,2,0,False
edison-locals-14,1,4,7c69072ad0cb,1878d6cb3e7c,p2,2,0,False
edison-locals-14,1,5,be2f9b4f46b2,27da43677430,p2,2,0,False
edison-locals-14,1,6,fae4279981b0,69d3e00878ed,p1,2,1,False
edison-locals-14,2,1,fae4279981b0,1ba99f02ad4e,p2,2,1,False
edison-locals-14,2,2,27da43677430,c73766c3a1b5,p2,2,1,False
edison-locals-14,2,3,1878d6cb3e7c,025b71a66261,p2,2,1,False
edison-locals-14,2,4,8dfb26fdaad4,eeb5de7b945d,p1,2,1,False
edison-locals-14,2,5,69d3e00878ed,be2f9b4f46b2,p1,2,1,False
edison-locals-14,2,6,7c69072ad0cb,3122bed3c204,p2,2,0,False
edison-locals-14,2,7,8883c67b7383,906b825905ad,p1,2,0,False
edison-locals-14,3,1,c73766c3a1b5,8dfb26fdaad4,p2,2,1,False
edison-locals-14,3,2,025b71a66261,1ba99f02ad4e,p1,2,1,False
edison-locals-14,3,3,8883c67b7383,69d3e00878ed,p2,2,1,False
edison-locals-14,3,4,27da43677430,3122bed3c204,p1,2,0,False
edison-locals-14,3,5,1878d6cb3e7c,fae4279981b0,p1,2,0,False
edison-locals-14,3,6,eeb5de7b945d,be2f9b4f46b2,p2,2,1,False
edison-locals-14,3,7,7c69072ad0cb,906b825905ad,p1,2,0,False
edison-locals-14,4,1,025b71a66261,8dfb26fdaad4,p2,2,0,False
edison-locals-14,4,2,1878d6cb3e7c,1ba99f02ad4e,p1,2,0,False
edison-locals-14,4,3,69d3e00878ed,27da43677430,p2,2,1,False
edison-locals-14,4,4,c73766c3a1b5,fae4279981b0,p1,2,0,False
edison-locals-14,4,5,3122bed3c204,8883c67b7383,p1,2,1,False
edison-locals-14,4,6,7c69072ad0cb,be2f9b4f46b2,p2,2,0,False
edison-locals-14,4,7,906b825905ad,eeb5de7b945d,p2,2,0,False
yugioh-weekly-55,1,1,ee49321697c2,d6c0e2b510e8,p2,2,0,False
yugioh-weekly-55,1,2,ccd2776ab07a,050436553e52,p1,2,0,False
yugioh-weekly-55,1,3,acdb30828541,97e977592443,p2,2,1,False
yugioh-weekly-55,2,1,ccd2776ab07a,97e977592443,p2,2,0,False
yugioh-weekly-55,2,2,d6c0e2b510e8,acdb30828541,p1,2,1,False
yugioh-weekly-55,2,3,ee49321697c2,050436553e52,p2,2,0,False
yugioh-weekly-55,3,1,d6c0e2b510e8,97e977592443,p1,2,0,False
yugioh-weekly-55,3,2,ccd2776ab07a,ee49321697c2,p1,2,1,False
yugioh-weekly-55,3,3,050436553e52,acdb30828541,p1,2,0,False
the-geekerys-yu-gi-oh-edison-tournament-426,1,1,82b4da1b599a,0e3914df775f,p1,2,1,False
the-geekerys-yu-gi-oh-edison-tournament-426,1,2,668c01255546,52223f210b12,p2,2,0,False
the-geekerys-yu-gi-oh-edison-tournament-426,1,3,c54a02afcfa6,cd2202bfa3b7,p2,2,1,False
the-geekerys-yu-gi-oh-edison-tournament-426,1,4,6197c65d1998,51edb3f31cb5,p1,2,0,False
the-geekerys-yu-gi-oh-edison-tournament-426,2,1,cd2202bfa3b7,82b4da1b599a,p1,2,1,False
the-geekerys-yu-gi-oh-edison-tournament-426,2,2,52223f210b12,6197c65d1998,p2,2,1,False
the-geekerys-yu-gi-oh-edison-tournament-426,2,3,668c01255546,0e3914df775f,p2,2,0,False
the-geekerys-yu-gi-oh-edison-tournament-426,2,4,c54a02afcfa6,51edb3f31cb5,p1,2,1,False
the-geekerys-yu-gi-oh-edison-tournament-426,3,1,6197c65d1998,cd2202bfa3b7,p1,2,1,False
the-geekerys-yu-gi-oh-edison-tournament-426,3,2,82b4da1b599a,c54a02afcfa6,p2,2,0,False
the-geekerys-yu-gi-oh-edison-tournament-426,3,3,0e3914df775f,52223f210b12,p1,2,1,False
poyo-monthly-burger-king,1,1,8712b3365d85,9da56f40a898,p1,2,0,False
poyo-monthly-burger-king,1,2,9ae145ec9fc5,35f9379205a2,p1,2,0,False
poyo-monthly-burger-king,1,3,6b20d6889c27,104ed1396046,p2,2,1,False
poyo-monthly-burger-king,1,4,7f15a76b7061,e82d7d02189d,p2,2,0,False
poyo-monthly-burger-king,2,1,9ae145ec9fc5,8712b3365d85,p1,2,1,False
poyo-monthly-burger-king,2,2,104ed1396046,e82d7d02189d,p2,2,0,False
poyo-monthly-burger-king,2,3,9da56f40a898,6b20d6889c27,p2,2,0,False
poyo-monthly-burger-king,3,1,9ae145ec9fc5,e82d7d02189d,p2,2,1,False
poyo-monthly-burger-king,3,2,104ed1396046,35f9379205a2,p2,2,0,False
poyo-monthly-burger-king,3,3,6b20d6889c27,8712b3365d85,p2,2,1,False
yugioh-friday-edison-copy,1,1,0e2e1bbf1ba8,4fc65517e5ff,p2,2,1,False
yugioh-friday-edison-copy,1,2,0f6b8baa73b0,27a9d7ecd059,p2,2,1,False
yugioh-friday-edison-copy,2,1,27a9d7ecd059,fa4d9b733dd6,p2,2,0,False
yugioh-friday-edison-copy,2,2,4fc65517e5ff,0f6b8baa73b0,p2,2,1,False
yugioh-friday-edison-copy,3,1,fa4d9b733dd6,0f6b8baa73b0,p2,2,0,False
yugioh-friday-edison-copy,3,2,27a9d7ecd059,0e2e1bbf1ba8,p1,2,0,False
edison-locals-13,1,1,27da43677430,9f34671a13f2,p1,2,0,False
edison-locals-13,1,2,c142d3dd3ca2,1ba99f02ad4e,p2,2,1,False
edison-locals-13,1,3,35b87827fc56,c0701e87069b,p2,2,1,False
edison-locals-13,1,4,0beafbe0b94d,0a72ad698f9b,p2,2,0,False
edison-locals-13,1,5,c73766c3a1b5,f7e42b2639ee,p1,2,1,False
edison-locals-13,1,6,3122bed3c204,be2f9b4f46b2,p2,2,1,False
edison-locals-13,1,7,6fc913d51d98,0b0e9f275c1f,p2,2,1,False
edison-locals-13,1,8,6e1f0719c5d0,8dfb26fdaad4,p2,2,1,False
edison-locals-13,1,9,46661cf6474f,1878d6cb3e7c,p1,2,1,False
edison-locals-13,2,1,1ba99f02ad4e,47ddbb220e92,p2,2,1,False
edison-locals-13,2,2,0a72ad698f9b,c73766c3a1b5,p1,2,0,False
edison-locals-13,2,3,8dfb26fdaad4,27da43677430,p2,2,0,False
edison-locals-13,2,4,c0701e87069b,be2f9b4f46b2,p2,2,1,False
edison-locals-13,2,5,46661cf6474f,0b0e9f275c1f,p1,2,0,False
edison-locals-13,2,6,35b87827fc56,1878d6cb3e7c,p2,2,0,False
edison-locals-13,2,7,c142d3dd3ca2,6e1f0719c5d0,p1,2,1,False
edison-locals-13,2,8,0beafbe0b94d,6fc913d51d98,p2,2,0,False
edison-locals-13,2,9,3122bed3c204,9f34671a13f2,p2,2,0,False
edison-locals-13,3,1,0a72ad698f9b,27da43677430,p1,2,0,False
edison-locals-13,3,2,be2f9b4f46b2,47ddbb220e92,p1,2,0,False
edison-locals-13,3,3,46661cf6474f,1ba99f02ad4e,p2,2,0,False
edison-locals-13,3,4,0b0e9f275c1f,c73766c3a1b5,p1,2,1,False
edison-locals-13,3,5,8dfb26fdaad4,1878d6cb3e7c,p1,2,1,False
edison-locals-13,3,6,c0701e87069b,9f34671a13f2,p1,2,0,False
edison-locals-13,3,7,6fc913d51d98,c142d3dd3ca2,p1,2,1,False
edison-locals-13,3,8,0beafbe0b94d,3122bed3c204,p1,2,0,False
edison-locals-13,3,9,6e1f0719c5d0,35b87827fc56,p2,2,0,False
edison-locals-13,4,1,0a72ad698f9b,be2f9b4f46b2,p1,2,1,False
edison-locals-13,4,2,0b0e9f275c1f,c0701e87069b,p2,2,1,False
edison-locals-13,4,3,6fc913d51d98,27da43677430,p2,2,1,False
edison-locals-13,4,4,47ddbb220e92,46661cf6474f,p1,2,0,False
edison-locals-13,4,5,8dfb26fdaad4,1ba99f02ad4e,p1,2,1,False
edison-locals-13,4,6,c142d3dd3ca2,c73766c3a1b5,p2,2,0,False
edison-locals-13,4,7,35b87827fc56,0beafbe0b94d,p2,2,0,False
edison-locals-13,4,8,1878d6cb3e7c,3122bed3c204,p1,2,1,False
yugioh-weekly-54,1,1,bbcc88c0bf98,ccd2776ab07a,p2,2,1,False
yugioh-weekly-54,1,2,d6c0e2b510e8,4baf3a8a1cb9,p1,2,0,False
yugioh-weekly-54,1,3,ee49321697c2,0241faeb61e9,p1,2,0,False
yugioh-weekly-54,2,1,ee49321697c2,ccd2776ab07a,p1,2,0,False
yugioh-weekly-54,2,2,d6c0e2b510e8,bbcc88c0bf98,p2,2,0,False
yugioh-weekly-54,2,3,4baf3a8a1cb9,0241faeb61e9,p2,2,0,False
yugioh-friday-edison,1,1,f3288b1c99d5,0da436c8fe18,p1,2,0,False
yugioh-friday-edison,1,2,cdd49b199890,fa4d9b733dd6,p2,2,0,False
yugioh-friday-edison,1,3,501c3ed74b1d,0f6b8baa73b0,p2,2,0,False
yugioh-friday-edison,2,1,4fc65517e5ff,fa4d9b733dd6,p1,2,0,False
yugioh-friday-edison,2,2,f3288b1c99d5,0f6b8baa73b0,p1,2,0,False
yugioh-friday-edison,2,3,0da436c8fe18,cdd49b199890,p2,2,0,False
yugioh-friday-edison,3,1,f3288b1c99d5,4fc65517e5ff,p2,2,1,False
yugioh-friday-edison,3,2,0f6b8baa73b0,fa4d9b733dd6,p2,2,0,False
yugioh-friday-edison,3,3,501c3ed74b1d,cdd49b199890,p2,2,0,False
edison-locals-12-739,1,1,8883c67b7383,3122bed3c204,p2,2,1,False
edison-locals-12-739,1,2,1ba99f02ad4e,57b0836ad74f,p2,2,1,False
edison-locals-12-739,1,3,47ddbb220e92,0beafbe0b94d,p1,2,1,False
edison-locals-12-739,1,4,a9932263dea2,69d3e00878ed,p2,2,0,False
edison-locals-12-739,1,5,906b825905ad,c73766c3a1b5,p2,2,0,False
edison-locals-12-739,1,6,7c69072ad0cb,6fc913d51d98,p1,2,1,False
edison-locals-12-739,2,1,7c69072ad0cb,57b0836ad74f,p1,2,0,False
edison-locals-12-739,2,2,3122bed3c204,c73766c3a1b5,p1,2,1,False
edison-locals-12-739,2,3,47ddbb220e92,69d3e00878ed,p1,2,0,False
edison-locals-12-739,2,4,8883c67b7383,6fc913d51d98,p1,2,1,False
edison-locals-12-739,2,5,1ba99f02ad4e,906b825905ad,p1,2,0,False
edison-locals-12-739,2,6,0beafbe0b94d,a9932263dea2,p1,2,0,False
edison-locals-12-739,3,1,3122bed3c204,47ddbb220e92,p2,2,1,False
edison-locals-12-739,3,2,7c69072ad0cb,0beafbe0b94d,p2,2,1,False
edison-locals-12-739,3,3,69d3e00878ed,8883c67b7383,p2,2,1,False
edison-locals-12-739,3,4,1ba99f02ad4e,c73766c3a1b5,p1,2,0,False
edison-locals-12-739,3,5,57b0836ad74f,a9932263dea2,p2,2,0,False
rrc-san-jose-side-event-16-edison,Finals,1,a373bc983d3d,4300093c3f76,p1,2,0,False
rrc-san-jose-side-event-16-edison,Top 4,1,4ca6143c2638,a373bc983d3d,p2,2,1,False
rrc-san-jose-side-event-16-edison,Top 4,2,4300093c3f76,188880d67ae0,p1,2,0,False
rrc-side-event-edison-13,Finals,1,bb8d0d360449,f127c367e87e,p1,2,1,False
rrc-side-event-edison-13,Top 4,1,bb8d0d360449,8a7b75420976,p1,2,0,False
rrc-side-event-edison-13,Top 4,2,f127c367e87e,8f5475602a2c,p1,2,0,False
retro-reborn-circuit-day-2-san-jose-edison-1,1,1,b2345002e252,5242aa0ae2ee,p1,2,1,True
retro-reborn-circuit-day-2-san-jose-edison-1,1,2,1ae90a1a8866,bdca99430d5c,p2,2,1,True
retro-reborn-circuit-day-2-san-jose-edison-1,1,3,4f0558b0927c,5a1fc49e132b,p2,2,1,True
retro-reborn-circuit-day-2-san-jose-edison-1,1,4,50dfe0af5da5,a24d5dac30c4,p2,2,1,True
retro-reborn-circuit-day-2-san-jose-edison-1,1,5,4ca6143c2638,efebc47a61ed,p2,2,0,True
retro-reborn-circuit-day-2-san-jose-edison-1,1,6,6d5fdd6f0987,062975521930,p1,2,1,True
retro-reborn-circuit-day-2-san-jose-edison-1,1,7,3d4020934593,a275a31593c7,p1,2,1,True
retro-reborn-circuit-day-2-san-jose-edison-1,1,8,83a2146435ba,bc9cd455f270,p2,2,0,True
retro-reborn-circuit-day-2-san-jose-edison-1,1,9,5fc761cd39de,0fe6e5865ca1,p1,2,1,True
retro-reborn-circuit-day-2-san-jose-edison-1,1,10,f84e8f017fc7,e30d9e0380db,p1,2,1,True
retro-reborn-circuit-day-2-san-jose-edison-1,1,11,3c9577be63b0,b8a6a9e11ad8,p1,2,0,True
retro-reborn-circuit-day-2-san-jose-edison-1,1,12,aaa356b8a7a6,a177e2344ca2,p2,2,1,True
retro-reborn-circuit-day-2-san-jose-edison-1,1,13,b09affa72191,21671afbc29f,p1,2,0,True
retro-reborn-circuit-day-2-san-jose-edison-1,1,14,038998b32557,ec00c290ab90,p1,2,1,True
retro-reborn-circuit-day-2-san-jose-edison-1,1,15,6331ec1fc1f8,62719e683e9e,p1,2,1,True
retro-reborn-circuit-day-2-san-jose-edison-1,1,16,7365e572be82,c31de29f72f7,p1,2,0,True
retro-reborn-circuit-day-2-san-jose-edison-1,1,17,e3ab2c0232c3,ad497da844e5,p1,2,0,True
retro-reborn-circuit-day-2-san-jose-edison-1,1,18,475e63ecdd82,356994514937,p1,2,1,True
retro-reborn-circuit-day-2-san-jose-edison-1,1,19,fb7222b06e16,ce09cb4099e5,p1,2,1,True
retro-reborn-circuit-day-2-san-jose-edison-1,1,20,1e41389b7121,9fb98e5630cd,p1,2,0,True
retro-reborn-circuit-day-2-san-jose-edison-1,1,21,75716acdc0eb,5fb9186f9aba,p1,2,0,True
retro-reborn-circuit-day-2-san-jose-edison-1,1,22,7899006845dd,29987471b114,p2,2,0,True
retro-reborn-circuit-day-2-san-jose-edison-1,1,23,5f31b4bf662c,f30800e67a98,p1,2,0,True
retro-reborn-circuit-day-2-san-jose-edison-1,1,24,c7009eff338a,188880d67ae0,p1,2,0,True
retro-reborn-circuit-day-2-san-jose-edison-1,1,25,a373bc983d3d,614545ca1ca1,p1,2,0,True
retro-reborn-circuit-day-2-san-jose-edison-1,1,26,3a32f29ade79,15852732052c,p2,2,0,True
retro-reborn-circuit-day-2-san-jose-edison-1,1,27,cf3f78a00149,7e3d4ed38b0f,p2,2,0,True
retro-reborn-circuit-day-2-san-jose-edison-1,2,1,bc9cd455f270,b2345002e252,p2,2,1,True
retro-reborn-circuit-day-2-san-jose-edison-1,2,2,5a1fc49e132b,5f31b4bf662c,p2,2,0,True
retro-reborn-circuit-day-2-san-jose-edison-1,2,3,6d5fdd6f0987,b09affa72191,p2,2,1,True
retro-reborn-circuit-day-2-san-jose-edison-1,2,4,c7009eff338a,29987471b114,p1,2,1,True
retro-reborn-circuit-day-2-san-jose-edison-1,2,5,038998b32557,3d4020934593,p2,2,0,True
retro-reborn-circuit-day-2-san-jose-edison-1,2,6,3c9577be63b0,7e3d4ed38b0f,p1,2,1,True
retro-reborn-circuit-day-2-san-jose-edison-1,2,7,a373bc983d3d,75716acdc0eb,p1,2,0,True
retro-reborn-circuit-day-2-san-jose-edison-1,2,8,fb7222b06e16,475e63ecdd82,p2,2,0,True
retro-reborn-circuit-day-2-san-jose-edison-1,2,9,f84e8f017fc7,a24d5dac30c4,p2,2,0,True
retro-reborn-circuit-day-2-san-jose-edison-1,2,10,1e41389b7121,bdca99430d5c,p2,2,1,True
retro-reborn-circuit-day-2-san-jose-edison-1,2,11,efebc47a61ed,5fc761cd39de,p1,2,0,True
retro-reborn-circuit-day-2-san-jose-edison-1,2,12,15852732052c,6331ec1fc1f8,p1,2,1,True
retro-reborn-circuit-day-2-san-jose-edison-1,2,13,a177e2344ca2,7365e572be82,p2,2,0,True
retro-reborn-circuit-day-2-san-jose-edison-1,2,14,e3ab2c0232c3,5242aa0ae2ee,p1,2,1,True
retro-reborn-circuit-day-2-san-jose-edison-1,2,15,9fb98e5630cd,aaa356b8a7a6,p2,2,1,True
retro-reborn-circuit-day-2-san-jose-edison-1,2,16,614545ca1ca1,ec00c290ab90,p2,2,0,True
retro-reborn-circuit-day-2-san-jose-edison-1,2,17,0fe6e5865ca1,188880d67ae0,p2,2,1,True
retro-reborn-circuit-day-2-san-jose-edison-1,2,18,7899006845dd,356994514937,p2,2,0,True
retro-reborn-circuit-day-2-san-jose-edison-1,2,19,b8a6a9e11ad8,062975521930,p2,2,0,True
retro-reborn-circuit-day-2-san-jose-edison-1,2,20,83a2146435ba,50dfe0af5da5,p2,2,0,True
retro-reborn-circuit-day-2-san-jose-edison-1,2,21,ce09cb4099e5,cf3f78a00149,p2,2,1,True
retro-reborn-circuit-day-2-san-jose-edison-1,2,22,4f0558b0927c,1ae90a1a8866,p1,2,1,True
retro-reborn-circuit-day-2-san-jose-edison-1,2,23,5fb9186f9aba,c31de29f72f7,p2,2,1,True
retro-reborn-circuit-day-2-san-jose-edison-1,2,24,ad497da844e5,e30d9e0380db,p1,2,0,True
retro-reborn-circuit-day-2-san-jose-edison-1,3,1,15852732052c,3c9577be63b0,p1,2,1,True
retro-reborn-circuit-day-2-san-jose-edison-1,3,2,b09affa72191,475e63ecdd82,p1,2,0,True
retro-reborn-circuit-day-2-san-jose-edison-1,3,3,efebc47a61ed,e3ab2c0232c3,p1,2,1,True
retro-reborn-circuit-day-2-san-jose-edison-1,3,4,a373bc983d3d,5f31b4bf662c,p2,2,1,True
retro-reborn-circuit-day-2-san-jose-edison-1,3,5,3d4020934593,b2345002e252,p2,2,0,True
retro-reborn-circuit-day-2-san-jose-edison-1,3,6,7365e572be82,c7009eff338a,p2,2,1,True
retro-reborn-circuit-day-2-san-jose-edison-1,3,7,bdca99430d5c,a24d5dac30c4,p1,2,0,True
retro-reborn-circuit-day-2-san-jose-edison-1,3,8,bc9cd455f270,a177e2344ca2,p1,2,0,True
retro-reborn-circuit-day-2-san-jose-edison-1,3,9,7e3d4ed38b0f,356994514937,p1,2,0,True
retro-reborn-circuit-day-2-san-jose-edison-1,3,10,f84e8f017fc7,75716acdc0eb,p2,2,0,True
retro-reborn-circuit-day-2-san-jose-edison-1,3,11,038998b32557,5fc761cd39de,p1,2,1,True
retro-reborn-circuit-day-2-san-jose-edison-1,3,12,50dfe0af5da5,1e41389b7121,p1,2,1,True
retro-reborn-circuit-day-2-san-jose-edison-1,3,13,6d5fdd6f0987,fb7222b06e16,p1,2,1,True
retro-reborn-circuit-day-2-san-jose-edison-1,3,14,4f0558b0927c,29987471b114,p1,2,0,True
retro-reborn-circuit-day-2-san-jose-edison-1,3,15,5a1fc49e132b,aaa356b8a7a6,p1,2,1,True
retro-reborn-circuit-day-2-san-jose-edison-1,3,16,ec00c290ab90,21671afbc29f,p1,2,1,True
retro-reborn-circuit-day-2-san-jose-edison-1,3,17,6331ec1fc1f8,188880d67ae0,p2,2,0,True
retro-reborn-circuit-day-2-san-jose-edison-1,3,18,062975521930,ad497da844e5,p2,2,1,True
retro-reborn-circuit-day-2-san-jose-edison-1,3,19,c31de29f72f7,cf3f78a00149,p2,2,1,True
retro-reborn-circuit-day-2-san-jose-edison-1,3,20,9fb98e5630cd,83a2146435ba,p2,2,1,True
retro-reborn-circuit-day-2-san-jose-edison-1,3,21,e30d9e0380db,0fe6e5865ca1,p1,2,0,True
retro-reborn-circuit-day-2-san-jose-edison-1,3,22,5242aa0ae2ee,b8a6a9e11ad8,p2,2,0,True
retro-reborn-circuit-day-2-san-jose-edison-1,4,1,b09affa72191,c7009eff338a,p1,2,0,True
retro-reborn-circuit-day-2-san-jose-edison-1,4,2,b2345002e252,15852732052c,p2,2,1,True
retro-reborn-circuit-day-2-san-jose-edison-1,4,3,5f31b4bf662c,bdca99430d5c,p1,2,0,True
retro-reborn-circuit-day-2-san-jose-edison-1,4,4,efebc47a61ed,6d5fdd6f0987,p1,2,1,True
retro-reborn-circuit-day-2-san-jose-edison-1,4,5,188880d67ae0,ad497da844e5,p2,2,1,True
retro-reborn-circuit-day-2-san-jose-edison-1,4,6,3d4020934593,5a1fc49e132b,p1,2,0,True
retro-reborn-circuit-day-2-san-jose-edison-1,4,7,038998b32557,4f0558b0927c,p1,2,1,True
retro-reborn-circuit-day-2-san-jose-edison-1,4,8,50dfe0af5da5,cf3f78a00149,p2,2,0,True
retro-reborn-circuit-day-2-san-jose-edison-1,4,9,7e3d4ed38b0f,75716acdc0eb,p1,2,1,True
retro-reborn-circuit-day-2-san-jose-edison-1,4,10,ec00c290ab90,bc9cd455f270,p1,2,0,True
retro-reborn-circuit-day-2-san-jose-edison-1,4,11,a24d5dac30c4,475e63ecdd82,p2,2,0,True
retro-reborn-circuit-day-2-san-jose-edison-1,4,12,3c9577be63b0,a373bc983d3d,p1,2,0,True
retro-reborn-circuit-day-2-san-jose-edison-1,4,13,e3ab2c0232c3,7365e572be82,p2,2,1,True
retro-reborn-circuit-day-2-san-jose-edison-1,4,14,f84e8f017fc7,1e41389b7121,p2,2,0,True
retro-reborn-circuit-day-2-san-jose-edison-1,4,15,b8a6a9e11ad8,a177e2344ca2,p1,2,0,True
retro-reborn-circuit-day-2-san-jose-edison-1,4,16,fb7222b06e16,e30d9e0380db,p1,2,0,True
retro-reborn-circuit-day-2-san-jose-edison-1,4,17,062975521930,356994514937,p1,2,0,True
retro-reborn-circuit-day-2-san-jose-edison-1,4,18,6331ec1fc1f8,83a2146435ba,p2,2,0,True
retro-reborn-circuit-day-2-san-jose-edison-1,4,19,21671afbc29f,c31de29f72f7,p1,2,0,True
retro-reborn-circuit-day-2-san-jose-edison-1,4,20,5fc761cd39de,ce09cb4099e5,p1,2,0,True
retro-reborn-circuit-day-2-san-jose-edison-1,4,21,0fe6e5865ca1,9fb98e5630cd,draw,,,True
retro-reborn-circuit-day-2-san-jose-edison-1,5,1,5f31b4bf662c,b09affa72191,p2,2,1,True
retro-reborn-circuit-day-2-san-jose-edison-1,5,2,15852732052c,efebc47a61ed,p2,2,1,True
retro-reborn-circuit-day-2-san-jose-edison-1,5,3,3c9577be63b0,ad497da844e5,p2,2,1,True
retro-reborn-circuit-day-2-san-jose-edison-1,5,4,038998b32557,bdca99430d5c,p1,2,0,True
retro-reborn-circuit-day-2-san-jose-edison-1,5,5,7e3d4ed38b0f,ec00c290ab90,p2,2,0,True
retro-reborn-circuit-day-2-san-jose-edison-1,5,6,cf3f78a00149,b2345002e252,p1,2,1,True
retro-reborn-circuit-day-2-san-jose-edison-1,5,7,c7009eff338a,475e63ecdd82,p2,2,1,True
retro-reborn-circuit-day-2-san-jose-edison-1,5,8,3d4020934593,7365e572be82,p1,2,1,True
retro-reborn-circuit-day-2-san-jose-edison-1,5,9,5a1fc49e132b,21671afbc29f,p1,2,0,True
retro-reborn-circuit-day-2-san-jose-edison-1,5,10,e3ab2c0232c3,4f0558b0927c,p1,2,0,True
retro-reborn-circuit-day-2-san-jose-edison-1,5,11,50dfe0af5da5,5fc761cd39de,p1,2,1,True
retro-reborn-circuit-day-2-san-jose-edison-1,5,12,1e41389b7121,83a2146435ba,p2,2,1,True
retro-reborn-circuit-day-2-san-jose-edison-1,5,13,188880d67ae0,a24d5dac30c4,p1,2,0,True
retro-reborn-circuit-day-2-san-jose-edison-1,5,14,b8a6a9e11ad8,fb7222b06e16,p1,2,1,True
retro-reborn-circuit-day-2-san-jose-edison-1,5,15,6d5fdd6f0987,bc9cd455f270,p2,2,1,True
retro-reborn-circuit-day-2-san-jose-edison-1,5,16,062975521930,a373bc983d3d,p1,2,0,True
retro-reborn-circuit-day-2-san-jose-edison-1,5,17,ce09cb4099e5,5242aa0ae2ee,p2,2,1,True
retro-reborn-circuit-day-2-san-jose-edison-1,6,1,efebc47a61ed,b09affa72191,p1,2,0,True
retro-reborn-circuit-day-2-san-jose-edison-1,6,2,ec00c290ab90,5f31b4bf662c,draw,,,True
retro-reborn-circuit-day-2-san-jose-edison-1,6,3,ad497da844e5,038998b32557,p1,2,1,True
retro-reborn-circuit-day-2-san-jose-edison-1,6,4,15852732052c,cf3f78a00149,p2,2,0,True
retro-reborn-circuit-day-2-san-jose-edison-1,6,5,3d4020934593,475e63ecdd82,p1,2,0,True
retro-reborn-circuit-day-2-san-jose-edison-1,6,6,7e3d4ed38b0f,c7009eff338a,p2,2,1,True
retro-reborn-circuit-day-2-san-jose-edison-1,6,7,e3ab2c0232c3,b2345002e252,p2,2,0,True
retro-reborn-circuit-day-2-san-jose-edison-1,6,8,188880d67ae0,3c9577be63b0,p2,2,0,True
retro-reborn-circuit-day-2-san-jose-edison-1,6,9,7365e572be82,b8a6a9e11ad8,p2,2,0,True
retro-reborn-circuit-day-2-san-jose-edison-1,6,10,bc9cd455f270,5a1fc49e132b,p1,2,1,True
retro-reborn-circuit-day-2-san-jose-edison-1,6,11,83a2146435ba,bdca99430d5c,p2,2,1,True
retro-reborn-circuit-day-2-san-jose-edison-1,6,12,50dfe0af5da5,062975521930,p1,2,1,True
retro-reborn-circuit-day-2-san-jose-edison-1,6,13,a24d5dac30c4,1e41389b7121,p2,2,0,True
retro-reborn-circuit-day-2-san-jose-edison-1,6,14,f84e8f017fc7,21671afbc29f,p1,2,0,True
retro-reborn-circuit-day-2-san-jose-edison-1,6,15,fb7222b06e16,5242aa0ae2ee,p2,2,0,True
retro-reborn-circuit-day-2-san-jose-edison-1,Finals,1,ad497da844e5,ec00c290ab90,p2,2,1,True
retro-reborn-circuit-day-2-san-jose-edison-1,Top 4,1,b2345002e252,ad497da844e5,p2,2,1,True
retro-reborn-circuit-day-2-san-jose-edison-1,Top 4,2,ec00c290ab90,3d4020934593,p1,2,1,True
retro-reborn-circuit-day-2-san-jose-edison-1,Top 8,1,efebc47a61ed,b2345002e252,p2,2,0,True
retro-reborn-circuit-day-2-san-jose-edison-1,Top 8,2,ad497da844e5,cf3f78a00149,p1,2,1,True
retro-reborn-circuit-day-2-san-jose-edison-1,Top 8,3,3d4020934593,5f31b4bf662c,p1,2,0,True
retro-reborn-circuit-day-2-san-jose-edison-1,Top 8,4,b09affa72191,ec00c290ab90,p2,2,0,True
rrc-san-jose-side-event-11-edison,Top 4,1,2ec7c90d1b56,bdca99430d5c,draw,,,False
rrc-san-jose-side-event-11-edison,Top 4,2,75716acdc0eb,ce09cb4099e5,p2,2,0,False
rrc-san-jose-side-event-8-edison-1,Finals,1,f1e0ed8b9c11,7c90acfd1bb0,p2,1,0,False
rrc-san-jose-side-event-8-edison-1,Top 4,1,1b4c19526e1d,f1e0ed8b9c11,p2,2,0,False
rrc-san-jose-side-event-8-edison-1,Top 4,2,7c90acfd1bb0,cc81a3588373,p1,1,0,False
rrc-san-jose-side-event-8-edison-1,Top 8,1,275e56ba7da9,1b4c19526e1d,p2,2,1,False
rrc-san-jose-side-event-8-edison-1,Top 8,2,9ffd3630a0c5,f1e0ed8b9c11,p2,2,0,False
rrc-san-jose-side-event-8-edison-1,Top 8,3,cc81a3588373,8235fa4d416e,p1,2,1,False
rrc-san-jose-side-event-8-edison-1,Top 8,4,3241ae961f30,7c90acfd1bb0,p2,1,0,False
rrc-san-jose-side-event-9-edison-1,Finals,1,c3fc13578ba5,29987471b114,p1,1,0,False
rrc-san-jose-side-event-9-edison-1,Top 4,1,4b363556d446,c3fc13578ba5,p2,1,0,False
rrc-san-jose-side-event-9-edison-1,Top 4,2,29987471b114,83a2146435ba,p1,1,0,False
rrc-san-jose-side-event-9-edison-1,Top 8,1,bdca99430d5c,4b363556d446,p2,1,0,False
rrc-san-jose-side-event-9-edison-1,Top 8,2,dc5222c6170c,c3fc13578ba5,p2,1,0,False
rrc-san-jose-side-event-9-edison-1,Top 8,3,179b37e792bd,83a2146435ba,p2,1,0,False
rrc-san-jose-side-event-9-edison-1,Top 8,4,29987471b114,f8ce5079f181,p1,2,0,False
rrc-san-jose-side-event-edison-12,1,1,e97676814610,998830fe828a,p1,2,0,False
rrc-san-jose-side-event-edison-12,1,2,5e765469ef89,7899006845dd,p2,2,1,False
rrc-san-jose-side-event-edison-12,1,3,16e9e8f0ec42,a96cf1ede4d1,p2,2,0,False
rrc-san-jose-side-event-edison-12,1,4,1ae90a1a8866,f8c0024403b8,p1,2,1,False
rrc-san-jose-side-event-edison-12,1,5,5fb9186f9aba,8436525e3b3e,p1,2,1,False
rrc-san-jose-side-event-edison-12,Finals,1,5e765469ef89,7899006845dd,p2,2,0,False
rrc-san-jose-side-event-edison-12,Top 4,1,5e765469ef89,1ae90a1a8866,p1,2,0,False
rrc-san-jose-side-event-edison-12,Top 4,2,e97676814610,7899006845dd,p2,2,0,False
rrc-san-jose-side-event-edison-12,Top 8,1,a96cf1ede4d1,5e765469ef89,p2,2,1,False
rrc-san-jose-side-event-edison-12,Top 8,2,1ae90a1a8866,5fb9186f9aba,p1,2,1,False
rrc-san-jose-side-event-edison-12,Top 8,3,7899006845dd,f8c0024403b8,p1,2,0,False
rrc-san-jose-side-event-edison-12,Top 8,4,e97676814610,8436525e3b3e,p1,2,1,False
rrc-san-jose-side-event-edison-6,Finals,1,c5ab443612de,a177e2344ca2,p2,2,1,False
rrc-san-jose-side-event-edison-6,Top 4,1,e595f1be67cd,c5ab443612de,p2,2,0,False
rrc-san-jose-side-event-edison-6,Top 4,2,8436525e3b3e,a177e2344ca2,p2,2,1,False
rrc-san-jose-side-event-edison-6,Top 8,1,e595f1be67cd,3241ae961f30,p1,2,1,False
rrc-san-jose-side-event-edison-6,Top 8,2,03488c114420,c5ab443612de,p2,2,0,False
rrc-san-jose-side-event-edison-6,Top 8,3,a74957baa2dc,a177e2344ca2,p2,2,1,False
rrc-san-jose-side-event-edison-6,Top 8,4,275e56ba7da9,8436525e3b3e,p2,2,1,False
rrc-san-jose-side-event-edison-7,Finals,1,9fb98e5630cd,22313a925783,p2,1,0,False
rrc-san-jose-side-event-edison-7,Top 4,1,cb269e2b35fd,9fb98e5630cd,p2,1,0,False
rrc-san-jose-side-event-edison-7,Top 4,2,da7d643c3e92,22313a925783,p2,1,0,False
rrc-san-jose-side-event-edison-7,Top 8,1,83a2146435ba,cb269e2b35fd,p2,1,0,False
rrc-san-jose-side-event-edison-7,Top 8,2,98300d54c42d,9fb98e5630cd,p2,1,0,False
rrc-san-jose-side-event-edison-7,Top 8,3,22313a925783,a74957baa2dc,p1,1,0,False
rrc-san-jose-side-event-edison-7,Top 8,4,dc5222c6170c,da7d643c3e92,p2,1,0,False
retro-reborn-circuit-day-1-san-jose-edison-1,1,1,f1f6bd62c1e0,4f0558b0927c,p2,2,0,False
retro-reborn-circuit-day-1-san-jose-edison-1,1,2,038998b32557,c7009eff338a,p2,2,1,True
retro-reborn-circuit-day-1-san-jose-edison-1,1,3,c71ccb3b471a,7c90acfd1bb0,p1,2,0,True
retro-reborn-circuit-day-1-san-jose-edison-1,1,4,29987471b114,8235fa4d416e,p1,2,1,True
retro-reborn-circuit-day-1-san-jose-edison-1,1,5,99d45fe381ef,30cc76ed1007,p1,2,1,True
retro-reborn-circuit-day-1-san-jose-edison-1,1,6,4b9b1a599dfb,a4bb97457a4e,draw,,,False
retro-reborn-circuit-day-1-san-jose-edison-1,1,7,e97676814610,a275a31593c7,p2,2,0,True
retro-reborn-circuit-day-1-san-jose-edison-1,1,8,614545ca1ca1,6812851e9c1a,p1,2,0,True
retro-reborn-circuit-day-1-san-jose-edison-1,1,9,7365e572be82,b8a6a9e11ad8,p1,2,0,True
retro-reborn-circuit-day-1-san-jose-edison-1,1,10,5242aa0ae2ee,cae6f3d15e70,p1,2,0,True
retro-reborn-circuit-day-1-san-jose-edison-1,1,11,f1f6bd62c1e0,3d4020934593,p2,2,0,False
retro-reborn-circuit-day-1-san-jose-edison-1,1,12,6527007888c7,5fb9186f9aba,p1,2,0,True
retro-reborn-circuit-day-1-san-jose-edison-1,1,13,9fb98e5630cd,bc9cd455f270,p1,2,1,True
retro-reborn-circuit-day-1-san-jose-edison-1,1,14,69286b0532a6,d239e6687e84,p1,2,1,True
retro-reborn-circuit-day-1-san-jose-edison-1,1,15,abbad9ef90c8,2ec7c90d1b56,p2,2,0,True
retro-reborn-circuit-day-1-san-jose-edison-1,1,16,06ba787d5df7,b1b787ff89c9,p1,2,1,True
retro-reborn-circuit-day-1-san-jose-edison-1,1,17,ad497da844e5,8436525e3b3e,p2,2,1,True
retro-reborn-circuit-day-1-san-jose-edison-1,1,18,356994514937,22ac4d32f72f,p1,2,0,True
retro-reborn-circuit-day-1-san-jose-edison-1,1,19,7b17e25ce564,e944389d4076,p2,2,1,True
retro-reborn-circuit-day-1-san-jose-edison-1,1,20,b1af61d63c9c,bdca99430d5c,p1,2,1,True
retro-reborn-circuit-day-1-san-jose-edison-1,1,21,3241ae961f30,50dfe0af5da5,p2,2,1,True
retro-reborn-circuit-day-1-san-jose-edison-1,1,22,f7edb7490c89,211a6ea1d601,p2,2,0,True
retro-reborn-circuit-day-1-san-jose-edison-1,1,23,6331ec1fc1f8,cb269e2b35fd,p1,2,1,True
retro-reborn-circuit-day-1-san-jose-edison-1,1,24,87bc94140811,21671afbc29f,p1,2,1,True
retro-reborn-circuit-day-1-san-jose-edison-1,1,25,115489de00eb,90fd8ebee676,p2,2,0,True
retro-reborn-circuit-day-1-san-jose-edison-1,1,26,32f7b987641b,3a32f29ade79,p2,2,0,True
retro-reborn-circuit-day-1-san-jose-edison-1,1,27,89cbd999e88c,b09affa72191,p2,2,0,True
retro-reborn-circuit-day-1-san-jose-edison-1,1,28,e3ab2c0232c3,6dfbb1c2233d,p1,2,0,True
retro-reborn-circuit-day-1-san-jose-edison-1,1,29,872249e8f552,e6fa3039e3fd,p2,2,0,True
retro-reborn-circuit-day-1-san-jose-edison-1,1,30,5e765469ef89,f20bf30ac407,p1,2,0,True
retro-reborn-circuit-day-1-san-jose-edison-1,1,31,65dc10a293c3,289b0b4434a2,p1,2,1,True
retro-reborn-circuit-day-1-san-jose-edison-1,1,32,332e09f5662f,a93625e3197e,p1,2,1,True
retro-reborn-circuit-day-1-san-jose-edison-1,1,33,78c6c28efc96,9df587203aa4,p2,2,1,True
retro-reborn-circuit-day-1-san-jose-edison-1,1,34,f84e8f017fc7,f8ce5079f181,p1,2,1,True
retro-reborn-circuit-day-1-san-jose-edison-1,1,35,d78504ac0a20,b10efd85aa88,p2,2,1,True
retro-reborn-circuit-day-1-san-jose-edison-1,1,36,5571b2c1d48a,3cad6727c183,p2,2,1,True
retro-reborn-circuit-day-1-san-jose-edison-1,1,37,bb1252d5d680,bba3c0a4a587,p2,2,0,True
retro-reborn-circuit-day-1-san-jose-edison-1,1,38,fdd04a8191ee,16e9e8f0ec42,p2,2,1,True
retro-reborn-circuit-day-1-san-jose-edison-1,1,39,776ef75cccdf,a177e2344ca2,p1,2,0,True
retro-reborn-circuit-day-1-san-jose-edison-1,1,40,1b18a52ea729,7ca6241b349a,p2,2,1,True
retro-reborn-circuit-day-1-san-jose-edison-1,1,41,4ae70c8c6d61,e39f0725a095,p1,2,1,True
retro-reborn-circuit-day-1-san-jose-edison-1,1,42,0d6a4070284b,732acdb801b7,p2,2,1,True
retro-reborn-circuit-day-1-san-jose-edison-1,1,43,5f31b4bf662c,c5ab443612de,p1,2,1,True
retro-reborn-circuit-day-1-san-jose-edison-1,1,44,15852732052c,75716acdc0eb,p2,2,1,True
retro-reborn-circuit-day-1-san-jose-edison-1,1,45,fcca093a3bd0,62719e683e9e,p2,2,1,True
retro-reborn-circuit-day-1-san-jose-edison-1,1,46,22313a925783,4300093c3f76,p2,2,0,True
retro-reborn-circuit-day-1-san-jose-edison-1,1,47,f1e0ed8b9c11,c31de29f72f7,p1,2,0,True
retro-reborn-circuit-day-1-san-jose-edison-1,1,48,ce09cb4099e5,d4b5d724694f,p1,2,0,True
retro-reborn-circuit-day-1-san-jose-edison-1,1,49,01d59b2a39bf,a74c6973110e,p1,2,1,True
retro-reborn-circuit-day-1-san-jose-edison-1,1,50,4b363556d446,0c50a9e5f701,p1,2,0,True
retro-reborn-circuit-day-1-san-jose-edison-1,1,51,ba46f1139cf9,b935c691ab27,p1,2,1,True
retro-reborn-circuit-day-1-san-jose-edison-1,1,52,f1f6bd62c1e0,c4bfea592250,p2,2,0,False
retro-reborn-circuit-day-1-san-jose-edison-1,1,53,5bb6657562bb,03488c114420,p1,2,0,True
retro-reborn-circuit-day-1-san-jose-edison-1,1,54,37083ad4c984,8062018593cf,p1,2,0,True
retro-reborn-circuit-day-1-san-jose-edison-1,1,55,efebc47a61ed,deed9a1c0e38,p1,2,0,True
retro-reborn-circuit-day-1-san-jose-edison-1,1,56,cc81a3588373,3c9577be63b0,p2,2,1,True
retro-reborn-circuit-day-1-san-jose-edison-1,1,57,c4fcb0bd652d,f1f6bd62c1e0,p1,2,0,False
retro-reborn-circuit-day-1-san-jose-edison-1,1,58,05acf6c79c01,34928b94ad97,p2,2,1,True
retro-reborn-circuit-day-1-san-jose-edison-1,1,59,39b9b075f532,9d0f480bfe9a,p1,2,1,True
retro-reborn-circuit-day-1-san-jose-edison-1,1,60,0153aa54e58f,8f419bdd4199,p2,2,1,True
retro-reborn-circuit-day-1-san-jose-edison-1,1,61,4ca6143c2638,11c08161d3ba,p1,2,0,True
retro-reborn-circuit-day-1-san-jose-edison-1,1,62,b30b212eaa41,9bdb50c225c2,p1,2,1,True
retro-reborn-circuit-day-1-san-jose-edison-1,1,63,882c5c101058,746f33dd0ddd,p1,2,0,True
retro-reborn-circuit-day-1-san-jose-edison-1,1,64,f30800e67a98,83a2146435ba,p1,2,1,True
retro-reborn-circuit-day-1-san-jose-edison-1,1,65,ac892b60e828,77c944feb600,p2,2,1,True
retro-reborn-circuit-day-1-san-jose-edison-1,1,66,1ae90a1a8866,f1f6bd62c1e0,p1,2,0,False
retro-reborn-circuit-day-1-san-jose-edison-1,1,67,eff965c931af,0fe6e5865ca1,p1,2,0,True
retro-reborn-circuit-day-1-san-jose-edison-1,1,68,ec00c290ab90,a74957baa2dc,p2,2,1,True
retro-reborn-circuit-day-1-san-jose-edison-1,1,69,e46796b79ac3,c3fc13578ba5,p2,2,0,True
retro-reborn-circuit-day-1-san-jose-edison-1,1,70,5a1fc49e132b,9de4cf7d0233,p1,2,1,True
retro-reborn-circuit-day-1-san-jose-edison-1,1,71,da7d643c3e92,e91e9edf1d85,p1,2,1,True
retro-reborn-circuit-day-1-san-jose-edison-1,1,72,5368a004f170,dc5222c6170c,p2,2,0,True
retro-reborn-circuit-day-1-san-jose-edison-1,1,73,75a9907a783b,917b9610fb4f,p2,2,0,True
retro-reborn-circuit-day-1-san-jose-edison-1,1,74,4062f4454642,609e7316faba,p2,2,1,True
retro-reborn-circuit-day-1-san-jose-edison-1,1,75,98300d54c42d,7e3d4ed38b0f,p1,2,1,True
retro-reborn-circuit-day-1-san-jose-edison-1,1,76,6d5fdd6f0987,6e3c184ec629,p1,2,0,True
retro-reborn-circuit-day-1-san-jose-edison-1,1,77,b95a691bc10f,e5f02f448996,p2,2,1,True
retro-reborn-circuit-day-1-san-jose-edison-1,1,78,e595f1be67cd,475e63ecdd82,p1,2,0,True
retro-reborn-circuit-day-1-san-jose-edison-1,1,79,967ce8ac1f11,ef339ef06f3b,p2,2,0,True
retro-reborn-circuit-day-1-san-jose-edison-1,1,80,f1f6bd62c1e0,9ba6a44e9373,p2,2,0,False
retro-reborn-circuit-day-1-san-jose-edison-1,1,81,3e1464d3a876,345d64f1d065,p1,2,1,True
retro-reborn-circuit-day-1-san-jose-edison-1,1,82,2f0314735da4,ffbb6dc4fc4b,p2,2,0,True
retro-reborn-circuit-day-1-san-jose-edison-1,1,83,b4fcfef66762,b2345002e252,p2,2,1,True
retro-reborn-circuit-day-1-san-jose-edison-1,1,84,7808bcfb95c9,4857e66b7106,p2,2,1,False
retro-reborn-circuit-day-1-san-jose-edison-1,1,85,998830fe828a,4dd027d4957b,p2,2,0,True
retro-reborn-circuit-day-1-san-jose-edison-1,1,86,e30d9e0380db,dd892781cec7,p2,2,1,True
retro-reborn-circuit-day-1-san-jose-edison-1,1,87,5fc761cd39de,90bc84d85cfc,p1,2,1,True
retro-reborn-circuit-day-1-san-jose-edison-1,1,88,73ff19531018,148294147812,p1,2,0,True
retro-reborn-circuit-day-1-san-jose-edison-1,1,89,a1a8924dd436,7fcc4f0cb66e,p1,2,0,True
retro-reborn-circuit-day-1-san-jose-edison-1,1,90,6a0fe4c15d9e,79c30ae60051,p2,2,1,True
retro-reborn-circuit-day-1-san-jose-edison-1,1,91,cf3f78a00149,a373bc983d3d,p1,2,0,True
retro-reborn-circuit-day-1-san-jose-edison-1,1,92,062975521930,53052c409dbe,p1,2,1,True
retro-reborn-circuit-day-1-san-jose-edison-1,1,93,1a125bd6057a,67f48168fa59,p1,2,1,True
retro-reborn-circuit-day-1-san-jose-edison-1,1,94,082a57583f60,aaa356b8a7a6,p2,2,0,True
retro-reborn-circuit-day-1-san-jose-edison-1,1,95,647a3c0fa4d3,275e56ba7da9,p1,2,1,True
retro-reborn-circuit-day-1-san-jose-edison-1,1,96,cf7dac6abfb5,188880d67ae0,p2,2,1,True
retro-reborn-circuit-day-1-san-jose-edison-1,1,97,060a67d975c1,70ac095a70f0,p2,2,1,True
retro-reborn-circuit-day-1-san-jose-edison-1,2,1,4b363556d446,f30800e67a98,p2,2,1,True
retro-reborn-circuit-day-1-san-jose-edison-1,2,2,1ae90a1a8866,4300093c3f76,p1,2,1,True
retro-reborn-circuit-day-1-san-jose-edison-1,2,3,f1e0ed8b9c11,a275a31593c7,p2,2,0,True
retro-reborn-circuit-day-1-san-jose-edison-1,2,4,69286b0532a6,b10efd85aa88,p1,2,1,True
retro-reborn-circuit-day-1-san-jose-edison-1,2,5,9fb98e5630cd,614545ca1ca1,p2,2,0,True
retro-reborn-circuit-day-1-san-jose-edison-1,2,6,188880d67ae0,a1a8924dd436,p1,2,0,True
retro-reborn-circuit-day-1-san-jose-edison-1,2,7,ba46f1139cf9,73ff19531018,p1,2,1,True
retro-reborn-circuit-day-1-san-jose-edison-1,2,8,e3ab2c0232c3,efebc47a61ed,p2,2,1,True
retro-reborn-circuit-day-1-san-jose-edison-1,2,9,90fd8ebee676,39b9b075f532,p1,2,1,True
retro-reborn-circuit-day-1-san-jose-edison-1,2,10,5fc761cd39de,16e9e8f0ec42,p1,2,1,True
retro-reborn-circuit-day-1-san-jose-edison-1,2,11,b09affa72191,50dfe0af5da5,p2,2,1,True
retro-reborn-circuit-day-1-san-jose-edison-1,2,12,647a3c0fa4d3,4ae70c8c6d61,p1,2,1,True
retro-reborn-circuit-day-1-san-jose-edison-1,2,13,b1af61d63c9c,c4bfea592250,p1,2,1,True
retro-reborn-circuit-day-1-san-jose-edison-1,2,14,99d45fe381ef,e6fa3039e3fd,p1,2,0,True
retro-reborn-circuit-day-1-san-jose-edison-1,2,15,5f31b4bf662c,9df587203aa4,p1,2,0,True
retro-reborn-circuit-day-1-san-jose-edison-1,2,16,dd892781cec7,bba3c0a4a587,p1,2,0,True
retro-reborn-circuit-day-1-san-jose-edison-1,2,17,34928b94ad97,1a125bd6057a,p2,2,1,True
retro-reborn-circuit-day-1-san-jose-edison-1,2,18,ce09cb4099e5,ffbb6dc4fc4b,p2,2,1,True
retro-reborn-circuit-day-1-san-jose-edison-1,2,19,b2345002e252,9ba6a44e9373,p1,2,0,True
retro-reborn-circuit-day-1-san-jose-edison-1,2,20,5a1fc49e132b,3c9577be63b0,p1,2,0,True
retro-reborn-circuit-day-1-san-jose-edison-1,2,21,5e765469ef89,29987471b114,p1,2,1,True
retro-reborn-circuit-day-1-san-jose-edison-1,2,22,06ba787d5df7,aaa356b8a7a6,p1,2,1,True
retro-reborn-circuit-day-1-san-jose-edison-1,2,23,eff965c931af,3a32f29ade79,p2,2,0,True
retro-reborn-circuit-day-1-san-jose-edison-1,2,24,332e09f5662f,2ec7c90d1b56,p2,2,1,True
retro-reborn-circuit-day-1-san-jose-edison-1,2,25,3d4020934593,609e7316faba,p1,2,0,True
retro-reborn-circuit-day-1-san-jose-edison-1,2,26,77c944feb600,cf3f78a00149,p2,2,1,True
retro-reborn-circuit-day-1-san-jose-edison-1,2,27,5242aa0ae2ee,6527007888c7,p1,2,0,True
retro-reborn-circuit-day-1-san-jose-edison-1,2,28,3cad6727c183,65dc10a293c3,p1,2,0,True
retro-reborn-circuit-day-1-san-jose-edison-1,2,29,8f419bdd4199,e944389d4076,p1,2,0,True
retro-reborn-circuit-day-1-san-jose-edison-1,2,30,e5f02f448996,6d5fdd6f0987,p2,2,1,True
retro-reborn-circuit-day-1-san-jose-edison-1,2,31,62719e683e9e,c71ccb3b471a,p1,2,1,True
retro-reborn-circuit-day-1-san-jose-edison-1,2,32,8436525e3b3e,b30b212eaa41,p2,2,1,True
retro-reborn-circuit-day-1-san-jose-edison-1,2,33,70ac095a70f0,6331ec1fc1f8,p2,2,1,True
retro-reborn-circuit-day-1-san-jose-edison-1,2,34,98300d54c42d,c4fcb0bd652d,p1,2,1,True
retro-reborn-circuit-day-1-san-jose-edison-1,2,35,7ca6241b349a,37083ad4c984,p2,2,1,True
retro-reborn-circuit-day-1-san-jose-edison-1,2,36,dc5222c6170c,c7009eff338a,p2,2,0,True
retro-reborn-circuit-day-1-san-jose-edison-1,2,37,e595f1be67cd,776ef75cccdf,p2,2,0,True
retro-reborn-circuit-day-1-san-jose-edison-1,2,38,211a6ea1d601,ef339ef06f3b,p2,2,0,True
retro-reborn-circuit-day-1-san-jose-edison-1,2,39,062975521930,3e1464d3a876,p2,2,1,True
retro-reborn-circuit-day-1-san-jose-edison-1,2,40,732acdb801b7,f84e8f017fc7,p2,2,1,True
retro-reborn-circuit-day-1-san-jose-edison-1,2,41,c3fc13578ba5,917b9610fb4f,p2,2,0,True
retro-reborn-circuit-day-1-san-jose-edison-1,2,42,4dd027d4957b,75716acdc0eb,p1,2,1,True
retro-reborn-circuit-day-1-san-jose-edison-1,2,43,7365e572be82,4ca6143c2638,p2,2,1,True
retro-reborn-circuit-day-1-san-jose-edison-1,2,44,79c30ae60051,01d59b2a39bf,p1,2,1,True
retro-reborn-circuit-day-1-san-jose-edison-1,2,45,356994514937,4f0558b0927c,p2,2,0,True
retro-reborn-circuit-day-1-san-jose-edison-1,2,46,882c5c101058,5bb6657562bb,p2,2,0,True
retro-reborn-circuit-day-1-san-jose-edison-1,2,47,4857e66b7106,a74957baa2dc,p1,2,1,True
retro-reborn-circuit-day-1-san-jose-edison-1,2,48,da7d643c3e92,87bc94140811,p2,2,0,True
retro-reborn-circuit-day-1-san-jose-edison-1,2,49,a4bb97457a4e,e30d9e0380db,p2,2,0,False
retro-reborn-circuit-day-1-san-jose-edison-1,2,50,d4b5d724694f,83a2146435ba,p2,2,0,True
retro-reborn-circuit-day-1-san-jose-edison-1,2,51,22313a925783,05acf6c79c01,p2,2,1,True
retro-reborn-circuit-day-1-san-jose-edison-1,2,52,746f33dd0ddd,bc9cd455f270,p2,2,0,True
retro-reborn-circuit-day-1-san-jose-edison-1,2,53,b95a691bc10f,148294147812,p1,2,1,True
retro-reborn-circuit-day-1-san-jose-edison-1,2,54,fcca093a3bd0,6a0fe4c15d9e,p1,2,0,True
retro-reborn-circuit-day-1-san-jose-edison-1,2,55,7e3d4ed38b0f,082a57583f60,p1,2,1,True
retro-reborn-circuit-day-1-san-jose-edison-1,2,56,b1b787ff89c9,2f0314735da4,p1,2,1,True
retro-reborn-circuit-day-1-san-jose-edison-1,2,57,53052c409dbe,f20bf30ac407,p2,2,0,True
retro-reborn-circuit-day-1-san-jose-edison-1,2,58,9d0f480bfe9a,11c08161d3ba,p1,2,0,True
retro-reborn-circuit-day-1-san-jose-edison-1,2,59,872249e8f552,ad497da844e5,p2,2,0,True
retro-reborn-circuit-day-1-san-jose-edison-1,2,60,75a9907a783b,a373bc983d3d,p2,2,0,True
retro-reborn-circuit-day-1-san-jose-edison-1,2,61,bb1252d5d680,5368a004f170,p1,2,0,True
retro-reborn-circuit-day-1-san-jose-edison-1,2,62,e46796b79ac3,7c90acfd1bb0,p2,2,0,True
retro-reborn-circuit-day-1-san-jose-edison-1,2,63,6812851e9c1a,3241ae961f30,p1,2,0,True
retro-reborn-circuit-day-1-san-jose-edison-1,2,64,7b17e25ce564,cc81a3588373,p1,2,1,True
retro-reborn-circuit-day-1-san-jose-edison-1,2,65,a93625e3197e,22ac4d32f72f,p1,2,0,True
retro-reborn-circuit-day-1-san-jose-edison-1,2,66,1b18a52ea729,b4fcfef66762,p1,2,1,True
retro-reborn-circuit-day-1-san-jose-edison-1,2,67,c5ab443612de,4062f4454642,p2,2,0,True
retro-reborn-circuit-day-1-san-jose-edison-1,2,68,b935c691ab27,060a67d975c1,p1,2,1,True
retro-reborn-circuit-day-1-san-jose-edison-1,2,69,7808bcfb95c9,e97676814610,p2,2,0,False
retro-reborn-circuit-day-1-san-jose-edison-1,2,70,d78504ac0a20,c31de29f72f7,p1,2,0,True
retro-reborn-circuit-day-1-san-jose-edison-1,2,71,115489de00eb,0fe6e5865ca1,p2,2,1,True
retro-reborn-circuit-day-1-san-jose-edison-1,2,72,7fcc4f0cb66e,89cbd999e88c,p1,2,1,True
retro-reborn-circuit-day-1-san-jose-edison-1,2,73,d239e6687e84,9bdb50c225c2,p2,2,0,True
retro-reborn-circuit-day-1-san-jose-edison-1,2,74,f8ce5079f181,0153aa54e58f,p2,2,1,True
retro-reborn-circuit-day-1-san-jose-edison-1,2,75,0c50a9e5f701,03488c114420,p2,2,1,True
retro-reborn-circuit-day-1-san-jose-edison-1,2,76,8062018593cf,78c6c28efc96,p1,2,1,True
retro-reborn-circuit-day-1-san-jose-edison-1,2,77,21671afbc29f,ac892b60e828,p1,2,1,True
retro-reborn-circuit-day-1-san-jose-edison-1,2,78,e91e9edf1d85,6dfbb1c2233d,p2,2,1,True
retro-reborn-circuit-day-1-san-jose-edison-1,2,79,5571b2c1d48a,275e56ba7da9,p1,2,1,True
retro-reborn-circuit-day-1-san-jose-edison-1,2,80,cae6f3d15e70,cf7dac6abfb5,p1,2,1,True
retro-reborn-circuit-day-1-san-jose-edison-1,2,81,90bc84d85cfc,a74c6973110e,p1,2,1,True
retro-reborn-circuit-day-1-san-jose-edison-1,2,82,fdd04a8191ee,8235fa4d416e,p2,2,1,True
retro-reborn-circuit-day-1-san-jose-edison-1,2,83,e39f0725a095,289b0b4434a2,p1,2,0,True
retro-reborn-circuit-day-1-san-jose-edison-1,2,84,038998b32557,30cc76ed1007,p1,2,0,True
retro-reborn-circuit-day-1-san-jose-edison-1,2,85,5fb9186f9aba,0d6a4070284b,p1,2,1,True
retro-reborn-circuit-day-1-san-jose-edison-1,2,86,475e63ecdd82,6e3c184ec629,p2,2,0,True
retro-reborn-circuit-day-1-san-jose-edison-1,2,87,345d64f1d065,bdca99430d5c,p2,2,1,True
retro-reborn-circuit-day-1-san-jose-edison-1,2,88,9de4cf7d0233,32f7b987641b,p2,2,0,True
retro-reborn-circuit-day-1-san-jose-edison-1,2,89,a177e2344ca2,f7edb7490c89,p2,2,1,True
retro-reborn-circuit-day-1-san-jose-edison-1,2,90,ec00c290ab90,cb269e2b35fd,p1,2,1,True
retro-reborn-circuit-day-1-san-jose-edison-1,2,91,b8a6a9e11ad8,967ce8ac1f11,p1,2,0,True
retro-reborn-circuit-day-1-san-jose-edison-1,2,92,67f48168fa59,15852732052c,p1,2,1,True
retro-reborn-circuit-day-1-san-jose-edison-1,3,1,5fc761cd39de,6331ec1fc1f8,p2,2,0,True
retro-reborn-circuit-day-1-san-jose-edison-1,3,2,5bb6657562bb,6d5fdd6f0987,p2,2,1,True
retro-reborn-circuit-day-1-san-jose-edison-1,3,3,50dfe0af5da5,8f419bdd4199,p2,2,0,True
retro-reborn-circuit-day-1-san-jose-edison-1,3,4,c7009eff338a,b2345002e252,p2,2,1,True
retro-reborn-circuit-day-1-san-jose-edison-1,3,5,69286b0532a6,79c30ae60051,p2,2,1,True
retro-reborn-circuit-day-1-san-jose-edison-1,3,6,4dd027d4957b,37083ad4c984,p1,2,0,True
retro-reborn-circuit-day-1-san-jose-edison-1,3,7,1ae90a1a8866,1a125bd6057a,p1,2,1,True
retro-reborn-circuit-day-1-san-jose-edison-1,3,8,4857e66b7106,cf3f78a00149,p1,2,0,True
retro-reborn-circuit-day-1-san-jose-edison-1,3,9,5e765469ef89,647a3c0fa4d3,p2,2,1,True
retro-reborn-circuit-day-1-san-jose-edison-1,3,10,99d45fe381ef,5242aa0ae2ee,p2,2,0,True
retro-reborn-circuit-day-1-san-jose-edison-1,3,11,917b9610fb4f,ba46f1139cf9,p1,2,0,True
retro-reborn-circuit-day-1-san-jose-edison-1,3,12,f30800e67a98,4ca6143c2638,p2,2,0,True
retro-reborn-circuit-day-1-san-jose-edison-1,3,13,a275a31593c7,ffbb6dc4fc4b,p1,2,0,True
retro-reborn-circuit-day-1-san-jose-edison-1,3,14,3cad6727c183,3e1464d3a876,p1,2,0,True
retro-reborn-circuit-day-1-san-jose-edison-1,3,15,5a1fc49e132b,3a32f29ade79,p2,2,0,True
retro-reborn-circuit-day-1-san-jose-edison-1,3,16,06ba787d5df7,b1af61d63c9c,p2,2,1,True
retro-reborn-circuit-day-1-san-jose-edison-1,3,17,efebc47a61ed,62719e683e9e,p2,2,1,True
retro-reborn-circuit-day-1-san-jose-edison-1,3,18,776ef75cccdf,90fd8ebee676,p2,2,0,True
retro-reborn-circuit-day-1-san-jose-edison-1,3,19,188880d67ae0,4f0558b0927c,p1,2,0,True
retro-reborn-circuit-day-1-san-jose-edison-1,3,20,2ec7c90d1b56,5f31b4bf662c,p1,2,0,True
retro-reborn-circuit-day-1-san-jose-edison-1,3,21,3d4020934593,87bc94140811,p1,2,0,True
retro-reborn-circuit-day-1-san-jose-edison-1,3,22,b30b212eaa41,dd892781cec7,p2,2,1,True
retro-reborn-circuit-day-1-san-jose-edison-1,3,23,98300d54c42d,ef339ef06f3b,p2,2,1,True
retro-reborn-circuit-day-1-san-jose-edison-1,3,24,f84e8f017fc7,614545ca1ca1,p2,2,0,True
retro-reborn-circuit-day-1-san-jose-edison-1,3,25,01d59b2a39bf,da7d643c3e92,p1,2,1,True
retro-reborn-circuit-day-1-san-jose-edison-1,3,26,32f7b987641b,b1b787ff89c9,p1,2,0,True
retro-reborn-circuit-day-1-san-jose-edison-1,3,27,0153aa54e58f,21671afbc29f,p2,2,0,True
retro-reborn-circuit-day-1-san-jose-edison-1,3,28,3c9577be63b0,e6fa3039e3fd,p2,2,1,True
retro-reborn-circuit-day-1-san-jose-edison-1,3,29,67f48168fa59,bc9cd455f270,p2,2,0,True
retro-reborn-circuit-day-1-san-jose-edison-1,3,30,8235fa4d416e,e3ab2c0232c3,p2,2,1,True
retro-reborn-circuit-day-1-san-jose-edison-1,3,31,eff965c931af,8062018593cf,p1,2,0,True
retro-reborn-circuit-day-1-san-jose-edison-1,3,32,609e7316faba,8436525e3b3e,p1,2,1,True
retro-reborn-circuit-day-1-san-jose-edison-1,3,33,b8a6a9e11ad8,6527007888c7,p1,2,0,True
retro-reborn-circuit-day-1-san-jose-edison-1,3,34,9d0f480bfe9a,16e9e8f0ec42,p1,2,0,True
retro-reborn-circuit-day-1-san-jose-edison-1,3,35,77c944feb600,732acdb801b7,p1,2,0,True
retro-reborn-circuit-day-1-san-jose-edison-1,3,36,062975521930,7c90acfd1bb0,p1,2,0,True
retro-reborn-circuit-day-1-san-jose-edison-1,3,37,b10efd85aa88,7fcc4f0cb66e,p1,2,0,True
retro-reborn-circuit-day-1-san-jose-edison-1,3,38,b09affa72191,bba3c0a4a587,p1,2,0,True
retro-reborn-circuit-day-1-san-jose-edison-1,3,39,c71ccb3b471a,7b17e25ce564,p2,2,1,True
retro-reborn-circuit-day-1-san-jose-edison-1,3,40,75716acdc0eb,9bdb50c225c2,p2,2,1,True
retro-reborn-circuit-day-1-san-jose-edison-1,3,41,f1e0ed8b9c11,7365e572be82,p1,2,1,True
retro-reborn-circuit-day-1-san-jose-edison-1,3,42,5571b2c1d48a,ec00c290ab90,p2,2,1,True
retro-reborn-circuit-day-1-san-jose-edison-1,3,43,6dfbb1c2233d,4062f4454642,p1,2,1,True
retro-reborn-circuit-day-1-san-jose-edison-1,3,44,b935c691ab27,e39f0725a095,p2,2,1,True
retro-reborn-circuit-day-1-san-jose-edison-1,3,45,d78504ac0a20,e97676814610,p1,2,0,True
retro-reborn-circuit-day-1-san-jose-edison-1,3,46,cae6f3d15e70,e30d9e0380db,draw,,,True
retro-reborn-circuit-day-1-san-jose-edison-1,3,47,6812851e9c1a,211a6ea1d601,p2,2,1,True
retro-reborn-circuit-day-1-san-jose-edison-1,3,48,5fb9186f9aba,39b9b075f532,p1,2,0,True
retro-reborn-circuit-day-1-san-jose-edison-1,3,49,70ac095a70f0,73ff19531018,p2,2,1,True
retro-reborn-circuit-day-1-san-jose-edison-1,3,50,9fb98e5630cd,ce09cb4099e5,p2,2,0,True
retro-reborn-circuit-day-1-san-jose-edison-1,3,51,c3fc13578ba5,dc5222c6170c,p1,2,1,True
retro-reborn-circuit-day-1-san-jose-edison-1,3,52,4300093c3f76,e595f1be67cd,p1,2,0,True
retro-reborn-circuit-day-1-san-jose-edison-1,3,53,4ae70c8c6d61,7ca6241b349a,p2,2,1,True
retro-reborn-circuit-day-1-san-jose-edison-1,3,54,e5f02f448996,fcca093a3bd0,p2,2,1,True
retro-reborn-circuit-day-1-san-jose-edison-1,3,55,b95a691bc10f,f20bf30ac407,p1,2,1,True
retro-reborn-circuit-day-1-san-jose-edison-1,3,56,0fe6e5865ca1,e944389d4076,p1,2,0,True
retro-reborn-circuit-day-1-san-jose-edison-1,3,57,ad497da844e5,65dc10a293c3,p1,2,1,True
retro-reborn-circuit-day-1-san-jose-edison-1,3,58,90bc84d85cfc,29987471b114,p1,2,0,True
retro-reborn-circuit-day-1-san-jose-edison-1,3,59,6e3c184ec629,03488c114420,p1,2,0,True
retro-reborn-circuit-day-1-san-jose-edison-1,3,60,34928b94ad97,83a2146435ba,p1,2,0,True
retro-reborn-circuit-day-1-san-jose-edison-1,3,61,332e09f5662f,bb1252d5d680,p2,2,1,True
retro-reborn-circuit-day-1-san-jose-edison-1,3,62,a93625e3197e,05acf6c79c01,p2,2,1,True
retro-reborn-circuit-day-1-san-jose-edison-1,3,63,356994514937,aaa356b8a7a6,p2,2,0,True
retro-reborn-circuit-day-1-san-jose-edison-1,3,64,bdca99430d5c,a74957baa2dc,p1,2,1,True
retro-reborn-circuit-day-1-san-jose-edison-1,3,65,9df587203aa4,c4bfea592250,p1,2,0,True
retro-reborn-circuit-day-1-san-jose-edison-1,3,66,4b363556d446,882c5c101058,p1,2,0,True
retro-reborn-circuit-day-1-san-jose-edison-1,3,67,deed9a1c0e38,a1a8924dd436,p1,2,1,True
retro-reborn-circuit-day-1-san-jose-edison-1,3,68,7e3d4ed38b0f,1b18a52ea729,p1,2,0,True
retro-reborn-circuit-day-1-san-jose-edison-1,3,69,c4fcb0bd652d,038998b32557,p2,2,0,True
retro-reborn-circuit-day-1-san-jose-edison-1,3,70,a373bc983d3d,9ba6a44e9373,p2,2,1,True
retro-reborn-circuit-day-1-san-jose-edison-1,3,71,f7edb7490c89,a4bb97457a4e,p1,2,0,False
retro-reborn-circuit-day-1-san-jose-edison-1,3,72,2f0314735da4,115489de00eb,p1,2,0,True
retro-reborn-circuit-day-1-san-jose-edison-1,3,73,b4fcfef66762,275e56ba7da9,p1,2,0,True
retro-reborn-circuit-day-1-san-jose-edison-1,3,74,cf7dac6abfb5,746f33dd0ddd,p1,2,0,True
retro-reborn-circuit-day-1-san-jose-edison-1,3,75,0d6a4070284b,9de4cf7d0233,p2,2,1,True
retro-reborn-circuit-day-1-san-jose-edison-1,3,76,22313a925783,967ce8ac1f11,p1,2,1,True
retro-reborn-circuit-day-1-san-jose-edison-1,3,77,89cbd999e88c,53052c409dbe,draw,,,True
retro-reborn-circuit-day-1-san-jose-edison-1,3,78,cb269e2b35fd,148294147812,p1,2,0,True
retro-reborn-circuit-day-1-san-jose-edison-1,3,79,78c6c28efc96,fdd04a8191ee,p2,2,0,True
retro-reborn-circuit-day-1-san-jose-edison-1,3,80,082a57583f60,d4b5d724694f,p1,2,1,True
retro-reborn-circuit-day-1-san-jose-edison-1,3,81,75a9907a783b,5368a004f170,p1,2,0,True
retro-reborn-circuit-day-1-san-jose-edison-1,3,82,c5ab443612de,ac892b60e828,p2,2,0,True
retro-reborn-circuit-day-1-san-jose-edison-1,3,83,289b0b4434a2,cc81a3588373,p1,2,1,True
retro-reborn-circuit-day-1-san-jose-edison-1,3,84,22ac4d32f72f,6a0fe4c15d9e,p2,2,0,True
retro-reborn-circuit-day-1-san-jose-edison-1,3,85,c31de29f72f7,872249e8f552,p2,2,0,True
retro-reborn-circuit-day-1-san-jose-edison-1,3,86,e91e9edf1d85,0c50a9e5f701,p1,2,0,True
retro-reborn-circuit-day-1-san-jose-edison-1,3,87,a74c6973110e,3241ae961f30,p1,2,1,True
retro-reborn-circuit-day-1-san-jose-edison-1,3,88,30cc76ed1007,f8ce5079f181,p2,2,0,True
retro-reborn-circuit-day-1-san-jose-edison-1,4,1,917b9610fb4f,90fd8ebee676,p1,2,1,True
retro-reborn-circuit-day-1-san-jose-edison-1,4,2,79c30ae60051,188880d67ae0,p1,2,1,True
retro-reborn-circuit-day-1-san-jose-edison-1,4,3,b1af61d63c9c,3d4020934593,p1,2,1,True
retro-reborn-circuit-day-1-san-jose-edison-1,4,4,4857e66b7106,ef339ef06f3b,p1,2,0,True
retro-reborn-circuit-day-1-san-jose-edison-1,4,5,5242aa0ae2ee,2ec7c90d1b56,p2,2,1,True
retro-reborn-circuit-day-1-san-jose-edison-1,4,6,dd892781cec7,1ae90a1a8866,p1,2,1,True
retro-reborn-circuit-day-1-san-jose-edison-1,4,7,614545ca1ca1,647a3c0fa4d3,p1,2,1,True
retro-reborn-circuit-day-1-san-jose-edison-1,4,8,3a32f29ade79,6d5fdd6f0987,p1,2,0,True
retro-reborn-circuit-day-1-san-jose-edison-1,4,9,62719e683e9e,4ca6143c2638,p1,2,1,True
retro-reborn-circuit-day-1-san-jose-edison-1,4,10,4dd027d4957b,a275a31593c7,p1,2,1,True
retro-reborn-circuit-day-1-san-jose-edison-1,4,11,6331ec1fc1f8,3cad6727c183,p2,2,0,True
retro-reborn-circuit-day-1-san-jose-edison-1,4,12,8f419bdd4199,b2345002e252,p2,2,1,True
retro-reborn-circuit-day-1-san-jose-edison-1,4,13,f1e0ed8b9c11,9df587203aa4,p2,2,1,True
retro-reborn-circuit-day-1-san-jose-edison-1,4,14,21671afbc29f,d78504ac0a20,p1,2,1,True
retro-reborn-circuit-day-1-san-jose-edison-1,4,15,34928b94ad97,038998b32557,p2,2,0,True
retro-reborn-circuit-day-1-san-jose-edison-1,4,16,77c944feb600,fcca093a3bd0,p2,2,0,True
retro-reborn-circuit-day-1-san-jose-edison-1,4,17,5e765469ef89,bc9cd455f270,p2,2,0,True
retro-reborn-circuit-day-1-san-jose-edison-1,4,18,6e3c184ec629,32f7b987641b,p2,2,1,True
retro-reborn-circuit-day-1-san-jose-edison-1,4,19,5a1fc49e132b,73ff19531018,p2,2,0,True
retro-reborn-circuit-day-1-san-jose-edison-1,4,20,4f0558b0927c,7ca6241b349a,p2,2,1,True
retro-reborn-circuit-day-1-san-jose-edison-1,4,21,87bc94140811,3e1464d3a876,p1,2,1,True
retro-reborn-circuit-day-1-san-jose-edison-1,4,22,05acf6c79c01,1a125bd6057a,p1,2,1,True
retro-reborn-circuit-day-1-san-jose-edison-1,4,23,5f31b4bf662c,776ef75cccdf,p1,2,0,True
retro-reborn-circuit-day-1-san-jose-edison-1,4,24,37083ad4c984,b10efd85aa88,p1,2,0,True
retro-reborn-circuit-day-1-san-jose-edison-1,4,25,98300d54c42d,69286b0532a6,p2,2,1,True
retro-reborn-circuit-day-1-san-jose-edison-1,4,26,c7009eff338a,efebc47a61ed,p2,2,0,True
retro-reborn-circuit-day-1-san-jose-edison-1,4,27,aaa356b8a7a6,9d0f480bfe9a,p1,2,0,True
retro-reborn-circuit-day-1-san-jose-edison-1,4,28,211a6ea1d601,4b363556d446,p1,2,0,True
retro-reborn-circuit-day-1-san-jose-edison-1,4,29,eff965c931af,062975521930,p1,2,1,True
retro-reborn-circuit-day-1-san-jose-edison-1,4,30,609e7316faba,9ba6a44e9373,p2,2,1,True
retro-reborn-circuit-day-1-san-jose-edison-1,4,31,e3ab2c0232c3,b95a691bc10f,p2,2,1,True
retro-reborn-circuit-day-1-san-jose-edison-1,4,32,5fb9186f9aba,90bc84d85cfc,p1,2,1,True
retro-reborn-circuit-day-1-san-jose-edison-1,4,33,b8a6a9e11ad8,deed9a1c0e38,p2,2,1,True
retro-reborn-circuit-day-1-san-jose-edison-1,4,34,e39f0725a095,50dfe0af5da5,p2,2,1,True
retro-reborn-circuit-day-1-san-jose-edison-1,4,35,c3fc13578ba5,ce09cb4099e5,p2,2,1,True
retro-reborn-circuit-day-1-san-jose-edison-1,4,36,f84e8f017fc7,b09affa72191,p2,2,1,True
retro-reborn-circuit-day-1-san-jose-edison-1,4,37,b30b212eaa41,6dfbb1c2233d,p1,2,1,True
retro-reborn-circuit-day-1-san-jose-edison-1,4,38,4300093c3f76,7e3d4ed38b0f,p1,2,0,True
retro-reborn-circuit-day-1-san-jose-edison-1,4,39,f7edb7490c89,7b17e25ce564,p2,2,1,True
retro-reborn-circuit-day-1-san-jose-edison-1,4,40,06ba787d5df7,ad497da844e5,p2,2,1,True
retro-reborn-circuit-day-1-san-jose-edison-1,4,41,ec00c290ab90,9bdb50c225c2,p1,2,0,True
retro-reborn-circuit-day-1-san-jose-edison-1,4,42,cf3f78a00149,5bb6657562bb,p2,2,1,True
retro-reborn-circuit-day-1-san-jose-edison-1,4,43,ba46f1139cf9,99d45fe381ef,p1,2,1,True
retro-reborn-circuit-day-1-san-jose-edison-1,4,44,bdca99430d5c,5fc761cd39de,p2,2,1,True
retro-reborn-circuit-day-1-san-jose-edison-1,4,45,ffbb6dc4fc4b,0fe6e5865ca1,p1,2,0,True
retro-reborn-circuit-day-1-san-jose-edison-1,4,46,e6fa3039e3fd,bb1252d5d680,p2,2,1,True
retro-reborn-circuit-day-1-san-jose-edison-1,4,47,f30800e67a98,01d59b2a39bf,p2,2,1,True
retro-reborn-circuit-day-1-san-jose-edison-1,4,48,cae6f3d15e70,75716acdc0eb,p2,2,1,True
retro-reborn-circuit-day-1-san-jose-edison-1,4,49,e30d9e0380db,a74957baa2dc,p1,2,0,True
retro-reborn-circuit-day-1-san-jose-edison-1,4,50,7fcc4f0cb66e,e91e9edf1d85,p2,2,0,True
retro-reborn-circuit-day-1-san-jose-edison-1,4,51,6527007888c7,9fb98e5630cd,p1,2,0,True
retro-reborn-circuit-day-1-san-jose-edison-1,4,52,1b18a52ea729,16e9e8f0ec42,p1,2,1,True
retro-reborn-circuit-day-1-san-jose-edison-1,4,53,b4fcfef66762,65dc10a293c3,p2,2,1,True
retro-reborn-circuit-day-1-san-jose-edison-1,4,54,4062f4454642,882c5c101058,p2,2,0,True
retro-reborn-circuit-day-1-san-jose-edison-1,4,55,732acdb801b7,fdd04a8191ee,p2,2,0,True
retro-reborn-circuit-day-1-san-jose-edison-1,4,56,cf7dac6abfb5,a93625e3197e,p2,2,1,True
retro-reborn-circuit-day-1-san-jose-edison-1,4,57,289b0b4434a2,75a9907a783b,p1,2,1,True
retro-reborn-circuit-day-1-san-jose-edison-1,4,58,e46796b79ac3,8062018593cf,p1,2,0,True
retro-reborn-circuit-day-1-san-jose-edison-1,4,59,3c9577be63b0,bba3c0a4a587,p2,2,0,True
retro-reborn-circuit-day-1-san-jose-edison-1,4,60,22313a925783,e5f02f448996,p2,2,0,True
retro-reborn-circuit-day-1-san-jose-edison-1,4,61,356994514937,a74c6973110e,p2,2,1,True
retro-reborn-circuit-day-1-san-jose-edison-1,4,62,082a57583f60,872249e8f552,p1,2,0,True
retro-reborn-circuit-day-1-san-jose-edison-1,4,63,f8ce5079f181,2f0314735da4,p1,2,1,True
retro-reborn-circuit-day-1-san-jose-edison-1,4,64,332e09f5662f,8235fa4d416e,p2,2,1,True
retro-reborn-circuit-day-1-san-jose-edison-1,4,65,c4fcb0bd652d,5571b2c1d48a,p2,2,1,True
retro-reborn-circuit-day-1-san-jose-edison-1,4,66,67f48168fa59,b935c691ab27,p2,2,0,True
retro-reborn-circuit-day-1-san-jose-edison-1,4,67,39b9b075f532,6a0fe4c15d9e,p2,2,1,True
retro-reborn-circuit-day-1-san-jose-edison-1,4,68,0153aa54e58f,f20bf30ac407,p2,2,1,True
retro-reborn-circuit-day-1-san-jose-edison-1,4,69,83a2146435ba,c4bfea592250,p2,2,0,True
retro-reborn-circuit-day-1-san-jose-edison-1,4,70,7c90acfd1bb0,6812851e9c1a,p1,2,0,True
retro-reborn-circuit-day-1-san-jose-edison-1,4,71,dc5222c6170c,a1a8924dd436,p2,2,0,True
retro-reborn-circuit-day-1-san-jose-edison-1,4,72,9de4cf7d0233,a373bc983d3d,p2,2,1,True
retro-reborn-circuit-day-1-san-jose-edison-1,4,73,cb269e2b35fd,e97676814610,p2,2,1,True
retro-reborn-circuit-day-1-san-jose-edison-1,4,74,4ae70c8c6d61,ac892b60e828,p1,2,1,True
retro-reborn-circuit-day-1-san-jose-edison-1,4,75,7365e572be82,da7d643c3e92,p1,2,0,True
retro-reborn-circuit-day-1-san-jose-edison-1,4,76,b1b787ff89c9,70ac095a70f0,p2,2,1,True
retro-reborn-circuit-day-1-san-jose-edison-1,4,77,89cbd999e88c,d4b5d724694f,p1,2,1,True
retro-reborn-circuit-day-1-san-jose-edison-1,4,78,53052c409dbe,5368a004f170,p1,2,0,True
retro-reborn-circuit-day-1-san-jose-edison-1,4,79,78c6c28efc96,0c50a9e5f701,p1,2,0,True
retro-reborn-circuit-day-1-san-jose-edison-1,4,80,0d6a4070284b,967ce8ac1f11,p2,2,1,True
retro-reborn-circuit-day-1-san-jose-edison-1,4,81,148294147812,30cc76ed1007,p1,2,0,True
retro-reborn-circuit-day-1-san-jose-edison-1,4,82,22ac4d32f72f,115489de00eb,p1,2,0,True
retro-reborn-circuit-day-1-san-jose-edison-1,5,1,2ec7c90d1b56,4dd027d4957b,p2,2,1,True
retro-reborn-circuit-day-1-san-jose-edison-1,5,2,79c30ae60051,b1af61d63c9c,p2,2,1,True
retro-reborn-circuit-day-1-san-jose-edison-1,5,3,3a32f29ade79,4857e66b7106,p1,2,1,True
retro-reborn-circuit-day-1-san-jose-edison-1,5,4,3cad6727c183,917b9610fb4f,p1,2,0,True
retro-reborn-circuit-day-1-san-jose-edison-1,5,5,62719e683e9e,b2345002e252,p1,2,0,True
retro-reborn-circuit-day-1-san-jose-edison-1,5,6,dd892781cec7,614545ca1ca1,p1,2,1,True
retro-reborn-circuit-day-1-san-jose-edison-1,5,7,aaa356b8a7a6,038998b32557,p2,2,1,True
retro-reborn-circuit-day-1-san-jose-edison-1,5,8,7b17e25ce564,87bc94140811,p2,2,0,True
retro-reborn-circuit-day-1-san-jose-edison-1,5,9,deed9a1c0e38,bb1252d5d680,p2,2,0,True
retro-reborn-circuit-day-1-san-jose-edison-1,5,10,9ba6a44e9373,01d59b2a39bf,p2,2,1,True
retro-reborn-circuit-day-1-san-jose-edison-1,5,11,7ca6241b349a,50dfe0af5da5,p2,2,1,True
retro-reborn-circuit-day-1-san-jose-edison-1,5,12,ffbb6dc4fc4b,b30b212eaa41,p1,2,0,True
retro-reborn-circuit-day-1-san-jose-edison-1,5,13,647a3c0fa4d3,69286b0532a6,p2,2,1,True
retro-reborn-circuit-day-1-san-jose-edison-1,5,14,5f31b4bf662c,32f7b987641b,p2,2,0,True
retro-reborn-circuit-day-1-san-jose-edison-1,5,15,9df587203aa4,6d5fdd6f0987,p2,2,0,True
retro-reborn-circuit-day-1-san-jose-edison-1,5,16,211a6ea1d601,4300093c3f76,p1,2,1,True
retro-reborn-circuit-day-1-san-jose-edison-1,5,17,b09affa72191,5fb9186f9aba,p1,2,1,True
retro-reborn-circuit-day-1-san-jose-edison-1,5,18,4ca6143c2638,a275a31593c7,p2,2,1,True
retro-reborn-circuit-day-1-san-jose-edison-1,5,19,5fc761cd39de,ba46f1139cf9,p2,2,0,True
retro-reborn-circuit-day-1-san-jose-edison-1,5,20,efebc47a61ed,ec00c290ab90,p2,2,1,True
retro-reborn-circuit-day-1-san-jose-edison-1,5,21,188880d67ae0,21671afbc29f,p1,2,0,True
retro-reborn-circuit-day-1-san-jose-edison-1,5,22,5242aa0ae2ee,bc9cd455f270,p2,2,0,True
retro-reborn-circuit-day-1-san-jose-edison-1,5,23,3d4020934593,ef339ef06f3b,p1,2,1,True
retro-reborn-circuit-day-1-san-jose-edison-1,5,24,5bb6657562bb,8f419bdd4199,p1,2,1,True
retro-reborn-circuit-day-1-san-jose-edison-1,5,25,90fd8ebee676,b95a691bc10f,p2,2,1,True
retro-reborn-circuit-day-1-san-jose-edison-1,5,26,ce09cb4099e5,73ff19531018,p1,2,1,True
retro-reborn-circuit-day-1-san-jose-edison-1,5,27,1ae90a1a8866,6331ec1fc1f8,p2,2,1,True
retro-reborn-circuit-day-1-san-jose-edison-1,5,28,eff965c931af,ad497da844e5,p2,2,0,True
retro-reborn-circuit-day-1-san-jose-edison-1,5,29,fcca093a3bd0,37083ad4c984,p1,2,1,True
retro-reborn-circuit-day-1-san-jose-edison-1,5,30,05acf6c79c01,e30d9e0380db,p2,2,1,True
retro-reborn-circuit-day-1-san-jose-edison-1,5,31,a1a8924dd436,b935c691ab27,p2,2,1,True
retro-reborn-circuit-day-1-san-jose-edison-1,5,32,75716acdc0eb,1a125bd6057a,p1,2,0,True
retro-reborn-circuit-day-1-san-jose-edison-1,5,33,e3ab2c0232c3,6a0fe4c15d9e,p2,2,0,True
retro-reborn-circuit-day-1-san-jose-edison-1,5,34,34928b94ad97,77c944feb600,p2,2,1,True
retro-reborn-circuit-day-1-san-jose-edison-1,5,35,7e3d4ed38b0f,609e7316faba,p1,2,0,True
retro-reborn-circuit-day-1-san-jose-edison-1,5,36,f7edb7490c89,c7009eff338a,p2,2,0,True
retro-reborn-circuit-day-1-san-jose-edison-1,5,37,882c5c101058,082a57583f60,p1,2,1,True
retro-reborn-circuit-day-1-san-jose-edison-1,5,38,4b363556d446,1b18a52ea729,p2,2,0,True
retro-reborn-circuit-day-1-san-jose-edison-1,5,39,e91e9edf1d85,c3fc13578ba5,p1,2,1,True
retro-reborn-circuit-day-1-san-jose-edison-1,5,40,e97676814610,fdd04a8191ee,p2,2,1,True
retro-reborn-circuit-day-1-san-jose-edison-1,5,41,cf3f78a00149,7365e572be82,p1,2,1,True
retro-reborn-circuit-day-1-san-jose-edison-1,5,42,f20bf30ac407,b8a6a9e11ad8,p1,2,1,True
retro-reborn-circuit-day-1-san-jose-edison-1,5,43,7c90acfd1bb0,bba3c0a4a587,p2,2,1,True
retro-reborn-circuit-day-1-san-jose-edison-1,5,44,a74c6973110e,9d0f480bfe9a,p2,2,1,True
retro-reborn-circuit-day-1-san-jose-edison-1,5,45,6e3c184ec629,f30800e67a98,p1,2,0,True
retro-reborn-circuit-day-1-san-jose-edison-1,5,46,65dc10a293c3,c4bfea592250,p2,2,1,True
retro-reborn-circuit-day-1-san-jose-edison-1,5,47,e46796b79ac3,70ac095a70f0,p1,2,1,True
retro-reborn-circuit-day-1-san-jose-edison-1,5,48,90bc84d85cfc,4f0558b0927c,p2,2,1,True
retro-reborn-circuit-day-1-san-jose-edison-1,5,49,bdca99430d5c,f8ce5079f181,p1,2,1,True
retro-reborn-circuit-day-1-san-jose-edison-1,5,50,e5f02f448996,e39f0725a095,p1,2,1,True
retro-reborn-circuit-day-1-san-jose-edison-1,5,51,06ba787d5df7,99d45fe381ef,p2,2,0,True
retro-reborn-circuit-day-1-san-jose-edison-1,5,52,3e1464d3a876,5571b2c1d48a,p2,2,0,True
retro-reborn-circuit-day-1-san-jose-edison-1,5,53,6dfbb1c2233d,6527007888c7,p1,2,0,True
retro-reborn-circuit-day-1-san-jose-edison-1,5,54,f1e0ed8b9c11,9bdb50c225c2,p2,2,1,True
retro-reborn-circuit-day-1-san-jose-edison-1,5,55,776ef75cccdf,5e765469ef89,p2,2,1,True
retro-reborn-circuit-day-1-san-jose-edison-1,5,56,b10efd85aa88,a93625e3197e,p1,2,1,True
retro-reborn-circuit-day-1-san-jose-edison-1,5,57,5a1fc49e132b,a373bc983d3d,p2,2,1,True
retro-reborn-circuit-day-1-san-jose-edison-1,5,58,289b0b4434a2,062975521930,p2,2,0,True
retro-reborn-circuit-day-1-san-jose-edison-1,5,59,4ae70c8c6d61,8235fa4d416e,p1,2,0,True
retro-reborn-circuit-day-1-san-jose-edison-1,5,60,0fe6e5865ca1,f84e8f017fc7,p1,2,0,True
retro-reborn-circuit-day-1-san-jose-edison-1,5,61,89cbd999e88c,cae6f3d15e70,p2,2,0,True
retro-reborn-circuit-day-1-san-jose-edison-1,5,62,53052c409dbe,7fcc4f0cb66e,p2,2,0,True
retro-reborn-circuit-day-1-san-jose-edison-1,5,63,78c6c28efc96,332e09f5662f,p1,2,0,True
retro-reborn-circuit-day-1-san-jose-edison-1,5,64,356994514937,16e9e8f0ec42,p2,2,1,True
retro-reborn-circuit-day-1-san-jose-edison-1,5,65,6812851e9c1a,4062f4454642,p2,2,0,True
retro-reborn-circuit-day-1-san-jose-edison-1,5,66,3c9577be63b0,cf7dac6abfb5,p2,2,0,True
retro-reborn-circuit-day-1-san-jose-edison-1,5,67,b4fcfef66762,8062018593cf,p1,2,1,True
retro-reborn-circuit-day-1-san-jose-edison-1,5,68,2f0314735da4,967ce8ac1f11,p1,2,1,True
retro-reborn-circuit-day-1-san-jose-edison-1,5,69,c4fcb0bd652d,22ac4d32f72f,p2,2,0,True
retro-reborn-circuit-day-1-san-jose-edison-1,5,70,75a9907a783b,9de4cf7d0233,p1,2,0,True
retro-reborn-circuit-day-1-san-jose-edison-1,5,71,9fb98e5630cd,148294147812,p2,2,0,True
retro-reborn-circuit-day-1-san-jose-edison-1,5,72,d4b5d724694f,30cc76ed1007,p2,2,1,True
retro-reborn-circuit-day-1-san-jose-edison-1,5,73,0d6a4070284b,0c50a9e5f701,p1,2,1,True
retro-reborn-circuit-day-1-san-jose-edison-1,5,74,115489de00eb,5368a004f170,p2,2,0,True
retro-reborn-circuit-day-1-san-jose-edison-1,6,1,4dd027d4957b,3cad6727c183,p2,2,1,True
retro-reborn-circuit-day-1-san-jose-edison-1,6,2,b1af61d63c9c,dd892781cec7,p1,2,1,True
retro-reborn-circuit-day-1-san-jose-edison-1,6,3,62719e683e9e,3a32f29ade79,p1,2,1,True
retro-reborn-circuit-day-1-san-jose-edison-1,6,4,4857e66b7106,ad497da844e5,p1,2,1,True
retro-reborn-circuit-day-1-san-jose-edison-1,6,5,ba46f1139cf9,614545ca1ca1,p2,2,0,True
retro-reborn-circuit-day-1-san-jose-edison-1,6,6,01d59b2a39bf,b95a691bc10f,p1,2,0,True
retro-reborn-circuit-day-1-san-jose-edison-1,6,7,ce09cb4099e5,211a6ea1d601,p2,2,0,True
retro-reborn-circuit-day-1-san-jose-edison-1,6,8,3d4020934593,ffbb6dc4fc4b,p1,2,0,True
retro-reborn-circuit-day-1-san-jose-edison-1,6,9,188880d67ae0,69286b0532a6,p1,2,1,True
retro-reborn-circuit-day-1-san-jose-edison-1,6,10,ec00c290ab90,50dfe0af5da5,p1,2,1,True
retro-reborn-circuit-day-1-san-jose-edison-1,6,11,5bb6657562bb,6331ec1fc1f8,p2,2,1,True
retro-reborn-circuit-day-1-san-jose-edison-1,6,12,87bc94140811,6d5fdd6f0987,p2,2,1,True
retro-reborn-circuit-day-1-san-jose-edison-1,6,13,917b9610fb4f,32f7b987641b,p1,2,1,True
retro-reborn-circuit-day-1-san-jose-edison-1,6,14,bb1252d5d680,bc9cd455f270,p2,2,1,True
retro-reborn-circuit-day-1-san-jose-edison-1,6,15,b09affa72191,a275a31593c7,p1,2,1,True
retro-reborn-circuit-day-1-san-jose-edison-1,6,16,79c30ae60051,2ec7c90d1b56,p1,2,0,True
retro-reborn-circuit-day-1-san-jose-edison-1,6,17,b2345002e252,fcca093a3bd0,p2,2,0,True
retro-reborn-circuit-day-1-san-jose-edison-1,6,18,038998b32557,e30d9e0380db,p1,2,0,True
retro-reborn-circuit-day-1-san-jose-edison-1,6,19,1b18a52ea729,5e765469ef89,p2,2,0,True
retro-reborn-circuit-day-1-san-jose-edison-1,6,20,e46796b79ac3,0fe6e5865ca1,p2,2,1,True
retro-reborn-circuit-day-1-san-jose-edison-1,6,21,b30b212eaa41,bdca99430d5c,p1,2,1,True
retro-reborn-circuit-day-1-san-jose-edison-1,6,22,77c944feb600,4ca6143c2638,p2,2,1,True
retro-reborn-circuit-day-1-san-jose-edison-1,6,23,7e3d4ed38b0f,efebc47a61ed,p1,2,1,True
retro-reborn-circuit-day-1-san-jose-edison-1,6,24,6a0fe4c15d9e,b935c691ab27,p2,2,1,True
retro-reborn-circuit-day-1-san-jose-edison-1,6,25,4f0558b0927c,5f31b4bf662c,p1,2,1,True
retro-reborn-circuit-day-1-san-jose-edison-1,6,26,1ae90a1a8866,fdd04a8191ee,p1,2,1,True
retro-reborn-circuit-day-1-san-jose-edison-1,6,27,75716acdc0eb,bba3c0a4a587,p1,2,0,True
retro-reborn-circuit-day-1-san-jose-edison-1,6,28,4300093c3f76,5fb9186f9aba,p1,2,1,True
retro-reborn-circuit-day-1-san-jose-edison-1,6,29,b10efd85aa88,99d45fe381ef,p2,2,1,True
retro-reborn-circuit-day-1-san-jose-edison-1,6,30,73ff19531018,5571b2c1d48a,p1,2,0,True
retro-reborn-circuit-day-1-san-jose-edison-1,6,31,6dfbb1c2233d,9d0f480bfe9a,p2,2,1,True
retro-reborn-circuit-day-1-san-jose-edison-1,6,32,4ae70c8c6d61,deed9a1c0e38,p2,2,0,True
retro-reborn-circuit-day-1-san-jose-edison-1,6,33,e5f02f448996,7ca6241b349a,p2,2,1,True
retro-reborn-circuit-day-1-san-jose-edison-1,6,34,5242aa0ae2ee,c4bfea592250,p2,2,1,True
retro-reborn-circuit-day-1-san-jose-edison-1,6,35,e91e9edf1d85,c7009eff338a,p1,2,0,True
retro-reborn-circuit-day-1-san-jose-edison-1,6,36,9ba6a44e9373,ef339ef06f3b,p1,2,1,True
retro-reborn-circuit-day-1-san-jose-edison-1,6,37,a373bc983d3d,647a3c0fa4d3,p1,2,0,True
retro-reborn-circuit-day-1-san-jose-edison-1,6,38,9bdb50c225c2,f20bf30ac407,p1,2,1,True
retro-reborn-circuit-day-1-san-jose-edison-1,6,39,6e3c184ec629,5fc761cd39de,p1,2,1,True
retro-reborn-circuit-day-1-san-jose-edison-1,6,40,062975521930,90fd8ebee676,p2,2,1,True
retro-reborn-circuit-day-1-san-jose-edison-1,6,41,cf3f78a00149,882c5c101058,p1,2,0,True
retro-reborn-circuit-day-1-san-jose-edison-1,6,42,7b17e25ce564,8f419bdd4199,p1,2,0,True
retro-reborn-circuit-day-1-san-jose-edison-1,6,43,eff965c931af,9df587203aa4,p1,2,1,True
retro-reborn-circuit-day-1-san-jose-edison-1,6,44,21671afbc29f,05acf6c79c01,p2,2,0,True
retro-reborn-circuit-day-1-san-jose-edison-1,6,45,37083ad4c984,aaa356b8a7a6,p2,2,1,True
retro-reborn-circuit-day-1-san-jose-edison-1,6,46,cae6f3d15e70,2f0314735da4,p2,2,1,True
retro-reborn-circuit-day-1-san-jose-edison-1,6,47,7365e572be82,e39f0725a095,p2,2,0,True
retro-reborn-circuit-day-1-san-jose-edison-1,6,48,7fcc4f0cb66e,cf7dac6abfb5,p1,2,1,True
retro-reborn-circuit-day-1-san-jose-edison-1,6,49,f30800e67a98,289b0b4434a2,p2,2,0,True
retro-reborn-circuit-day-1-san-jose-edison-1,6,50,75a9907a783b,e3ab2c0232c3,p1,2,0,True
retro-reborn-circuit-day-1-san-jose-edison-1,6,51,22ac4d32f72f,06ba787d5df7,p2,2,1,True
retro-reborn-circuit-day-1-san-jose-edison-1,6,52,4b363556d446,148294147812,p2,2,1,True
retro-reborn-circuit-day-1-san-jose-edison-1,6,53,082a57583f60,34928b94ad97,p2,2,0,True
retro-reborn-circuit-day-1-san-jose-edison-1,6,54,b4fcfef66762,5a1fc49e132b,p1,2,0,True
retro-reborn-circuit-day-1-san-jose-edison-1,6,55,65dc10a293c3,f84e8f017fc7,p2,2,1,True
retro-reborn-circuit-day-1-san-jose-edison-1,6,56,4062f4454642,78c6c28efc96,p1,2,1,True
retro-reborn-circuit-day-1-san-jose-edison-1,6,57,a1a8924dd436,16e9e8f0ec42,p1,2,1,True
retro-reborn-circuit-day-1-san-jose-edison-1,6,58,8235fa4d416e,53052c409dbe,p2,2,0,True
retro-reborn-circuit-day-1-san-jose-edison-1,6,59,89cbd999e88c,0d6a4070284b,p1,2,0,True
retro-reborn-circuit-day-1-san-jose-edison-1,6,60,8062018593cf,967ce8ac1f11,p1,2,0,True
retro-reborn-circuit-day-1-san-jose-edison-1,6,61,332e09f5662f,3c9577be63b0,p2,2,0,True
retro-reborn-circuit-day-1-san-jose-edison-1,6,62,356994514937,30cc76ed1007,p1,2,0,True
retro-reborn-circuit-day-1-san-jose-edison-1,7,1,62719e683e9e,b1af61d63c9c,p2,2,1,True
retro-reborn-circuit-day-1-san-jose-edison-1,7,2,3cad6727c183,b09affa72191,p2,2,1,True
retro-reborn-circuit-day-1-san-jose-edison-1,7,3,79c30ae60051,fcca093a3bd0,p2,2,1,True
retro-reborn-circuit-day-1-san-jose-edison-1,7,4,4dd027d4957b,4857e66b7106,p1,2,1,True
retro-reborn-circuit-day-1-san-jose-edison-1,7,5,3a32f29ade79,ec00c290ab90,p2,2,1,True
retro-reborn-circuit-day-1-san-jose-edison-1,7,6,211a6ea1d601,6d5fdd6f0987,p2,2,1,True
retro-reborn-circuit-day-1-san-jose-edison-1,7,7,6331ec1fc1f8,188880d67ae0,p2,2,1,True
retro-reborn-circuit-day-1-san-jose-edison-1,7,8,dd892781cec7,01d59b2a39bf,p2,2,0,True
retro-reborn-circuit-day-1-san-jose-edison-1,7,9,038998b32557,3d4020934593,p1,2,1,True
retro-reborn-circuit-day-1-san-jose-edison-1,7,10,614545ca1ca1,bc9cd455f270,p1,2,0,True
retro-reborn-circuit-day-1-san-jose-edison-1,7,11,917b9610fb4f,ffbb6dc4fc4b,p2,2,0,True
retro-reborn-circuit-day-1-san-jose-edison-1,7,12,e91e9edf1d85,9d0f480bfe9a,p2,2,0,True
retro-reborn-circuit-day-1-san-jose-edison-1,7,13,4300093c3f76,99d45fe381ef,p1,2,0,True
retro-reborn-circuit-day-1-san-jose-edison-1,7,14,bb1252d5d680,50dfe0af5da5,p1,2,1,True
retro-reborn-circuit-day-1-san-jose-edison-1,7,15,ce09cb4099e5,4f0558b0927c,p2,2,1,True
retro-reborn-circuit-day-1-san-jose-edison-1,7,16,c4bfea592250,b935c691ab27,p2,2,1,True
retro-reborn-circuit-day-1-san-jose-edison-1,7,17,ad497da844e5,a373bc983d3d,p2,2,1,True
retro-reborn-circuit-day-1-san-jose-edison-1,7,18,b30b212eaa41,b2345002e252,p1,2,0,True
retro-reborn-circuit-day-1-san-jose-edison-1,7,19,87bc94140811,4ca6143c2638,p2,2,1,True
retro-reborn-circuit-day-1-san-jose-edison-1,7,20,cf3f78a00149,6e3c184ec629,p2,2,0,True
retro-reborn-circuit-day-1-san-jose-edison-1,7,21,9ba6a44e9373,05acf6c79c01,p2,2,0,True
retro-reborn-circuit-day-1-san-jose-edison-1,7,22,eff965c931af,7b17e25ce564,p2,2,0,True
retro-reborn-circuit-day-1-san-jose-edison-1,7,23,aaa356b8a7a6,0fe6e5865ca1,p1,2,0,True
retro-reborn-circuit-day-1-san-jose-edison-1,7,24,7e3d4ed38b0f,7ca6241b349a,p1,2,0,True
retro-reborn-circuit-day-1-san-jose-edison-1,7,25,a275a31593c7,73ff19531018,p1,2,0,True
retro-reborn-circuit-day-1-san-jose-edison-1,7,26,90fd8ebee676,69286b0532a6,p2,2,1,True
retro-reborn-circuit-day-1-san-jose-edison-1,7,27,deed9a1c0e38,32f7b987641b,p1,2,0,True
retro-reborn-circuit-day-1-san-jose-edison-1,7,28,2ec7c90d1b56,ba46f1139cf9,p2,2,0,True
retro-reborn-circuit-day-1-san-jose-edison-1,7,29,75716acdc0eb,1ae90a1a8866,p2,2,1,True
retro-reborn-circuit-day-1-san-jose-edison-1,7,30,5bb6657562bb,5e765469ef89,p1,2,1,True
retro-reborn-circuit-day-1-san-jose-edison-1,7,31,9bdb50c225c2,b95a691bc10f,p1,2,1,True
retro-reborn-circuit-day-1-san-jose-edison-1,7,32,e30d9e0380db,5242aa0ae2ee,p1,2,0,True
retro-reborn-circuit-day-1-san-jose-edison-1,7,33,b10efd85aa88,5571b2c1d48a,p1,2,0,True
retro-reborn-circuit-day-1-san-jose-edison-1,7,34,5f31b4bf662c,4062f4454642,p1,2,0,True
retro-reborn-circuit-day-1-san-jose-edison-1,7,35,e46796b79ac3,b4fcfef66762,p1,2,1,True
retro-reborn-circuit-day-1-san-jose-edison-1,7,36,fdd04a8191ee,06ba787d5df7,p1,2,1,True
retro-reborn-circuit-day-1-san-jose-edison-1,7,37,75a9907a783b,37083ad4c984,p1,2,1,True
retro-reborn-circuit-day-1-san-jose-edison-1,7,38,efebc47a61ed,9df587203aa4,p1,2,0,True
retro-reborn-circuit-day-1-san-jose-edison-1,7,39,1b18a52ea729,6dfbb1c2233d,p2,2,0,True
retro-reborn-circuit-day-1-san-jose-edison-1,7,40,c7009eff338a,5fb9186f9aba,p1,2,1,True
retro-reborn-circuit-day-1-san-jose-edison-1,7,41,148294147812,77c944feb600,p2,2,0,True
retro-reborn-circuit-day-1-san-jose-edison-1,7,42,21671afbc29f,6a0fe4c15d9e,p2,2,0,True
retro-reborn-circuit-day-1-san-jose-edison-1,7,43,7fcc4f0cb66e,e39f0725a095,p1,2,1,True
retro-reborn-circuit-day-1-san-jose-edison-1,7,44,a1a8924dd436,34928b94ad97,draw,,,True
retro-reborn-circuit-day-1-san-jose-edison-1,7,45,f84e8f017fc7,289b0b4434a2,p1,2,1,True
retro-reborn-circuit-day-1-san-jose-edison-1,7,46,2f0314735da4,89cbd999e88c,p2,2,0,True
retro-reborn-circuit-day-1-san-jose-edison-1,7,47,53052c409dbe,cae6f3d15e70,p2,2,1,True
retro-reborn-circuit-day-1-san-jose-edison-1,7,48,356994514937,78c6c28efc96,p2,2,0,True
retro-reborn-circuit-day-1-san-jose-edison-1,7,49,65dc10a293c3,16e9e8f0ec42,p1,2,1,True
retro-reborn-circuit-day-1-san-jose-edison-1,7,50,8062018593cf,3c9577be63b0,p1,2,0,True
retro-reborn-circuit-day-1-san-jose-edison-1,7,51,e3ab2c0232c3,cf7dac6abfb5,p2,2,0,True
retro-reborn-circuit-day-1-san-jose-edison-1,7,52,22ac4d32f72f,d4b5d724694f,p2,2,0,True
retro-reborn-circuit-day-1-san-jose-edison-1,8,1,b1af61d63c9c,ec00c290ab90,p2,2,1,True
retro-reborn-circuit-day-1-san-jose-edison-1,8,2,01d59b2a39bf,fcca093a3bd0,p2,2,1,True
retro-reborn-circuit-day-1-san-jose-edison-1,8,3,b09affa72191,188880d67ae0,p1,2,0,True
retro-reborn-circuit-day-1-san-jose-edison-1,8,4,038998b32557,6d5fdd6f0987,p1,2,0,True
retro-reborn-circuit-day-1-san-jose-edison-1,8,5,62719e683e9e,3cad6727c183,p2,2,1,True
retro-reborn-circuit-day-1-san-jose-edison-1,8,6,614545ca1ca1,4dd027d4957b,draw,,,True
retro-reborn-circuit-day-1-san-jose-edison-1,8,7,9d0f480bfe9a,4300093c3f76,p1,2,1,True
retro-reborn-circuit-day-1-san-jose-edison-1,8,8,3a32f29ade79,6331ec1fc1f8,p1,2,0,True
retro-reborn-circuit-day-1-san-jose-edison-1,8,9,79c30ae60051,b935c691ab27,p2,2,0,True
retro-reborn-circuit-day-1-san-jose-edison-1,8,10,69286b0532a6,aaa356b8a7a6,p1,2,1,True
retro-reborn-circuit-day-1-san-jose-edison-1,8,11,5bb6657562bb,3d4020934593,p1,2,0,True
retro-reborn-circuit-day-1-san-jose-edison-1,8,12,b30b212eaa41,7e3d4ed38b0f,p2,2,0,True
retro-reborn-circuit-day-1-san-jose-edison-1,8,13,bc9cd455f270,dd892781cec7,p1,2,1,True
retro-reborn-circuit-day-1-san-jose-edison-1,8,14,9bdb50c225c2,7b17e25ce564,p1,2,0,True
retro-reborn-circuit-day-1-san-jose-edison-1,8,15,deed9a1c0e38,4f0558b0927c,p2,2,0,True
retro-reborn-circuit-day-1-san-jose-edison-1,8,16,bb1252d5d680,4ca6143c2638,p2,2,0,True
retro-reborn-circuit-day-1-san-jose-edison-1,8,17,917b9610fb4f,a275a31593c7,p2,2,0,True
retro-reborn-circuit-day-1-san-jose-edison-1,8,18,211a6ea1d601,a373bc983d3d,p2,2,0,True
retro-reborn-circuit-day-1-san-jose-edison-1,8,19,ba46f1139cf9,4857e66b7106,p2,2,1,True
retro-reborn-circuit-day-1-san-jose-edison-1,8,20,05acf6c79c01,ffbb6dc4fc4b,p1,2,0,True
retro-reborn-circuit-day-1-san-jose-edison-1,8,21,1ae90a1a8866,6e3c184ec629,p1,2,0,True
retro-reborn-circuit-day-1-san-jose-edison-1,8,22,e30d9e0380db,efebc47a61ed,p1,2,1,True
retro-reborn-circuit-day-1-san-jose-edison-1,8,23,87bc94140811,5e765469ef89,p1,2,0,True
retro-reborn-circuit-day-1-san-jose-edison-1,8,24,fdd04a8191ee,c7009eff338a,p2,2,0,True
retro-reborn-circuit-day-1-san-jose-edison-1,8,25,e91e9edf1d85,f84e8f017fc7,p1,2,1,True
retro-reborn-circuit-day-1-san-jose-edison-1,8,26,b2345002e252,6dfbb1c2233d,p2,2,1,True
retro-reborn-circuit-day-1-san-jose-edison-1,8,27,e46796b79ac3,b10efd85aa88,p1,2,0,True
retro-reborn-circuit-day-1-san-jose-edison-1,8,28,50dfe0af5da5,cf3f78a00149,p1,2,0,True
retro-reborn-circuit-day-1-san-jose-edison-1,8,29,5f31b4bf662c,7fcc4f0cb66e,p1,2,0,True
retro-reborn-circuit-day-1-san-jose-edison-1,8,30,6a0fe4c15d9e,32f7b987641b,p2,2,1,True
retro-reborn-circuit-day-1-san-jose-edison-1,8,31,75a9907a783b,ad497da844e5,p1,2,0,True
retro-reborn-circuit-day-1-san-jose-edison-1,8,32,77c944feb600,75716acdc0eb,p1,2,0,True
retro-reborn-circuit-day-1-san-jose-edison-1,8,33,b95a691bc10f,9ba6a44e9373,p1,2,0,True
retro-reborn-circuit-day-1-san-jose-edison-1,8,34,90fd8ebee676,0fe6e5865ca1,p1,2,0,True
retro-reborn-circuit-day-1-san-jose-edison-1,8,35,cae6f3d15e70,8062018593cf,p1,2,0,True
retro-reborn-circuit-day-1-san-jose-edison-1,8,36,89cbd999e88c,78c6c28efc96,p2,2,0,True
retro-reborn-circuit-day-1-san-jose-edison-1,8,37,1b18a52ea729,5571b2c1d48a,draw,,,True
retro-reborn-circuit-day-1-san-jose-edison-1,8,38,b4fcfef66762,5fb9186f9aba,p1,2,1,True
retro-reborn-circuit-day-1-san-jose-edison-1,8,39,e39f0725a095,37083ad4c984,p1,2,0,True
retro-reborn-circuit-day-1-san-jose-edison-1,8,40,65dc10a293c3,9df587203aa4,p1,2,1,True
retro-reborn-circuit-day-1-san-jose-edison-1,8,41,cf7dac6abfb5,289b0b4434a2,p1,2,1,True
retro-reborn-circuit-day-1-san-jose-edison-1,8,42,356994514937,e3ab2c0232c3,p2,2,0,True
retro-reborn-circuit-day-1-san-jose-edison-1,8,43,d4b5d724694f,16e9e8f0ec42,p2,2,0,True
retro-reborn-circuit-day-1-san-jose-edison-1,Finals,1,62719e683e9e,b09affa72191,p2,2,1,True
retro-reborn-circuit-day-1-san-jose-edison-1,Top 16,1,b1af61d63c9c,4ca6143c2638,p2,2,0,True
retro-reborn-circuit-day-1-san-jose-edison-1,Top 16,2,614545ca1ca1,62719e683e9e,p2,2,0,True
retro-reborn-circuit-day-1-san-jose-edison-1,Top 16,3,fcca093a3bd0,188880d67ae0,p2,2,0,True
retro-reborn-circuit-day-1-san-jose-edison-1,Top 16,4,ec00c290ab90,a275a31593c7,p1,2,1,True
retro-reborn-circuit-day-1-san-jose-edison-1,Top 16,5,038998b32557,6d5fdd6f0987,p1,2,0,True
retro-reborn-circuit-day-1-san-jose-edison-1,Top 16,6,b09affa72191,9bdb50c225c2,p1,2,0,True
retro-reborn-circuit-day-1-san-jose-edison-1,Top 16,7,4dd027d4957b,3a32f29ade79,p2,2,1,True
retro-reborn-circuit-day-1-san-jose-edison-1,Top 16,8,3cad6727c183,69286b0532a6,p2,2,0,True
retro-reborn-circuit-day-1-san-jose-edison-1,Top 4,1,62719e683e9e,188880d67ae0,p1,2,0,True
retro-reborn-circuit-day-1-san-jose-edison-1,Top 4,2,3a32f29ade79,b09affa72191,p2,2,0,True
retro-reborn-circuit-day-1-san-jose-edison-1,Top 8,1,4ca6143c2638,62719e683e9e,p2,2,1,True
retro-reborn-circuit-day-1-san-jose-edison-1,Top 8,2,188880d67ae0,ec00c290ab90,p1,2,1,True
retro-reborn-circuit-day-1-san-jose-edison-1,Top 8,3,b09affa72191,038998b32557,p1,2,1,True
retro-reborn-circuit-day-1-san-jose-edison-1,Top 8,4,69286b0532a6,3a32f29ade79,p2,2,0,True
edison-clash-series-ecs-side-event,1,1,ca55979e9aa1,9395f59a842e,p2,2,0,False
edison-clash-series-ecs-side-event,1,2,276cb6d5374f,c726da450f54,p1,2,0,False
edison-clash-series-ecs-side-event,1,3,170cc25d947e,d8f54ac3a98b,p2,2,0,False
edison-clash-series-ecs-side-event,1,4,aad3e0f4c162,b7ea61b30a83,p2,2,0,False
edison-clash-series-ecs-side-event,2,1,276cb6d5374f,9395f59a842e,p2,2,1,False
edison-clash-series-ecs-side-event,2,2,d8f54ac3a98b,b7ea61b30a83,p1,2,1,False
edison-clash-series-ecs-side-event,2,3,aad3e0f4c162,170cc25d947e,p2,2,0,False
edison-clash-series-ecs-side-event,2,4,c726da450f54,ca55979e9aa1,p2,2,0,False
edison-clash-series-ecs-side-event,3,1,d8f54ac3a98b,9395f59a842e,p1,2,1,False
edison-clash-series-ecs-side-event,3,2,ca55979e9aa1,276cb6d5374f,p2,2,0,False
edison-clash-series-ecs-side-event,3,3,b7ea61b30a83,170cc25d947e,p2,2,1,False
edison-clash-series-ecs-side-event,3,4,aad3e0f4c162,c726da450f54,p1,2,0,False
yu-gi-oh-edison-clash-series-ecs-2,1,1,246a624af7b1,1089a106e3ba,p1,2,0,True
yu-gi-oh-edison-clash-series-ecs-2,1,2,2699fe41a5ad,c0ea32c1d76c,p1,2,0,True
yu-gi-oh-edison-clash-series-ecs-2,1,3,aad3e0f4c162,43745f3b588b,p2,2,0,True
yu-gi-oh-edison-clash-series-ecs-2,1,4,71bc1254d96a,935f0f7de34c,p1,2,1,True
yu-gi-oh-edison-clash-series-ecs-2,1,5,f5999e0077da,c0b446d843d2,p1,2,0,True
yu-gi-oh-edison-clash-series-ecs-2,1,6,b75a32aef6cc,9395f59a842e,p1,2,0,True
yu-gi-oh-edison-clash-series-ecs-2,1,7,2749c9aa0b8b,579a6515cd1a,p2,2,0,True
yu-gi-oh-edison-clash-series-ecs-2,1,8,72867248e69b,91dd95b84219,p2,2,1,True
yu-gi-oh-edison-clash-series-ecs-2,1,9,b7ea61b30a83,8fb6a8ea357e,p1,2,1,True
yu-gi-oh-edison-clash-series-ecs-2,1,10,de0a9fbab2e5,ca55979e9aa1,p1,2,1,True
yu-gi-oh-edison-clash-series-ecs-2,1,11,dc2897ac3919,a58971696c63,p2,2,1,True
yu-gi-oh-edison-clash-series-ecs-2,1,12,28885a919c21,d01a7d0b5c72,p1,2,1,False
yu-gi-oh-edison-clash-series-ecs-2,1,13,3e52c215c000,9fee3a165155,p1,2,1,True
yu-gi-oh-edison-clash-series-ecs-2,1,14,dfd57273adea,3bcff2d057bb,p1,2,1,True
yu-gi-oh-edison-clash-series-ecs-2,1,15,ba7505ea11cc,fc2a07ec1c4c,p2,2,0,True
yu-gi-oh-edison-clash-series-ecs-2,1,16,283b2c2f53db,313875189d3f,p1,2,1,True
yu-gi-oh-edison-clash-series-ecs-2,1,17,48cb60410ab7,d8f54ac3a98b,p1,2,0,True
yu-gi-oh-edison-clash-series-ecs-2,1,18,fcd88aee2980,276cb6d5374f,p1,2,1,True
yu-gi-oh-edison-clash-series-ecs-2,1,19,170cc25d947e,7ef5a13abc0d,p2,2,0,True
yu-gi-oh-edison-clash-series-ecs-2,2,1,43745f3b588b,28885a919c21,p2,2,0,True
yu-gi-oh-edison-clash-series-ecs-2,2,2,2699fe41a5ad,dfd57273adea,p2,2,1,True
yu-gi-oh-edison-clash-series-ecs-2,2,3,71bc1254d96a,91dd95b84219,p2,2,1,True
yu-gi-oh-edison-clash-series-ecs-2,2,4,fc2a07ec1c4c,283b2c2f53db,p1,2,1,True
yu-gi-oh-edison-clash-series-ecs-2,2,5,f5999e0077da,246a624af7b1,p2,2,0,True
yu-gi-oh-edison-clash-series-ecs-2,2,6,579a6515cd1a,3e52c215c000,p1,2,0,True
yu-gi-oh-edison-clash-series-ecs-2,2,7,fcd88aee2980,b7ea61b30a83,p1,2,0,True
yu-gi-oh-edison-clash-series-ecs-2,2,8,b75a32aef6cc,a58971696c63,p1,2,1,True
yu-gi-oh-edison-clash-series-ecs-2,2,9,48cb60410ab7,de0a9fbab2e5,p1,2,1,True
yu-gi-oh-edison-clash-series-ecs-2,2,10,7ef5a13abc0d,c0b446d843d2,p1,2,0,True
yu-gi-oh-edison-clash-series-ecs-2,2,11,d8f54ac3a98b,170cc25d947e,p1,2,1,True
yu-gi-oh-edison-clash-series-ecs-2,2,12,9fee3a165155,935f0f7de34c,p1,2,1,True
yu-gi-oh-edison-clash-series-ecs-2,2,13,72867248e69b,3bcff2d057bb,p1,2,1,True
yu-gi-oh-edison-clash-series-ecs-2,2,14,aad3e0f4c162,ba7505ea11cc,p2,2,1,True
yu-gi-oh-edison-clash-series-ecs-2,2,15,313875189d3f,8fb6a8ea357e,p2,2,0,True
yu-gi-oh-edison-clash-series-ecs-2,2,16,9395f59a842e,276cb6d5374f,p2,2,0,True
yu-gi-oh-edison-clash-series-ecs-2,2,17,c0ea32c1d76c,1089a106e3ba,p1,2,0,True
yu-gi-oh-edison-clash-series-ecs-2,2,18,ca55979e9aa1,dc2897ac3919,p2,2,1,True
yu-gi-oh-edison-clash-series-ecs-2,2,19,2749c9aa0b8b,d01a7d0b5c72,p2,2,0,False
yu-gi-oh-edison-clash-series-ecs-2,3,1,91dd95b84219,28885a919c21,p2,1,0,True
yu-gi-oh-edison-clash-series-ecs-2,3,2,7ef5a13abc0d,48cb60410ab7,p1,2,1,True
yu-gi-oh-edison-clash-series-ecs-2,3,3,fc2a07ec1c4c,fcd88aee2980,p2,2,1,True
yu-gi-oh-edison-clash-series-ecs-2,3,4,246a624af7b1,579a6515cd1a,p1,2,0,True
yu-gi-oh-edison-clash-series-ecs-2,3,5,dfd57273adea,b75a32aef6cc,p1,2,1,True
yu-gi-oh-edison-clash-series-ecs-2,3,6,f5999e0077da,3e52c215c000,p1,2,0,True
yu-gi-oh-edison-clash-series-ecs-2,3,7,c0ea32c1d76c,8fb6a8ea357e,p1,2,0,True
yu-gi-oh-edison-clash-series-ecs-2,3,8,b7ea61b30a83,dc2897ac3919,p2,2,1,True
yu-gi-oh-edison-clash-series-ecs-2,3,9,2699fe41a5ad,72867248e69b,p1,2,1,True
yu-gi-oh-edison-clash-series-ecs-2,3,10,71bc1254d96a,ba7505ea11cc,p2,2,1,True
yu-gi-oh-edison-clash-series-ecs-2,3,11,de0a9fbab2e5,d8f54ac3a98b,p1,2,0,True
yu-gi-oh-edison-clash-series-ecs-2,3,12,a58971696c63,283b2c2f53db,p1,2,0,True
yu-gi-oh-edison-clash-series-ecs-2,3,13,276cb6d5374f,9fee3a165155,p2,2,1,True
yu-gi-oh-edison-clash-series-ecs-2,3,14,d01a7d0b5c72,43745f3b588b,p2,2,0,False
yu-gi-oh-edison-clash-series-ecs-2,3,15,170cc25d947e,1089a106e3ba,p2,2,0,True
yu-gi-oh-edison-clash-series-ecs-2,3,16,2749c9aa0b8b,9395f59a842e,p2,2,1,True
yu-gi-oh-edison-clash-series-ecs-2,3,17,313875189d3f,c0b446d843d2,p1,2,1,True
yu-gi-oh-edison-clash-series-ecs-2,3,18,935f0f7de34c,ca55979e9aa1,p2,2,1,True
yu-gi-oh-edison-clash-series-ecs-2,3,19,3bcff2d057bb,aad3e0f4c162,p1,2,1,True
yu-gi-oh-edison-clash-series-ecs-2,4,1,dfd57273adea,246a624af7b1,p2,2,1,True
yu-gi-oh-edison-clash-series-ecs-2,4,2,28885a919c21,fcd88aee2980,p2,2,1,True
yu-gi-oh-edison-clash-series-ecs-2,4,3,7ef5a13abc0d,fc2a07ec1c4c,p2,2,0,True
yu-gi-oh-edison-clash-series-ecs-2,4,4,ba7505ea11cc,b75a32aef6cc,p2,2,1,True
yu-gi-oh-edison-clash-series-ecs-2,4,5,9fee3a165155,c0ea32c1d76c,p2,2,1,True
yu-gi-oh-edison-clash-series-ecs-2,4,6,43745f3b588b,a58971696c63,p1,2,1,True
yu-gi-oh-edison-clash-series-ecs-2,4,7,91dd95b84219,de0a9fbab2e5,p1,2,0,True
yu-gi-oh-edison-clash-series-ecs-2,4,8,579a6515cd1a,dc2897ac3919,p1,2,1,True
yu-gi-oh-edison-clash-series-ecs-2,4,9,2699fe41a5ad,48cb60410ab7,p2,2,1,True
yu-gi-oh-edison-clash-series-ecs-2,4,10,f5999e0077da,3bcff2d057bb,p1,2,1,True
yu-gi-oh-edison-clash-series-ecs-2,4,11,9395f59a842e,72867248e69b,p2,2,1,True
yu-gi-oh-edison-clash-series-ecs-2,4,12,ca55979e9aa1,71bc1254d96a,p2,2,1,True
yu-gi-oh-edison-clash-series-ecs-2,4,13,283b2c2f53db,b7ea61b30a83,p2,2,1,True
yu-gi-oh-edison-clash-series-ecs-2,4,14,d01a7d0b5c72,276cb6d5374f,p1,2,0,False
yu-gi-oh-edison-clash-series-ecs-2,4,15,313875189d3f,d8f54ac3a98b,p1,2,1,True
yu-gi-oh-edison-clash-series-ecs-2,4,16,8fb6a8ea357e,3e52c215c000,p2,2,1,True
yu-gi-oh-edison-clash-series-ecs-2,4,17,1089a106e3ba,aad3e0f4c162,p1,2,0,True
yu-gi-oh-edison-clash-series-ecs-2,4,18,c0b446d843d2,935f0f7de34c,p2,2,1,True
yu-gi-oh-edison-clash-series-ecs-2,4,19,170cc25d947e,2749c9aa0b8b,p2,2,0,True
yu-gi-oh-edison-clash-series-ecs-2,5,1,246a624af7b1,fcd88aee2980,p1,2,0,True
yu-gi-oh-edison-clash-series-ecs-2,5,2,91dd95b84219,48cb60410ab7,p2,2,1,True
yu-gi-oh-edison-clash-series-ecs-2,5,3,579a6515cd1a,f5999e0077da,p2,2,1,True
yu-gi-oh-edison-clash-series-ecs-2,5,4,28885a919c21,fc2a07ec1c4c,p1,1,0,True
yu-gi-oh-edison-clash-series-ecs-2,5,5,b75a32aef6cc,43745f3b588b,p2,2,1,True
yu-gi-oh-edison-clash-series-ecs-2,5,6,dfd57273adea,c0ea32c1d76c,p1,2,0,True
yu-gi-oh-edison-clash-series-ecs-2,5,7,7ef5a13abc0d,9fee3a165155,p2,2,0,True
yu-gi-oh-edison-clash-series-ecs-2,5,8,b7ea61b30a83,ba7505ea11cc,p2,2,0,True
yu-gi-oh-edison-clash-series-ecs-2,5,9,d01a7d0b5c72,71bc1254d96a,p1,2,1,False
yu-gi-oh-edison-clash-series-ecs-2,5,10,3e52c215c000,1089a106e3ba,p2,2,1,True
yu-gi-oh-edison-clash-series-ecs-2,5,11,2699fe41a5ad,de0a9fbab2e5,p1,2,0,True
yu-gi-oh-edison-clash-series-ecs-2,5,12,a58971696c63,72867248e69b,p1,2,1,True
yu-gi-oh-edison-clash-series-ecs-2,5,13,313875189d3f,2749c9aa0b8b,p1,2,0,True
yu-gi-oh-edison-clash-series-ecs-2,6,1,246a624af7b1,28885a919c21,p2,1,0,True
yu-gi-oh-edison-clash-series-ecs-2,6,2,f5999e0077da,43745f3b588b,p1,2,0,True
yu-gi-oh-edison-clash-series-ecs-2,6,3,48cb60410ab7,fcd88aee2980,p2,2,0,True
yu-gi-oh-edison-clash-series-ecs-2,6,4,dfd57273adea,ba7505ea11cc,p1,2,1,True
yu-gi-oh-edison-clash-series-ecs-2,6,5,a58971696c63,9fee3a165155,p2,2,1,True
yu-gi-oh-edison-clash-series-ecs-2,6,6,c0ea32c1d76c,d01a7d0b5c72,p1,2,0,False
yu-gi-oh-edison-clash-series-ecs-2,6,7,1089a106e3ba,7ef5a13abc0d,p1,2,1,True
yu-gi-oh-edison-clash-series-ecs-2,6,8,b75a32aef6cc,313875189d3f,p1,2,1,True
yu-gi-oh-edison-clash-series-ecs-2,6,9,579a6515cd1a,91dd95b84219,p1,2,1,True
yu-gi-oh-edison-clash-series-ecs-2,6,10,fc2a07ec1c4c,2699fe41a5ad,p1,2,0,True
yu-gi-oh-edison-clash-series-ecs-2,6,11,de0a9fbab2e5,3e52c215c000,p1,2,1,True
yu-gi-oh-edison-clash-series-ecs-2,6,12,c0b446d843d2,72867248e69b,p1,2,1,True
yu-gi-oh-edison-clash-series-ecs-2,Finals,1,dfd57273adea,fc2a07ec1c4c,p2,2,1,True
yu-gi-oh-edison-clash-series-ecs-2,Top 4,1,c0ea32c1d76c,dfd57273adea,p2,2,1,True
yu-gi-oh-edison-clash-series-ecs-2,Top 4,2,fc2a07ec1c4c,fcd88aee2980,p1,2,1,True
yu-gi-oh-edison-clash-series-ecs-2,Top 8,1,246a624af7b1,c0ea32c1d76c,p2,2,1,True
yu-gi-oh-edison-clash-series-ecs-2,Top 8,2,dfd57273adea,f5999e0077da,p1,2,0,True
yu-gi-oh-edison-clash-series-ecs-2,Top 8,3,fcd88aee2980,43745f3b588b,p1,2,0,True
yu-gi-oh-edison-clash-series-ecs-2,Top 8,4,28885a919c21,fc2a07ec1c4c,p2,2,1,True
poyo-weekly-6,1,1,8712b3365d85,5a92e077d22d,draw,,,False
poyo-weekly-6,1,2,7f15a76b7061,3d4bd7052415,p2,2,0,False
poyo-weekly-6,2,1,6b20d6889c27,3d4bd7052415,p2,2,0,False
poyo-weekly-6,2,2,7f15a76b7061,8712b3365d85,draw,,,False
poyo-weekly-6,3,1,3d4bd7052415,5a92e077d22d,p1,2,1,False
poyo-weekly-6,3,2,6b20d6889c27,8712b3365d85,p2,2,1,False
rrc-san-jose-edison-side-event-3,Finals,1,87bc94140811,cf3f78a00149,p2,2,1,False
rrc-san-jose-edison-side-event-3,Top 4,1,b1b787ff89c9,87bc94140811,p2,2,1,False
rrc-san-jose-edison-side-event-3,Top 4,2,aaa356b8a7a6,cf3f78a00149,p2,2,1,False
rrc-san-jose-edison-side-event-3,Top 8,1,188880d67ae0,b1b787ff89c9,p2,2,1,False
rrc-san-jose-edison-side-event-3,Top 8,2,87bc94140811,75716acdc0eb,p1,2,1,False
rrc-san-jose-edison-side-event-3,Top 8,3,c31de29f72f7,cf3f78a00149,p2,2,1,False
rrc-san-jose-edison-side-event-3,Top 8,4,b09affa72191,aaa356b8a7a6,p2,2,1,False
rrc-san-jose-edison-side-event-5-1,1,1,732f7968b676,8f5475602a2c,p2,2,1,False
rrc-san-jose-edison-side-event-5-1,1,2,cc81a3588373,29987471b114,p1,2,1,False
rrc-san-jose-edison-side-event-5-1,1,3,7808bcfb95c9,e944389d4076,p2,2,1,False
rrc-san-jose-edison-side-event-5-1,1,4,179b37e792bd,52beb088f498,p1,2,1,False
rrc-san-jose-edison-side-event-5-1,Finals,1,cc81a3588373,8f5475602a2c,p1,2,1,False
rrc-san-jose-edison-side-event-5-1,Top 4,1,179b37e792bd,cc81a3588373,p2,2,0,False
rrc-san-jose-edison-side-event-5-1,Top 4,2,8f5475602a2c,e944389d4076,p1,2,0,False
rrc-san-jose-side-event-4-edison,Finals,1,188880d67ae0,5e765469ef89,p2,2,1,False
rrc-san-jose-side-event-4-edison,Top 4,1,75716acdc0eb,188880d67ae0,p2,2,1,False
rrc-san-jose-side-event-4-edison,Top 4,2,5e765469ef89,dd892781cec7,p1,2,1,False
rrc-san-jose-side-event-4-edison,Top 8,1,2ec7c90d1b56,75716acdc0eb,p2,2,1,False
rrc-san-jose-side-event-4-edison,Top 8,2,b95a691bc10f,188880d67ae0,p2,2,1,False
rrc-san-jose-side-event-4-edison,Top 8,3,29987471b114,dd892781cec7,p2,2,1,False
rrc-san-jose-side-event-4-edison,Top 8,4,5e765469ef89,7899006845dd,p1,2,1,False
poyo-weekly-5,1,1,e82d7d02189d,5a92e077d22d,p1,2,0,False
poyo-weekly-5,1,2,6b20d6889c27,8712b3365d85,p1,2,0,False
poyo-weekly-5,2,1,e82d7d02189d,35f9379205a2,p1,2,0,False
poyo-weekly-5,2,2,6b20d6889c27,5a92e077d22d,p2,2,1,False
poyo-weekly-5,3,1,e82d7d02189d,8712b3365d85,p1,2,1,False
poyo-weekly-5,3,2,5a92e077d22d,35f9379205a2,p1,2,0,False
poyo-weeklt,1,1,6b20d6889c27,9da56f40a898,p1,2,0,False
poyo-weeklt,1,2,e82d7d02189d,7f15a76b7061,p1,2,0,False
poyo-weeklt,2,1,8712b3365d85,e82d7d02189d,p1,2,0,False
poyo-weeklt,2,2,6b20d6889c27,7f15a76b7061,p1,2,0,False
poyo-weeklt,3,1,8712b3365d85,6b20d6889c27,p1,2,0,False
poyo-weeklt,3,2,e82d7d02189d,9da56f40a898,p1,2,1,False
ygo-test-2,1,1,61a6715ecebc,e085d4a4dad3,p2,2,0,False
ygo-test-2,1,2,543764b28267,dbc6f9a7ee75,draw,,,False
ygo-test-2,1,3,3a04bca681e9,a79ec668ae58,p1,2,0,False
ygo-test-2,1,4,e87de06e7459,849870bc415c,p2,2,0,False
ygo-test-2,1,5,cbb3b26350b3,619ff6f3bf70,p2,2,0,False
ygo-test-2,1,6,f46e2a07bee7,5150ae874f4a,p1,2,0,False
ygo-test-2,1,7,7cd3fa5cc8d1,1051297233d9,p1,2,0,False
ygo-test-2,1,8,4e56a05cf8a4,13d3848fbfd1,p2,2,0,False
ygo-test-2,2,1,7cd3fa5cc8d1,619ff6f3bf70,p2,2,0,False
ygo-test-2,2,2,13d3848fbfd1,e085d4a4dad3,p2,2,1,False
ygo-test-2,2,3,849870bc415c,3a04bca681e9,p1,2,0,False
ygo-test-2,2,4,f46e2a07bee7,dbc6f9a7ee75,p1,2,1,False
ygo-test-2,2,5,543764b28267,e87de06e7459,p1,2,0,False
ygo-test-2,2,6,a79ec668ae58,1051297233d9,p1,2,0,False
ygo-test-2,2,7,cbb3b26350b3,4e56a05cf8a4,p2,2,0,False
ygo-test-2,2,8,5150ae874f4a,61a6715ecebc,p1,2,1,False
ygo-test-2,3,1,e085d4a4dad3,619ff6f3bf70,p1,2,1,False
ygo-test-2,3,2,f46e2a07bee7,849870bc415c,p2,2,0,False
ygo-test-2,3,3,543764b28267,13d3848fbfd1,p2,2,0,False
ygo-test-2,3,4,5150ae874f4a,a79ec668ae58,p1,2,0,False
ygo-test-2,3,5,4e56a05cf8a4,7cd3fa5cc8d1,p1,2,0,False
ygo-test-2,3,6,3a04bca681e9,dbc6f9a7ee75,p2,2,1,False
ygo-test-2,3,7,e87de06e7459,cbb3b26350b3,p2,2,0,False
ygo-test-2,3,8,61a6715ecebc,1051297233d9,p2,2,1,False
ygo-test-2,4,1,849870bc415c,e085d4a4dad3,draw,,,False
ygo-test-2,4,2,4e56a05cf8a4,619ff6f3bf70,p1,2,1,False
ygo-test-2,4,3,5150ae874f4a,13d3848fbfd1,p2,2,0,False
ygo-test-2,4,4,f46e2a07bee7,543764b28267,draw,,,False
ygo-test-2,4,5,dbc6f9a7ee75,a79ec668ae58,p1,2,0,False
ygo-test-2,4,6,cbb3b26350b3,1051297233d9,p2,2,0,False
ygo-test-2,4,7,3a04bca681e9,7cd3fa5cc8d1,p2,2,0,False
ygo-test-2,4,8,e87de06e7459,61a6715ecebc,p1,2,1,False
ygo-test-2,Finals,1,4e56a05cf8a4,849870bc415c,p1,2,0,False
ygo-test-2,Top 4,1,e085d4a4dad3,4e56a05cf8a4,p2,2,0,False
ygo-test-2,Top 4,2,849870bc415c,13d3848fbfd1,p1,2,1,False
ygo-test-ecs,1,1,a129b4ad0b42,797db9fc93fb,p1,2,0,False
ygo-test-ecs,1,2,543764b28267,4e56a05cf8a4,draw,,,False
ygo-test-ecs,1,3,560e445e2c8d,142fe99598d9,draw,,,False
ygo-test-ecs,1,4,b02173511de2,f4006a67a1ea,p1,2,1,False
ygo-test-ecs,1,5,5fce53c71324,e4aef2721690,draw,,,False
ygo-test-ecs,1,6,2deab938c7ad,6288763a3e32,draw,,,False
ygo-test-ecs,1,7,706cee3820d2,af225131f2d5,p1,2,1,False
ygo-test-ecs,1,8,96ec75f07b34,7ddfdd63e18b,p1,2,0,False
ygo-test-ecs,1,9,aa64391ccf74,b6cdd494d78c,p1,2,1,False
ygo-test-ecs,1,10,98a5e28d3429,6b375b6a992d,p2,2,0,False
ygo-test-ecs,1,11,b4a4a5ee7e5b,21a835f6c328,draw,,,False
ygo-test-ecs,1,12,17cc445afae7,fb1f8443b77b,p1,2,0,False
ygo-test-ecs,1,13,cdfc71ea142f,3e83d73f5ef2,p1,1,0,False
ygo-test-ecs,1,14,5518cb40d52e,dfdab1753120,p2,2,0,False
ygo-test-ecs,1,15,489bb02135ff,270d1d677c06,p1,2,0,False
ygo-test-ecs,1,16,4af5223f004a,b3359f071c81,p1,2,0,False
ygo-test-ecs,1,17,e1f7720405dd,3590ad712c54,p2,2,0,False
ygo-test-ecs,1,18,8fec5be18f2e,827509b8586e,p1,2,0,False
ygo-test-ecs,1,19,c9423b02b86e,b297b7f0ba54,p1,2,0,False
ygo-test-ecs,1,20,ed1a3871352c,1c24efdec8d8,p2,2,0,False
ygo-test-ecs,2,1,706cee3820d2,6b375b6a992d,draw,,,False
ygo-test-ecs,2,2,aa64391ccf74,cdfc71ea142f,p1,2,1,False
ygo-test-ecs,2,3,c9423b02b86e,17cc445afae7,p2,1,0,False
ygo-test-ecs,2,4,8fec5be18f2e,dfdab1753120,p1,2,1,False
ygo-test-ecs,2,5,489bb02135ff,4af5223f004a,p2,2,0,False
ygo-test-ecs,2,6,b02173511de2,96ec75f07b34,p1,2,1,False
ygo-test-ecs,2,7,a129b4ad0b42,1c24efdec8d8,p2,2,0,False
ygo-test-ecs,2,8,3590ad712c54,560e445e2c8d,p2,2,0,False
ygo-test-ecs,2,9,e4aef2721690,6288763a3e32,p1,2,0,False
ygo-test-ecs,2,10,b4a4a5ee7e5b,2deab938c7ad,draw,,,False
ygo-test-ecs,2,11,21a835f6c328,b3359f071c81,p1,2,0,False
ygo-test-ecs,2,12,5fce53c71324,142fe99598d9,draw,,,False
ygo-test-ecs,2,13,4e56a05cf8a4,543764b28267,p1,2,1,False
ygo-test-ecs,2,14,270d1d677c06,b297b7f0ba54,draw,,,False
ygo-test-ecs,2,15,827509b8586e,797db9fc93fb,p1,2,0,False
ygo-test-ecs,2,16,98a5e28d3429,b6cdd494d78c,p1,2,0,False
ygo-test-ecs,2,17,fb1f8443b77b,3e83d73f5ef2,p2,2,0,False
ygo-test-ecs,2,18,7ddfdd63e18b,f4006a67a1ea,p2,2,0,False
ygo-test-ecs,2,19,ed1a3871352c,5518cb40d52e,p2,2,0,False
ygo-test-ecs,2,20,af225131f2d5,e1f7720405dd,p1,2,0,False
ygo-test-ecs,3,1,1c24efdec8d8,b02173511de2,draw,,,False
ygo-test-ecs,3,2,17cc445afae7,4af5223f004a,p1,2,0,False
ygo-test-ecs,3,3,8fec5be18f2e,aa64391ccf74,p1,2,0,False
ygo-test-ecs,3,4,4e56a05cf8a4,543764b28267,p2,2,1,False
ygo-test-ecs,3,5,706cee3820d2,560e445e2c8d,p2,2,0,False
ygo-test-ecs,3,6,e4aef2721690,21a835f6c328,p1,2,0,False
ygo-test-ecs,3,7,3e83d73f5ef2,3590ad712c54,p2,2,1,False
ygo-test-ecs,3,8,489bb02135ff,dfdab1753120,p2,2,0,False
ygo-test-ecs,3,9,96ec75f07b34,cdfc71ea142f,p1,2,0,False
ygo-test-ecs,3,10,827509b8586e,a129b4ad0b42,p1,2,0,False
ygo-test-ecs,3,11,98a5e28d3429,f4006a67a1ea,p2,2,0,False
ygo-test-ecs,3,12,c9423b02b86e,af225131f2d5,p1,2,0,False
ygo-test-ecs,3,13,5518cb40d52e,142fe99598d9,p1,2,0,False
ygo-test-ecs,3,14,2deab938c7ad,5fce53c71324,p2,2,0,False
ygo-test-ecs,3,15,b4a4a5ee7e5b,270d1d677c06,p2,2,0,False
ygo-test-ecs,3,16,6288763a3e32,6b375b6a992d,p1,2,0,False
ygo-test-ecs,3,17,b297b7f0ba54,fb1f8443b77b,p1,2,0,False
ygo-test-ecs,3,18,7ddfdd63e18b,e1f7720405dd,p2,2,0,False
ygo-test-ecs,3,19,b6cdd494d78c,ed1a3871352c,p1,2,1,False
ygo-test-ecs,3,20,b3359f071c81,797db9fc93fb,p1,2,0,False
ygo-test-ecs,4,1,8fec5be18f2e,17cc445afae7,p1,2,1,False
ygo-test-ecs,4,2,b02173511de2,e4aef2721690,p1,2,0,False
ygo-test-ecs,4,3,1c24efdec8d8,560e445e2c8d,draw,,,False
ygo-test-ecs,4,4,dfdab1753120,c9423b02b86e,p2,2,0,False
ygo-test-ecs,4,5,4af5223f004a,aa64391ccf74,draw,,,False
ygo-test-ecs,4,6,827509b8586e,3590ad712c54,p1,2,0,False
ygo-test-ecs,4,7,f4006a67a1ea,96ec75f07b34,p2,2,1,False
ygo-test-ecs,4,8,5518cb40d52e,5fce53c71324,p2,1,0,False
ygo-test-ecs,4,9,706cee3820d2,6288763a3e32,p1,2,1,False
ygo-test-ecs,4,10,b297b7f0ba54,21a835f6c328,p1,2,1,False
ygo-test-ecs,4,11,4e56a05cf8a4,6b375b6a992d,p1,2,0,False
ygo-test-ecs,4,12,543764b28267,270d1d677c06,p1,2,0,False
ygo-test-ecs,4,13,489bb02135ff,a129b4ad0b42,p1,2,1,False
ygo-test-ecs,4,14,cdfc71ea142f,af225131f2d5,p1,2,0,False
ygo-test-ecs,4,15,98a5e28d3429,b3359f071c81,p1,2,1,False
ygo-test-ecs,4,16,3e83d73f5ef2,b6cdd494d78c,p1,2,0,False
ygo-test-ecs,4,17,e1f7720405dd,142fe99598d9,p2,2,1,False
ygo-test-ecs,4,18,2deab938c7ad,ed1a3871352c,p1,2,0,False
ygo-test-ecs,4,19,b4a4a5ee7e5b,fb1f8443b77b,p2,2,1,False
ygo-test-ecs,4,20,7ddfdd63e18b,797db9fc93fb,p2,2,0,False
ygo-test-ecs,5,1,8fec5be18f2e,b02173511de2,p2,2,0,False
ygo-test-ecs,5,2,96ec75f07b34,c9423b02b86e,p2,2,1,False
ygo-test-ecs,5,3,827509b8586e,17cc445afae7,p1,2,0,False
ygo-test-ecs,5,4,1c24efdec8d8,5fce53c71324,p2,2,1,False
ygo-test-ecs,5,5,560e445e2c8d,4e56a05cf8a4,p2,2,0,False
ygo-test-ecs,5,6,706cee3820d2,aa64391ccf74,p1,2,1,False
ygo-test-ecs,5,7,e4aef2721690,543764b28267,p2,2,0,False
ygo-test-ecs,5,8,4af5223f004a,b297b7f0ba54,p2,1,0,False
ygo-test-ecs,5,9,f4006a67a1ea,489bb02135ff,p1,2,0,False
ygo-test-ecs,5,10,dfdab1753120,3590ad712c54,p1,2,0,False
ygo-test-ecs,5,11,5518cb40d52e,3e83d73f5ef2,p2,2,0,False
ygo-test-ecs,5,12,cdfc71ea142f,98a5e28d3429,p2,2,0,False
ygo-test-ecs,5,13,142fe99598d9,2deab938c7ad,p2,2,0,False
ygo-test-ecs,5,14,270d1d677c06,6288763a3e32,p1,2,0,False
ygo-test-ecs,5,15,21a835f6c328,6b375b6a992d,p1,2,0,False
ygo-test-ecs,5,16,b6cdd494d78c,e1f7720405dd,p2,2,0,False
ygo-test-ecs,5,17,a129b4ad0b42,af225131f2d5,p2,2,0,False
ygo-test-ecs,5,18,797db9fc93fb,fb1f8443b77b,p1,2,0,False
ygo-test-ecs,5,19,b3359f071c81,b4a4a5ee7e5b,p1,2,0,False
ygo-test-ecs,5,20,ed1a3871352c,7ddfdd63e18b,p2,2,0,False
ygo-test-ecs,6,1,b02173511de2,827509b8586e,p1,2,0,False
ygo-test-ecs,6,2,8fec5be18f2e,c9423b02b86e,draw,,,False
ygo-test-ecs,6,3,5fce53c71324,706cee3820d2,p2,2,0,False
ygo-test-ecs,6,4,b297b7f0ba54,543764b28267,p2,2,0,False
ygo-test-ecs,6,5,4e56a05cf8a4,17cc445afae7,draw,,,False
ygo-test-ecs,6,6,3e83d73f5ef2,f4006a67a1ea,p2,2,0,False
ygo-test-ecs,6,7,98a5e28d3429,96ec75f07b34,p1,2,0,False
ygo-test-ecs,6,8,dfdab1753120,1c24efdec8d8,p1,2,1,False
ygo-test-ecs,6,9,560e445e2c8d,2deab938c7ad,draw,,,False
ygo-test-ecs,6,10,aa64391ccf74,e4aef2721690,p1,2,1,False
ygo-test-ecs,6,11,4af5223f004a,270d1d677c06,draw,,,False
ygo-test-ecs,6,12,21a835f6c328,e1f7720405dd,p1,2,1,False
ygo-test-ecs,6,13,5518cb40d52e,489bb02135ff,p2,2,1,False
ygo-test-ecs,6,14,cdfc71ea142f,3590ad712c54,p2,2,1,False
ygo-test-ecs,6,15,af225131f2d5,b3359f071c81,p1,2,1,False
ygo-test-ecs,6,16,797db9fc93fb,142fe99598d9,p1,2,1,False
ygo-test-ecs,6,17,6288763a3e32,b6cdd494d78c,p1,2,0,False
ygo-test-ecs,6,18,6b375b6a992d,a129b4ad0b42,p2,2,0,False
ygo-test-ecs,6,19,7ddfdd63e18b,fb1f8443b77b,p1,2,0,False
ygo-test-ecs,6,20,b4a4a5ee7e5b,ed1a3871352c,p1,2,0,False
ygo-test-ecs,Finals,1,543764b28267,f4006a67a1ea,p2,2,0,False
ygo-test-ecs,Top 4,1,dfdab1753120,543764b28267,p2,2,0,False
ygo-test-ecs,Top 4,2,f4006a67a1ea,827509b8586e,p1,2,1,False
ygo-test-ecs,Top 8,1,b02173511de2,dfdab1753120,p2,2,0,False
ygo-test-ecs,Top 8,2,543764b28267,706cee3820d2,p1,2,0,False
ygo-test-ecs,Top 8,3,c9423b02b86e,827509b8586e,p2,2,0,False
ygo-test-ecs,Top 8,4,8fec5be18f2e,f4006a67a1ea,p2,2,1,False
poyo-weekly-4-625,1,1,6b20d6889c27,7f15a76b7061,p1,2,0,False
poyo-weekly-4-625,1,2,9da56f40a898,9ae145ec9fc5,p2,2,1,False
poyo-weekly-4-625,1,3,8712b3365d85,35f9379205a2,p1,2,1,False
poyo-weekly-4-625,1,4,5a92e077d22d,104ed1396046,draw,,,False
poyo-weekly-4-625,2,1,8712b3365d85,6b20d6889c27,p1,2,1,False
poyo-weekly-4-625,2,2,9ae145ec9fc5,5a92e077d22d,p2,2,0,False
poyo-weekly-4-625,2,3,104ed1396046,7f15a76b7061,p1,2,0,False
poyo-weekly-4-625,2,4,9da56f40a898,35f9379205a2,p2,2,1,False
poyo-weekly-4-625,3,1,8712b3365d85,5a92e077d22d,p1,2,0,False
poyo-weekly-4-625,3,2,6b20d6889c27,104ed1396046,draw,,,False
poyo-weekly-4-625,3,3,9ae145ec9fc5,35f9379205a2,p2,2,1,False
poyo-weekly-4-625,3,4,7f15a76b7061,9da56f40a898,p2,2,1,False
poyo-weekly-4-625,4,1,8712b3365d85,9da56f40a898,p2,2,1,False
poyo-weekly-4-625,4,2,35f9379205a2,104ed1396046,p2,2,0,False
poyo-weekly-4-625,4,3,5a92e077d22d,6b20d6889c27,p1,2,1,False
poyo-weekly-4-625,4,4,9ae145ec9fc5,7f15a76b7061,p2,2,0,False
poyo-weekly-4-625,Finals,1,8712b3365d85,5a92e077d22d,p1,2,0,False
poyo-weekly-4-625,Top 4,1,8712b3365d85,9da56f40a898,p1,2,1,False
poyo-weekly-4-625,Top 4,2,35f9379205a2,5a92e077d22d,p2,2,1,False
the-geekerys-yu-gi-oh-edison-tournament-329,1,1,cb494f63acab,3b34ba3b4d76,p2,2,1,False
the-geekerys-yu-gi-oh-edison-tournament-329,1,2,271293dbecfa,a316b3f16a38,p1,2,1,False
the-geekerys-yu-gi-oh-edison-tournament-329,1,3,eb65f4946ca0,79ae719dd28e,p2,2,1,False
the-geekerys-yu-gi-oh-edison-tournament-329,1,4,5691f5bbe7d2,903da9187968,p2,2,1,False
the-geekerys-yu-gi-oh-edison-tournament-329,2,1,903da9187968,271293dbecfa,p1,2,1,False
the-geekerys-yu-gi-oh-edison-tournament-329,2,2,79ae719dd28e,3261049f8e97,p2,2,1,False
the-geekerys-yu-gi-oh-edison-tournament-329,2,3,3b34ba3b4d76,a316b3f16a38,p2,2,1,False
the-geekerys-yu-gi-oh-edison-tournament-329,2,4,cb494f63acab,eb65f4946ca0,p2,2,1,False
the-geekerys-yu-gi-oh-edison-tournament-329,3,1,3261049f8e97,903da9187968,p1,2,1,False
the-geekerys-yu-gi-oh-edison-tournament-329,3,2,eb65f4946ca0,3b34ba3b4d76,p2,2,1,False
the-geekerys-yu-gi-oh-edison-tournament-329,3,3,a316b3f16a38,79ae719dd28e,p1,2,1,False
the-geekerys-yu-gi-oh-edison-tournament-329,3,4,5691f5bbe7d2,271293dbecfa,p2,2,1,False
edison-serbia-4,1,1,c134a4facc1f,15a2cdb1c61c,p1,2,0,False
edison-serbia-4,1,2,c45fc629d57b,3a8106e1e3d1,p1,2,1,False
edison-serbia-4,1,3,aec2277ada32,c4ebbc3571c3,p2,2,1,False
edison-serbia-4,1,4,a247aa1e8884,5c6cef4a71e9,p2,2,1,False
edison-serbia-4,1,5,aa6d58ed8175,074a44c7e876,p2,2,0,False
edison-serbia-4,1,6,fd1d1fb02d0e,eb39a13b2724,p2,2,0,False
edison-serbia-4,1,7,6f9a1aa2c76d,9076c0ff4542,p1,2,1,False
edison-serbia-4,1,8,555316e22a46,e9234cf52a34,p1,2,0,False
edison-serbia-4,2,1,074a44c7e876,c45fc629d57b,p2,2,1,False
edison-serbia-4,2,2,c134a4facc1f,c4ebbc3571c3,p2,2,1,False
edison-serbia-4,2,3,555316e22a46,5c6cef4a71e9,p1,2,1,False
edison-serbia-4,2,4,6f9a1aa2c76d,eb39a13b2724,p1,2,0,False
edison-serbia-4,2,5,9076c0ff4542,a247aa1e8884,p1,2,1,False
edison-serbia-4,2,6,fd1d1fb02d0e,3a8106e1e3d1,p1,2,0,False
edison-serbia-4,2,7,aec2277ada32,15a2cdb1c61c,p1,2,1,False
edison-serbia-4,2,8,e9234cf52a34,aa6d58ed8175,p1,2,0,False
edison-serbia-4,3,1,6f9a1aa2c76d,555316e22a46,p2,2,0,False
edison-serbia-4,3,2,c4ebbc3571c3,c45fc629d57b,p1,2,1,False
edison-serbia-4,3,3,074a44c7e876,eb39a13b2724,p2,2,1,False
edison-serbia-4,3,4,aec2277ada32,fd1d1fb02d0e,p1,2,1,False
edison-serbia-4,3,5,5c6cef4a71e9,9076c0ff4542,p2,2,0,False
edison-serbia-4,3,6,e9234cf52a34,c134a4facc1f,p2,2,1,False
edison-serbia-4,3,7,aa6d58ed8175,15a2cdb1c61c,p1,2,0,False
edison-serbia-4,3,8,a247aa1e8884,3a8106e1e3d1,p2,2,1,False
edison-serbia-4,4,1,555316e22a46,c4ebbc3571c3,p2,2,1,False
edison-serbia-4,4,2,c45fc629d57b,6f9a1aa2c76d,p2,2,0,False
edison-serbia-4,4,3,9076c0ff4542,aec2277ada32,p1,2,1,False
edison-serbia-4,4,4,c134a4facc1f,eb39a13b2724,p1,2,0,False
edison-serbia-4,4,5,074a44c7e876,fd1d1fb02d0e,p1,2,0,False
edison-serbia-4,4,6,5c6cef4a71e9,aa6d58ed8175,p1,2,0,False
edison-serbia-4,4,7,e9234cf52a34,3a8106e1e3d1,p1,2,0,False
edison-serbia-4,4,8,15a2cdb1c61c,a247aa1e8884,p2,2,0,False
edison-serbia-4,Top 4,1,c4ebbc3571c3,c134a4facc1f,p1,2,0,False
edison-serbia-4,Top 4,2,555316e22a46,6f9a1aa2c76d,p1,2,0,False
edison-locals-9,1,1,69d3e00878ed,8883c67b7383,p1,2,1,False
edison-locals-9,1,2,2da8de829966,29b386c1c224,p2,2,0,False
edison-locals-9,1,3,f7e42b2639ee,906b825905ad,p2,2,0,False
edison-locals-9,1,4,be2f9b4f46b2,0a72ad698f9b,p1,2,0,False
edison-locals-9,1,5,0b0e9f275c1f,c73766c3a1b5,p2,2,1,False
edison-locals-9,1,6,1878d6cb3e7c,6fc913d51d98,p2,2,1,False
edison-locals-9,1,7,9f34671a13f2,7c69072ad0cb,p1,2,1,False
edison-locals-9,1,8,c0701e87069b,1ba99f02ad4e,p1,2,1,False
edison-locals-9,2,1,69d3e00878ed,c0701e87069b,p1,2,0,False
edison-locals-9,2,2,c73766c3a1b5,29b386c1c224,p2,2,0,False
edison-locals-9,2,3,9f34671a13f2,be2f9b4f46b2,p1,2,1,False
edison-locals-9,2,4,906b825905ad,6fc913d51d98,p1,2,0,False
edison-locals-9,2,5,7c69072ad0cb,1878d6cb3e7c,p1,2,1,False
edison-locals-9,2,6,0b0e9f275c1f,2da8de829966,p2,2,0,False
edison-locals-9,2,7,1ba99f02ad4e,8883c67b7383,p1,2,1,False
edison-locals-9,3,1,9f34671a13f2,29b386c1c224,p1,2,1,False
edison-locals-9,3,2,906b825905ad,69d3e00878ed,p2,2,1,False
edison-locals-9,3,3,7c69072ad0cb,f7e42b2639ee,p2,2,0,False
edison-locals-9,3,4,1ba99f02ad4e,6fc913d51d98,p2,2,0,False
edison-locals-9,3,5,c0701e87069b,be2f9b4f46b2,p1,2,0,False
edison-locals-9,3,6,2da8de829966,c73766c3a1b5,p1,2,1,False
edison-locals-9,3,7,1878d6cb3e7c,8883c67b7383,p1,2,1,False
edison-locals-9,4,1,9f34671a13f2,69d3e00878ed,p2,2,1,False
edison-locals-9,4,2,c0701e87069b,29b386c1c224,p2,2,1,False
edison-locals-9,4,3,2da8de829966,906b825905ad,p2,2,0,False
edison-locals-9,4,4,f7e42b2639ee,6fc913d51d98,p2,2,0,False
edison-locals-9,4,5,1ba99f02ad4e,7c69072ad0cb,p1,2,0,False
edison-locals-9,4,6,be2f9b4f46b2,1878d6cb3e7c,p1,2,1,False
team-starlight-edison-tournament,1,1,1f11d6641819,77ccc05d96bb,p2,2,0,True
team-starlight-edison-tournament,1,2,3c9577be63b0,784ad575322a,p2,2,1,True
team-starlight-edison-tournament,1,3,3ec952d2a2a5,ccad97e70a54,p1,2,0,True
team-starlight-edison-tournament,1,4,f20bf30ac407,c21774e4bd94,p1,2,1,True
team-starlight-edison-tournament,1,5,851663e2fc3a,609dec379c6c,p1,2,0,True
team-starlight-edison-tournament,1,6,dbea0acdee60,06465b9e1c3d,p2,2,1,True
team-starlight-edison-tournament,1,7,2deb6e52c3b1,8e2112365a50,p1,2,1,True
team-starlight-edison-tournament,1,8,f798db65546f,5dfe59fad6a4,p2,2,1,True
team-starlight-edison-tournament,1,9,277b173e898f,a7e173ad990a,p1,2,1,True
team-starlight-edison-tournament,1,10,f7edb7490c89,90a9c536d980,p2,2,0,True
team-starlight-edison-tournament,1,11,ca803132009f,8a444438411e,p1,2,0,True
team-starlight-edison-tournament,1,12,fff1ef795a53,7bfe4e54ff1b,p1,2,1,True
team-starlight-edison-tournament,1,13,8f5475602a2c,a275a31593c7,p1,2,1,True
team-starlight-edison-tournament,1,14,d669b7acaa82,686036d489b5,p2,2,1,True
team-starlight-edison-tournament,1,15,6d3a11c4145f,d98992ea9348,p1,2,1,True
team-starlight-edison-tournament,1,16,b60cb66873f1,1dfea768dc56,p2,2,1,True
team-starlight-edison-tournament,1,17,3b5352073dee,3f3c29fcb868,p1,2,1,True
team-starlight-edison-tournament,1,18,e29e38e79971,7f5bee8f1d9d,p2,2,1,True
team-starlight-edison-tournament,1,19,3588f9c1bd60,004717499daa,p2,2,0,True
team-starlight-edison-tournament,1,20,8c5a57c21166,8ffaeed69be7,p1,2,0,True
team-starlight-edison-tournament,1,21,648adca59440,e5f02f448996,p2,2,1,True
team-starlight-edison-tournament,1,22,3be68bff702d,2984be9bb172,p2,2,1,True
team-starlight-edison-tournament,1,23,b5ce64218531,8c69971b0e33,p1,2,0,True
team-starlight-edison-tournament,1,24,9c88670ff3c5,efebc47a61ed,p2,2,1,True
team-starlight-edison-tournament,1,25,fdb342828484,5fc761cd39de,p1,2,1,True
team-starlight-edison-tournament,1,26,2d568aeaad27,8aebda5474d1,p2,2,1,True
team-starlight-edison-tournament,1,27,67f344667f04,004de0ccdaa7,p1,2,1,True
team-starlight-edison-tournament,1,28,d4b5d724694f,e10fb624865c,p2,2,0,True
team-starlight-edison-tournament,1,29,d93d38e316a0,622349ab41d2,p2,2,1,True
team-starlight-edison-tournament,1,30,e8b7d4fe1d2c,27574271ef6c,p1,2,1,True
team-starlight-edison-tournament,1,31,88e3bafd0c24,24db0cd59336,p1,2,1,True
team-starlight-edison-tournament,1,32,d1b30f3bee21,db7d1e06fa8d,p1,2,1,True
team-starlight-edison-tournament,1,33,082a57583f60,8d39e0991500,p1,2,1,True
team-starlight-edison-tournament,1,34,22313a925783,50785c641008,p1,2,1,True
team-starlight-edison-tournament,1,35,4910c8dee13d,fc3904ca59cd,p1,2,1,True
team-starlight-edison-tournament,1,36,dc5222c6170c,69d2b259b568,p1,2,0,True
team-starlight-edison-tournament,2,1,90a9c536d980,d1b30f3bee21,p2,2,1,True
team-starlight-edison-tournament,2,2,082a57583f60,004717499daa,p2,2,0,True
team-starlight-edison-tournament,2,3,88e3bafd0c24,22313a925783,p2,2,1,True
team-starlight-edison-tournament,2,4,2984be9bb172,3b5352073dee,p2,2,1,True
team-starlight-edison-tournament,2,5,e10fb624865c,f20bf30ac407,p2,2,1,True
team-starlight-edison-tournament,2,6,e8b7d4fe1d2c,7f5bee8f1d9d,p1,2,0,True
team-starlight-edison-tournament,2,7,8aebda5474d1,3ec952d2a2a5,p1,2,1,True
team-starlight-edison-tournament,2,8,2deb6e52c3b1,686036d489b5,p1,2,1,True
team-starlight-edison-tournament,2,9,fdb342828484,77ccc05d96bb,p1,2,1,True
team-starlight-edison-tournament,2,10,67f344667f04,622349ab41d2,p2,2,0,True
team-starlight-edison-tournament,2,11,4910c8dee13d,8f5475602a2c,p2,2,0,True
team-starlight-edison-tournament,2,12,06465b9e1c3d,277b173e898f,p1,2,1,True
team-starlight-edison-tournament,2,13,fff1ef795a53,784ad575322a,p1,2,1,True
team-starlight-edison-tournament,2,14,1dfea768dc56,5dfe59fad6a4,p2,2,0,True
team-starlight-edison-tournament,2,15,6d3a11c4145f,b5ce64218531,p2,2,1,True
team-starlight-edison-tournament,2,16,8c5a57c21166,851663e2fc3a,p2,2,0,True
team-starlight-edison-tournament,2,17,dc5222c6170c,ca803132009f,p2,2,0,True
team-starlight-edison-tournament,2,18,efebc47a61ed,e5f02f448996,p2,2,1,True
team-starlight-edison-tournament,2,19,f798db65546f,2d568aeaad27,p1,2,0,True
team-starlight-edison-tournament,2,20,24db0cd59336,d669b7acaa82,p2,2,1,True
team-starlight-edison-tournament,2,21,b60cb66873f1,d93d38e316a0,p2,2,0,True
team-starlight-edison-tournament,2,22,c21774e4bd94,db7d1e06fa8d,p2,2,1,True
team-starlight-edison-tournament,2,23,8ffaeed69be7,9c88670ff3c5,p2,2,1,True
team-starlight-edison-tournament,2,24,3588f9c1bd60,3c9577be63b0,p2,2,1,True
team-starlight-edison-tournament,2,25,609dec379c6c,dbea0acdee60,p2,2,1,True
team-starlight-edison-tournament,2,26,004de0ccdaa7,648adca59440,p2,2,1,True
team-starlight-edison-tournament,2,27,f7edb7490c89,8e2112365a50,p2,2,0,True
team-starlight-edison-tournament,2,28,3f3c29fcb868,ccad97e70a54,p1,2,0,True
team-starlight-edison-tournament,2,29,fc3904ca59cd,e29e38e79971,p1,2,1,True
team-starlight-edison-tournament,2,30,1f11d6641819,27574271ef6c,p2,2,1,True
team-starlight-edison-tournament,2,31,69d2b259b568,8d39e0991500,p2,2,1,True
team-starlight-edison-tournament,2,32,50785c641008,8c69971b0e33,p1,2,0,True
team-starlight-edison-tournament,2,33,d4b5d724694f,a275a31593c7,p2,2,1,True
team-starlight-edison-tournament,2,34,7bfe4e54ff1b,5fc761cd39de,p2,2,1,True
team-starlight-edison-tournament,2,35,3be68bff702d,8a444438411e,p2,2,1,True
team-starlight-edison-tournament,2,36,d98992ea9348,a7e173ad990a,p1,2,0,True
team-starlight-edison-tournament,3,1,d1b30f3bee21,ca803132009f,p2,2,1,True
team-starlight-edison-tournament,3,2,e5f02f448996,5dfe59fad6a4,p1,2,0,True
team-starlight-edison-tournament,3,3,e8b7d4fe1d2c,851663e2fc3a,p1,2,0,True
team-starlight-edison-tournament,3,4,fdb342828484,f20bf30ac407,p2,2,0,True
team-starlight-edison-tournament,3,5,8aebda5474d1,2deb6e52c3b1,p1,2,1,True
team-starlight-edison-tournament,3,6,3b5352073dee,b5ce64218531,p1,2,0,True
team-starlight-edison-tournament,3,7,06465b9e1c3d,8f5475602a2c,p2,2,1,True
team-starlight-edison-tournament,3,8,622349ab41d2,22313a925783,p2,2,1,True
team-starlight-edison-tournament,3,9,fff1ef795a53,004717499daa,p1,2,0,True
team-starlight-edison-tournament,3,10,d669b7acaa82,7f5bee8f1d9d,p2,2,1,True
team-starlight-edison-tournament,3,11,082a57583f60,686036d489b5,p2,2,1,True
team-starlight-edison-tournament,3,12,8d39e0991500,fc3904ca59cd,p2,2,1,True
team-starlight-edison-tournament,3,13,dbea0acdee60,e10fb624865c,p2,2,1,True
team-starlight-edison-tournament,3,14,3ec952d2a2a5,67f344667f04,p2,2,1,True
team-starlight-edison-tournament,3,15,9c88670ff3c5,db7d1e06fa8d,p1,2,1,True
team-starlight-edison-tournament,3,16,efebc47a61ed,648adca59440,p1,2,1,True
team-starlight-edison-tournament,3,17,dc5222c6170c,5fc761cd39de,p2,2,0,True
team-starlight-edison-tournament,3,18,8a444438411e,77ccc05d96bb,p2,2,1,True
team-starlight-edison-tournament,3,19,1dfea768dc56,277b173e898f,p1,2,0,True
team-starlight-edison-tournament,3,20,50785c641008,88e3bafd0c24,p1,2,1,True
team-starlight-edison-tournament,3,21,2984be9bb172,d93d38e316a0,p1,2,1,True
team-starlight-edison-tournament,3,22,6d3a11c4145f,8e2112365a50,p1,2,1,True
team-starlight-edison-tournament,3,23,784ad575322a,3f3c29fcb868,p1,2,1,True
team-starlight-edison-tournament,3,24,f798db65546f,8c5a57c21166,p1,2,0,True
team-starlight-edison-tournament,3,25,90a9c536d980,3c9577be63b0,p2,2,1,True
team-starlight-edison-tournament,3,26,a275a31593c7,4910c8dee13d,p1,2,0,True
team-starlight-edison-tournament,3,27,27574271ef6c,d98992ea9348,p2,2,0,True
team-starlight-edison-tournament,3,28,1f11d6641819,ccad97e70a54,p1,2,0,True
team-starlight-edison-tournament,3,29,b60cb66873f1,2d568aeaad27,p1,2,0,True
team-starlight-edison-tournament,3,30,8ffaeed69be7,3be68bff702d,p1,2,0,True
team-starlight-edison-tournament,3,31,7bfe4e54ff1b,69d2b259b568,p2,2,0,True
team-starlight-edison-tournament,3,32,8c69971b0e33,e29e38e79971,p2,2,0,True
team-starlight-edison-tournament,4,1,8f5475602a2c,e5f02f448996,p1,2,1,True
team-starlight-edison-tournament,4,2,8aebda5474d1,e8b7d4fe1d2c,p2,2,0,True
team-starlight-edison-tournament,4,3,f20bf30ac407,3b5352073dee,p2,2,1,True
team-starlight-edison-tournament,4,4,fff1ef795a53,ca803132009f,p1,2,1,True
team-starlight-edison-tournament,4,5,22313a925783,2984be9bb172,p2,2,1,True
team-starlight-edison-tournament,4,6,1dfea768dc56,fdb342828484,p1,2,1,True
team-starlight-edison-tournament,4,7,6d3a11c4145f,784ad575322a,p1,2,0,True
team-starlight-edison-tournament,4,8,e10fb624865c,f798db65546f,p2,2,0,True
team-starlight-edison-tournament,4,9,efebc47a61ed,3c9577be63b0,p1,2,0,True
team-starlight-edison-tournament,4,10,686036d489b5,622349ab41d2,p2,2,1,True
team-starlight-edison-tournament,4,11,77ccc05d96bb,5fc761cd39de,p2,2,1,True
team-starlight-edison-tournament,4,12,fc3904ca59cd,851663e2fc3a,p2,2,0,True
team-starlight-edison-tournament,4,13,004717499daa,b5ce64218531,p1,2,1,True
team-starlight-edison-tournament,4,14,d98992ea9348,67f344667f04,p1,2,1,True
team-starlight-edison-tournament,4,15,06465b9e1c3d,9c88670ff3c5,p1,2,0,True
team-starlight-edison-tournament,4,16,2deb6e52c3b1,7f5bee8f1d9d,p2,2,1,True
team-starlight-edison-tournament,4,17,a275a31593c7,5dfe59fad6a4,p1,2,0,True
team-starlight-edison-tournament,4,18,50785c641008,d1b30f3bee21,p2,2,1,True
team-starlight-edison-tournament,4,19,e29e38e79971,27574271ef6c,p2,2,1,True
team-starlight-edison-tournament,4,20,8ffaeed69be7,277b173e898f,p2,2,0,True
team-starlight-edison-tournament,4,21,88e3bafd0c24,69d2b259b568,p2,2,0,True
team-starlight-edison-tournament,4,22,90a9c536d980,082a57583f60,p2,2,0,True
team-starlight-edison-tournament,4,23,db7d1e06fa8d,648adca59440,p2,2,0,True
team-starlight-edison-tournament,4,24,8c5a57c21166,d93d38e316a0,p1,2,0,True
team-starlight-edison-tournament,4,25,dc5222c6170c,d669b7acaa82,p2,2,0,True
team-starlight-edison-tournament,4,26,b60cb66873f1,dbea0acdee60,p2,2,0,True
team-starlight-edison-tournament,4,27,8a444438411e,8d39e0991500,p1,2,0,True
team-starlight-edison-tournament,4,28,1f11d6641819,3f3c29fcb868,p2,2,1,True
team-starlight-edison-tournament,4,29,4910c8dee13d,ccad97e70a54,p1,2,0,True
team-starlight-edison-tournament,5,1,8f5475602a2c,3b5352073dee,p2,2,0,True
team-starlight-edison-tournament,5,2,fff1ef795a53,e8b7d4fe1d2c,p2,2,0,True
team-starlight-edison-tournament,5,3,622349ab41d2,d1b30f3bee21,p1,2,0,True
team-starlight-edison-tournament,5,4,8aebda5474d1,6d3a11c4145f,p2,2,1,True
team-starlight-edison-tournament,5,5,5fc761cd39de,7f5bee8f1d9d,p1,2,0,True
team-starlight-edison-tournament,5,6,f798db65546f,d98992ea9348,p2,2,1,True
team-starlight-edison-tournament,5,7,2984be9bb172,f20bf30ac407,p2,2,0,True
team-starlight-edison-tournament,5,8,a275a31593c7,1dfea768dc56,p1,2,0,True
team-starlight-edison-tournament,5,9,851663e2fc3a,004717499daa,p2,2,1,True
team-starlight-edison-tournament,5,10,22313a925783,e5f02f448996,p1,2,1,True
team-starlight-edison-tournament,5,11,06465b9e1c3d,efebc47a61ed,p1,2,1,True
team-starlight-edison-tournament,5,12,ca803132009f,686036d489b5,p1,2,1,True
team-starlight-edison-tournament,5,13,082a57583f60,69d2b259b568,p2,2,0,True
team-starlight-edison-tournament,5,14,2deb6e52c3b1,77ccc05d96bb,p1,2,0,True
team-starlight-edison-tournament,5,15,27574271ef6c,3f3c29fcb868,p1,2,0,True
team-starlight-edison-tournament,5,16,9c88670ff3c5,d669b7acaa82,p1,2,1,True
team-starlight-edison-tournament,5,17,3c9577be63b0,8c5a57c21166,p1,2,0,True
team-starlight-edison-tournament,5,18,5dfe59fad6a4,648adca59440,p2,2,0,True
team-starlight-edison-tournament,5,19,277b173e898f,784ad575322a,p1,2,1,True
team-starlight-edison-tournament,5,20,4910c8dee13d,fdb342828484,p1,2,0,True
team-starlight-edison-tournament,5,21,8a444438411e,e10fb624865c,p1,2,0,True
team-starlight-edison-tournament,5,22,dbea0acdee60,b5ce64218531,p1,2,1,True
team-starlight-edison-tournament,5,23,88e3bafd0c24,d93d38e316a0,p1,2,1,True
team-starlight-edison-tournament,5,24,dc5222c6170c,e29e38e79971,p2,2,0,True
team-starlight-edison-tournament,5,25,db7d1e06fa8d,90a9c536d980,p1,2,0,True
team-starlight-edison-tournament,6,1,3b5352073dee,e8b7d4fe1d2c,p2,2,1,True
team-starlight-edison-tournament,6,2,6d3a11c4145f,004717499daa,p1,2,0,True
team-starlight-edison-tournament,6,3,a275a31593c7,fff1ef795a53,p1,2,1,True
team-starlight-edison-tournament,6,4,f20bf30ac407,22313a925783,p1,2,0,True
team-starlight-edison-tournament,6,5,ca803132009f,5fc761cd39de,p1,2,1,True
team-starlight-edison-tournament,6,6,06465b9e1c3d,d98992ea9348,p1,2,0,True
team-starlight-edison-tournament,6,7,8f5475602a2c,622349ab41d2,p2,2,1,True
team-starlight-edison-tournament,6,8,e5f02f448996,dbea0acdee60,p2,2,1,True
team-starlight-edison-tournament,6,9,efebc47a61ed,277b173e898f,p1,2,0,True
team-starlight-edison-tournament,6,10,3c9577be63b0,27574271ef6c,p2,2,0,True
team-starlight-edison-tournament,6,11,648adca59440,2deb6e52c3b1,p2,2,1,True
team-starlight-edison-tournament,6,12,d1b30f3bee21,2984be9bb172,p2,2,0,True
team-starlight-edison-tournament,6,13,851663e2fc3a,1dfea768dc56,p2,2,1,True
team-starlight-edison-tournament,6,14,8a444438411e,69d2b259b568,p1,2,0,True
team-starlight-edison-tournament,6,15,4910c8dee13d,f798db65546f,p2,2,0,True
team-starlight-edison-tournament,6,16,8aebda5474d1,9c88670ff3c5,p2,2,0,True
team-starlight-edison-tournament,6,17,686036d489b5,b5ce64218531,p1,2,0,True
team-starlight-edison-tournament,6,18,3f3c29fcb868,e29e38e79971,p2,2,0,True
team-starlight-edison-tournament,6,19,8c5a57c21166,88e3bafd0c24,p2,2,1,True
team-starlight-edison-tournament,6,20,db7d1e06fa8d,fdb342828484,p2,2,1,True
team-starlight-edison-tournament,7,1,e8b7d4fe1d2c,a275a31593c7,p2,2,1,True
team-starlight-edison-tournament,7,2,06465b9e1c3d,6d3a11c4145f,p1,2,0,True
team-starlight-edison-tournament,7,3,622349ab41d2,f20bf30ac407,p1,2,1,True
team-starlight-edison-tournament,7,4,ca803132009f,3b5352073dee,p1,2,1,True
team-starlight-edison-tournament,7,5,8a444438411e,2984be9bb172,p1,2,0,True
team-starlight-edison-tournament,7,6,efebc47a61ed,dbea0acdee60,p2,2,0,True
team-starlight-edison-tournament,7,7,9c88670ff3c5,f798db65546f,p1,2,0,True
team-starlight-edison-tournament,7,8,5fc761cd39de,fff1ef795a53,p1,2,0,True
team-starlight-edison-tournament,7,9,1dfea768dc56,22313a925783,p2,2,0,True
team-starlight-edison-tournament,7,10,004717499daa,27574271ef6c,p1,2,0,True
team-starlight-edison-tournament,7,11,8f5475602a2c,2deb6e52c3b1,p1,2,1,True
team-starlight-edison-tournament,7,12,d98992ea9348,3c9577be63b0,p1,2,1,True
team-starlight-edison-tournament,7,13,88e3bafd0c24,d1b30f3bee21,p1,2,0,True
team-starlight-edison-tournament,7,14,e5f02f448996,4910c8dee13d,draw,,,True
team-starlight-edison-tournament,7,15,686036d489b5,69d2b259b568,draw,,,True
team-starlight-edison-tournament,7,16,648adca59440,8aebda5474d1,p1,2,1,True
team-starlight-edison-tournament,7,17,851663e2fc3a,db7d1e06fa8d,p2,2,0,True
team-starlight-edison-tournament,7,18,8c5a57c21166,3f3c29fcb868,p1,2,0,True
team-starlight-edison-tournament,Finals,1,22313a925783,e8b7d4fe1d2c,p1,2,1,True
team-starlight-edison-tournament,Top 4,1,22313a925783,622349ab41d2,p1,2,1,True
team-starlight-edison-tournament,Top 4,2,e8b7d4fe1d2c,ca803132009f,p1,2,0,True
team-starlight-edison-tournament,Top 8,1,06465b9e1c3d,22313a925783,p2,2,1,True
team-starlight-edison-tournament,Top 8,2,a275a31593c7,622349ab41d2,p2,2,1,True
team-starlight-edison-tournament,Top 8,3,ca803132009f,8f5475602a2c,p1,2,0,True
team-starlight-edison-tournament,Top 8,4,e8b7d4fe1d2c,3b5352073dee,p1,2,1,True
edison-srbija-3,1,1,aa6d58ed8175,0ea56565671c,p2,2,0,False
edison-srbija-3,1,2,aec2277ada32,cbd8cd21c08b,p1,2,0,False
edison-srbija-3,1,3,c3451601fc2a,440287a24325,p1,2,0,False
edison-srbija-3,1,4,cbc5ba4badad,3a8106e1e3d1,p2,1,0,False
edison-srbija-3,1,5,555316e22a46,81acaab40d40,p1,2,0,False
edison-srbija-3,1,6,c26bd8046485,7876e0489e0f,p2,2,0,False
edison-srbija-3,1,7,de8fcbe321fa,bba8aa70d5a5,p1,2,1,False
edison-srbija-3,1,8,1dfb10e2ee32,0296c419a76f,p1,2,0,False
edison-srbija-3,1,9,3155369103a4,9076c0ff4542,p2,2,1,False
edison-srbija-3,1,10,3291dd488bbc,c18dd0223f6c,p1,2,1,False
edison-srbija-3,1,11,89617f6cfac1,eb39a13b2724,p2,2,1,False
edison-srbija-3,1,12,6f9a1aa2c76d,a03134ae9f73,p2,2,1,False
edison-srbija-3,1,13,9442d19a6eec,b36940a404f6,p1,2,0,False
edison-srbija-3,1,14,0d10c104720e,074a44c7e876,p2,2,0,False
edison-srbija-3,2,1,3a8106e1e3d1,eb39a13b2724,p1,2,0,False
edison-srbija-3,2,2,9076c0ff4542,aec2277ada32,p2,2,1,False
edison-srbija-3,2,3,3291dd488bbc,0ea56565671c,p2,2,1,False
edison-srbija-3,2,4,074a44c7e876,9442d19a6eec,p1,2,0,False
edison-srbija-3,2,5,555316e22a46,7876e0489e0f,p2,2,0,False
edison-srbija-3,2,6,1dfb10e2ee32,a03134ae9f73,p1,2,1,False
edison-srbija-3,2,7,c3451601fc2a,de8fcbe321fa,p2,2,1,False
edison-srbija-3,2,8,b36940a404f6,c18dd0223f6c,p1,2,0,False
edison-srbija-3,2,9,cbd8cd21c08b,6f9a1aa2c76d,p2,2,0,False
edison-srbija-3,2,10,440287a24325,aa6d58ed8175,p2,2,0,False
edison-srbija-3,2,11,bba8aa70d5a5,0296c419a76f,p1,2,0,False
edison-srbija-3,2,12,81acaab40d40,0d10c104720e,p1,2,0,False
edison-srbija-3,2,13,89617f6cfac1,c26bd8046485,p1,2,1,False
edison-srbija-3,2,14,cbc5ba4badad,3155369103a4,p2,2,0,False
edison-srbija-3,3,1,074a44c7e876,aec2277ada32,p2,2,0,False
edison-srbija-3,3,2,de8fcbe321fa,0ea56565671c,p1,2,0,False
edison-srbija-3,3,3,7876e0489e0f,1dfb10e2ee32,p1,2,1,False
edison-srbija-3,3,4,3a8106e1e3d1,89617f6cfac1,p2,2,1,False
edison-srbija-3,3,5,eb39a13b2724,b36940a404f6,p2,2,0,False
edison-srbija-3,3,6,aa6d58ed8175,a03134ae9f73,p1,2,0,False
edison-srbija-3,3,7,bba8aa70d5a5,555316e22a46,p2,2,1,False
edison-srbija-3,3,8,c3451601fc2a,6f9a1aa2c76d,p1,2,0,False
edison-srbija-3,3,9,3155369103a4,81acaab40d40,p1,2,1,False
edison-srbija-3,3,10,9076c0ff4542,9442d19a6eec,p2,2,1,False
edison-srbija-3,3,11,3291dd488bbc,cbc5ba4badad,p2,2,1,False
edison-srbija-3,3,12,0296c419a76f,c26bd8046485,p1,2,0,False
edison-srbija-3,3,13,c18dd0223f6c,0d10c104720e,p1,2,0,False
edison-srbija-3,3,14,440287a24325,cbd8cd21c08b,p2,2,0,False
edison-srbija-3,4,1,7876e0489e0f,aec2277ada32,p2,2,0,False
edison-srbija-3,4,2,de8fcbe321fa,1dfb10e2ee32,p1,2,0,False
edison-srbija-3,4,3,3155369103a4,074a44c7e876,p1,2,0,False
edison-srbija-3,4,4,89617f6cfac1,9442d19a6eec,p2,2,0,False
edison-srbija-3,4,5,0ea56565671c,555316e22a46,p2,2,1,False
edison-srbija-3,4,6,aa6d58ed8175,3a8106e1e3d1,p1,2,0,False
edison-srbija-3,4,7,c3451601fc2a,b36940a404f6,p2,2,1,False
edison-srbija-3,4,8,0296c419a76f,c18dd0223f6c,p2,2,1,False
edison-srbija-3,4,9,a03134ae9f73,bba8aa70d5a5,p1,2,1,False
edison-srbija-3,4,10,cbc5ba4badad,9076c0ff4542,p2,2,0,False
edison-srbija-3,4,11,81acaab40d40,eb39a13b2724,p2,2,1,False
edison-srbija-3,4,12,3291dd488bbc,cbd8cd21c08b,p1,2,0,False
edison-srbija-3,4,13,0d10c104720e,440287a24325,p1,2,1,False
edison-srbija-3,5,1,aec2277ada32,de8fcbe321fa,p2,2,1,False
edison-srbija-3,5,2,b36940a404f6,aa6d58ed8175,p1,2,1,False
edison-srbija-3,5,3,9442d19a6eec,7876e0489e0f,p1,2,1,False
edison-srbija-3,5,4,3155369103a4,555316e22a46,p2,2,0,False
edison-srbija-3,5,5,9076c0ff4542,0ea56565671c,p2,2,1,False
edison-srbija-3,5,6,c18dd0223f6c,89617f6cfac1,p2,2,0,False
edison-srbija-3,5,7,c3451601fc2a,3a8106e1e3d1,p2,2,0,False
edison-srbija-3,5,8,eb39a13b2724,1dfb10e2ee32,p2,2,0,False
edison-srbija-3,5,9,074a44c7e876,3291dd488bbc,p2,2,1,False
edison-srbija-3,5,10,a03134ae9f73,0d10c104720e,p1,2,0,False
edison-srbija-3,5,11,cbc5ba4badad,0296c419a76f,p1,2,1,False
edison-srbija-3,5,12,bba8aa70d5a5,cbd8cd21c08b,p1,2,0,False
edison-srbija-3,5,13,81acaab40d40,440287a24325,p1,2,0,False
edison-srbija-3,Top 4,1,de8fcbe321fa,555316e22a46,draw,,,False
edison-srbija-3,Top 4,2,9442d19a6eec,aec2277ada32,draw,,,False
poyo-weekly-4-723,1,1,8712b3365d85,6b20d6889c27,p2,2,1,False
poyo-weekly-4-723,1,2,e82d7d02189d,35f9379205a2,p1,2,0,False
poyo-weekly-4-723,1,3,104ed1396046,7f15a76b7061,p1,2,0,False
poyo-weekly-4-723,2,1,6b20d6889c27,e82d7d02189d,p2,2,0,False
poyo-weekly-4-723,2,2,104ed1396046,35f9379205a2,p2,2,0,False
poyo-weekly-4-723,2,3,8712b3365d85,7f15a76b7061,p1,2,0,False
poyo-weekly-4-723,3,1,e82d7d02189d,8712b3365d85,p2,2,0,False
poyo-weekly-4-723,3,2,6b20d6889c27,104ed1396046,p1,2,0,False
poyo-weekly-4-723,3,3,35f9379205a2,7f15a76b7061,p1,2,0,False
poyo-weekly-3-776,1,1,e82d7d02189d,8712b3365d85,p2,2,1,False
poyo-weekly-3-776,1,2,6b20d6889c27,104ed1396046,p2,2,0,False
poyo-weekly-3-776,1,3,7f15a76b7061,35f9379205a2,p2,2,1,False
poyo-weekly-3-776,2,1,104ed1396046,35f9379205a2,p1,2,0,False
poyo-weekly-3-776,2,2,8712b3365d85,6b20d6889c27,p2,2,1,False
poyo-weekly-3-776,2,3,7f15a76b7061,e82d7d02189d,p2,2,0,False
poyo-weekly-3-776,3,1,104ed1396046,8712b3365d85,p2,2,0,False
poyo-weekly-3-776,3,2,e82d7d02189d,35f9379205a2,p2,2,1,False
poyo-weekly-3-776,3,3,6b20d6889c27,7f15a76b7061,draw,,,False
edison-league-locals-week-10,1,1,2da8de829966,f7e42b2639ee,p1,2,0,False
edison-league-locals-week-10,1,2,69d3e00878ed,27da43677430,p2,2,1,False
edison-league-locals-week-10,1,3,906b825905ad,29b386c1c224,p1,2,1,False
edison-league-locals-week-10,1,4,be2f9b4f46b2,8dfb26fdaad4,p2,2,0,False
edison-league-locals-week-10,1,5,dc26f495d5ea,de83aa3cbb2c,p2,2,1,False
edison-league-locals-week-10,1,6,1ba99f02ad4e,7c69072ad0cb,p2,2,1,False
edison-league-locals-week-10,1,7,8883c67b7383,1878d6cb3e7c,p2,2,0,False
edison-league-locals-week-10,2,1,1878d6cb3e7c,8dfb26fdaad4,p2,2,0,False
edison-league-locals-week-10,2,2,27da43677430,2da8de829966,p1,2,0,False
edison-league-locals-week-10,2,3,906b825905ad,7c69072ad0cb,p2,2,1,False
edison-league-locals-week-10,2,4,de83aa3cbb2c,be2f9b4f46b2,p1,2,0,False
edison-league-locals-week-10,2,5,29b386c1c224,1ba99f02ad4e,p1,2,0,False
edison-league-locals-week-10,2,6,f7e42b2639ee,dc26f495d5ea,p2,2,0,False
edison-league-locals-week-10,2,7,8883c67b7383,69d3e00878ed,p2,2,1,False
edison-league-locals-week-10,3,1,27da43677430,8dfb26fdaad4,p2,2,0,False
edison-league-locals-week-10,3,2,de83aa3cbb2c,7c69072ad0cb,p1,2,1,False
edison-league-locals-week-10,3,3,69d3e00878ed,1878d6cb3e7c,p1,2,1,False
edison-league-locals-week-10,3,4,906b825905ad,2da8de829966,p1,2,1,False
edison-league-locals-week-10,3,5,29b386c1c224,dc26f495d5ea,p1,2,0,False
edison-league-locals-week-10,3,6,8883c67b7383,be2f9b4f46b2,p2,2,0,False
edison-league-locals-week-10,4,1,8dfb26fdaad4,de83aa3cbb2c,p1,2,1,False
edison-league-locals-week-10,4,2,27da43677430,29b386c1c224,p2,2,0,False
edison-league-locals-week-10,4,3,69d3e00878ed,906b825905ad,p1,2,0,False
edison-league-locals-week-10,4,4,7c69072ad0cb,1878d6cb3e7c,p1,2,1,False
edison-league-locals-week-10,4,5,dc26f495d5ea,1ba99f02ad4e,p1,2,1,False
edison-league-locals-week-10,4,6,2da8de829966,be2f9b4f46b2,p1,2,1,False
poyo-weekly-2-264,1,1,104ed1396046,9da56f40a898,p1,2,1,False
poyo-weekly-2-264,1,2,5a92e077d22d,6b20d6889c27,p1,2,1,False
poyo-weekly-2-264,1,3,7f15a76b7061,8712b3365d85,p2,2,0,False
poyo-weekly-2-264,2,1,5a92e077d22d,35f9379205a2,p1,2,0,False
poyo-weekly-2-264,2,2,8712b3365d85,104ed1396046,p2,2,0,False
poyo-weekly-2-264,2,3,9da56f40a898,7f15a76b7061,p1,2,0,False
poyo-weekly-2-264,3,1,5a92e077d22d,104ed1396046,p1,2,1,False
poyo-weekly-2-264,3,2,6b20d6889c27,8712b3365d85,p2,2,0,False
poyo-weekly-2-264,3,3,35f9379205a2,9da56f40a898,p2,2,0,False
poyo-monthly-2,1,1,932fe894df4b,e36ee64542d7,p2,2,1,False
poyo-monthly-2,1,2,8712b3365d85,104ed1396046,p2,2,0,False
poyo-monthly-2,1,3,7f15a76b7061,35f9379205a2,p2,2,1,False
poyo-monthly-2,1,4,5a92e077d22d,9da56f40a898,p2,2,1,False
poyo-monthly-2,2,1,6b20d6889c27,104ed1396046,p1,2,0,False
poyo-monthly-2,2,2,e36ee64542d7,35f9379205a2,p1,2,1,False
poyo-monthly-2,2,3,9da56f40a898,8712b3365d85,p1,2,1,False
poyo-monthly-2,2,4,7f15a76b7061,932fe894df4b,p2,2,1,False
poyo-monthly-2,3,1,e36ee64542d7,6b20d6889c27,p1,2,1,False
poyo-monthly-2,3,2,9da56f40a898,932fe894df4b,p1,2,1,False
poyo-monthly-2,3,3,5a92e077d22d,104ed1396046,p2,2,0,False
poyo-monthly-2,3,4,35f9379205a2,8712b3365d85,p2,2,0,False
poyo-monthly-2,4,1,9da56f40a898,e36ee64542d7,p2,2,1,False
poyo-monthly-2,4,2,104ed1396046,7f15a76b7061,p1,2,0,False
poyo-monthly-2,4,3,6b20d6889c27,932fe894df4b,p1,2,1,False
poyo-monthly-2,4,4,8712b3365d85,5a92e077d22d,p1,2,0,False
poyo-monthly-2,Finals,1,e36ee64542d7,9da56f40a898,p2,2,0,False
poyo-monthly-2,Top 4,1,e36ee64542d7,104ed1396046,p1,2,0,False
poyo-monthly-2,Top 4,2,6b20d6889c27,9da56f40a898,p2,2,1,False
edison-league-locals-week-9,1,1,34c4ffbdfbd5,0b0e9f275c1f,p1,2,1,False
edison-league-locals-week-9,1,2,c0701e87069b,8dfb26fdaad4,p1,2,1,False
edison-league-locals-week-9,1,3,a3fb318078a3,7c69072ad0cb,p2,2,0,False
edison-league-locals-week-9,1,4,c142d3dd3ca2,29b386c1c224,p2,2,0,False
edison-league-locals-week-9,1,5,9f34671a13f2,6fc913d51d98,p1,2,0,False
edison-league-locals-week-9,1,6,27da43677430,35b87827fc56,p1,2,0,False
edison-league-locals-week-9,1,7,f748d6454ea2,69d3e00878ed,p1,2,1,False
edison-league-locals-week-9,1,8,be2f9b4f46b2,dc26f495d5ea,p2,2,1,False
edison-league-locals-week-9,2,1,7c69072ad0cb,dc26f495d5ea,p1,2,0,False
edison-league-locals-week-9,2,2,c0701e87069b,29b386c1c224,p2,2,0,False
edison-league-locals-week-9,2,3,34c4ffbdfbd5,27da43677430,p1,2,1,False
edison-league-locals-week-9,2,4,9f34671a13f2,f748d6454ea2,p1,2,1,False
edison-league-locals-week-9,2,5,be2f9b4f46b2,a3fb318078a3,p2,2,0,False
edison-league-locals-week-9,2,6,6fc913d51d98,0b0e9f275c1f,p1,2,1,False
edison-league-locals-week-9,2,7,35b87827fc56,c142d3dd3ca2,p1,2,0,False
edison-league-locals-week-9,2,8,8dfb26fdaad4,69d3e00878ed,p2,2,1,False
edison-league-locals-week-9,3,1,34c4ffbdfbd5,9f34671a13f2,p2,2,0,False
edison-league-locals-week-9,3,2,29b386c1c224,7c69072ad0cb,p1,2,1,False
edison-league-locals-week-9,3,3,27da43677430,a3fb318078a3,p2,2,1,False
edison-league-locals-week-9,3,4,35b87827fc56,dc26f495d5ea,p2,2,1,False
edison-league-locals-week-9,3,5,69d3e00878ed,6fc913d51d98,p1,2,1,False
edison-league-locals-week-9,3,6,f748d6454ea2,c0701e87069b,p2,2,1,False
edison-league-locals-week-9,3,7,be2f9b4f46b2,c142d3dd3ca2,p2,2,1,False
edison-league-locals-week-9,3,8,0b0e9f275c1f,8dfb26fdaad4,p1,2,0,False
edison-league-locals-week-9,4,1,9f34671a13f2,29b386c1c224,p2,2,1,False
edison-league-locals-week-9,4,2,34c4ffbdfbd5,dc26f495d5ea,p2,2,0,False
edison-league-locals-week-9,4,3,c0701e87069b,7c69072ad0cb,p2,2,1,False
edison-league-locals-week-9,4,4,69d3e00878ed,a3fb318078a3,p1,2,0,False
edison-league-locals-week-9,4,5,27da43677430,c142d3dd3ca2,p2,2,1,False
edison-league-locals-week-9,4,6,35b87827fc56,0b0e9f275c1f,p1,2,0,False
edison-league-locals-week-9,4,7,f748d6454ea2,be2f9b4f46b2,p2,2,0,False
8-man-pod-edison-17,Finals,1,76de672124da,9e63b9c589bb,p2,2,0,False
8-man-pod-edison-17,Top 4,1,003abd0ffcde,76de672124da,p2,2,1,False
8-man-pod-edison-17,Top 4,2,0a24a642b178,9e63b9c589bb,p2,2,1,False
8-man-pod-edison-17,Top 8,1,41252e95b9bf,003abd0ffcde,p2,2,0,False
8-man-pod-edison-17,Top 8,2,65ec78830e13,76de672124da,p2,2,1,False
8-man-pod-edison-17,Top 8,3,16c597ed9752,9e63b9c589bb,p2,2,0,False
8-man-pod-edison-17,Top 8,4,0a24a642b178,b890a2f26396,p1,2,1,False
8-man-pod-edison-20,Finals,1,986e18f11191,238837af5dae,p2,2,1,False
8-man-pod-edison-20,Top 4,1,986e18f11191,a5affee7000d,p1,2,1,False
8-man-pod-edison-20,Top 4,2,de2725ffa36a,238837af5dae,p2,2,1,False
8-man-pod-edison-20,Top 8,1,986e18f11191,6e24dec7fd38,p1,2,1,False
8-man-pod-edison-20,Top 8,2,a5affee7000d,42980da7f6fe,p1,2,1,False
8-man-pod-edison-20,Top 8,3,dc1e5eef9264,238837af5dae,p2,2,0,False
8-man-pod-edison-20,Top 8,4,5c4a9fe28548,de2725ffa36a,p2,2,0,False
retro-reborn-circuit-day-2-toledo-edison,1,1,485b7fb16f5a,a811b0b754ec,p2,2,0,True
retro-reborn-circuit-day-2-toledo-edison,1,2,0e5bdeef3a40,15852732052c,p1,2,1,True
retro-reborn-circuit-day-2-toledo-edison,1,3,55436152ef2e,243e1ea3f2fa,p1,2,1,True
retro-reborn-circuit-day-2-toledo-edison,1,4,34c4ffbdfbd5,fa8f3e2419ec,p2,2,0,True
retro-reborn-circuit-day-2-toledo-edison,1,5,a33c2c458b28,5a1fc49e132b,p2,2,0,True
retro-reborn-circuit-day-2-toledo-edison,1,6,be2f9b4f46b2,0c1ef7eeed06,p2,2,1,True
retro-reborn-circuit-day-2-toledo-edison,1,7,8883c67b7383,0c09816754a2,p2,2,0,True
retro-reborn-circuit-day-2-toledo-edison,1,8,4fed865dd939,9e333381d5a4,p1,2,1,True
retro-reborn-circuit-day-2-toledo-edison,1,9,ca6a093c7cab,f914bc3ca420,p1,2,0,True
retro-reborn-circuit-day-2-toledo-edison,1,10,f663252e1e61,c7009eff338a,p2,2,0,True
retro-reborn-circuit-day-2-toledo-edison,1,11,d84e8be823a6,d18bbcc28cd3,p2,2,0,True
retro-reborn-circuit-day-2-toledo-edison,1,12,3420fbce5e2e,97bc90e7e5e5,p1,2,1,True
retro-reborn-circuit-day-2-toledo-edison,1,13,56ab2632a919,3a32f29ade79,p1,2,1,True
retro-reborn-circuit-day-2-toledo-edison,1,14,c7016dfb5074,c8be631c9714,p2,2,1,True
retro-reborn-circuit-day-2-toledo-edison,1,15,0a72ad698f9b,e96d9bdfcc60,p1,2,0,True
retro-reborn-circuit-day-2-toledo-edison,1,16,954a01b0d41b,19db6c7b96ad,p1,2,0,True
retro-reborn-circuit-day-2-toledo-edison,1,17,0735be36cad1,c272b2ce6aa7,p1,2,1,True
retro-reborn-circuit-day-2-toledo-edison,1,18,0edf28b0ea46,7879a7c7c29e,p1,2,1,True
retro-reborn-circuit-day-2-toledo-edison,1,19,e53799904a2b,20f437348cad,p1,2,0,True
retro-reborn-circuit-day-2-toledo-edison,1,20,87192410d0d1,282d8a789859,p2,2,1,True
retro-reborn-circuit-day-2-toledo-edison,1,21,62719e683e9e,6d5fdd6f0987,p1,2,1,True
retro-reborn-circuit-day-2-toledo-edison,1,22,4eccf38d3c04,ad0b25cc0d86,p2,2,0,True
retro-reborn-circuit-day-2-toledo-edison,1,23,a44aab4b8301,2ee1568b8c48,p2,2,1,True
retro-reborn-circuit-day-2-toledo-edison,1,24,b6712ce9efbc,13b1a0f56e8b,p2,2,1,True
retro-reborn-circuit-day-2-toledo-edison,1,25,124c0aa52e64,ab9c9dd2b88b,p1,2,0,True
retro-reborn-circuit-day-2-toledo-edison,1,26,a32b3e43c482,ed4232140b55,p1,2,1,True
retro-reborn-circuit-day-2-toledo-edison,2,1,0edf28b0ea46,fa8f3e2419ec,p1,2,1,True
retro-reborn-circuit-day-2-toledo-edison,2,2,282d8a789859,55436152ef2e,p1,2,1,True
retro-reborn-circuit-day-2-toledo-edison,2,3,0e5bdeef3a40,71bed0a4736b,p2,2,1,True
retro-reborn-circuit-day-2-toledo-edison,2,4,62719e683e9e,ca6a093c7cab,p1,2,1,True
retro-reborn-circuit-day-2-toledo-edison,2,5,954a01b0d41b,e53799904a2b,p1,2,1,True
retro-reborn-circuit-day-2-toledo-edison,2,6,0c1ef7eeed06,2ee1568b8c48,p1,2,1,True
retro-reborn-circuit-day-2-toledo-edison,2,7,a811b0b754ec,c7009eff338a,p2,2,1,True
retro-reborn-circuit-day-2-toledo-edison,2,8,0735be36cad1,c8be631c9714,p2,2,1,True
retro-reborn-circuit-day-2-toledo-edison,2,9,13b1a0f56e8b,d18bbcc28cd3,p1,2,1,True
retro-reborn-circuit-day-2-toledo-edison,2,10,56ab2632a919,5a1fc49e132b,p2,2,0,True
retro-reborn-circuit-day-2-toledo-edison,2,11,a32b3e43c482,124c0aa52e64,p1,2,1,True
retro-reborn-circuit-day-2-toledo-edison,2,12,3420fbce5e2e,ad0b25cc0d86,p1,2,1,True
retro-reborn-circuit-day-2-toledo-edison,2,13,0c09816754a2,4fed865dd939,p1,2,0,True
retro-reborn-circuit-day-2-toledo-edison,2,14,0a72ad698f9b,b6712ce9efbc,p1,2,0,True
retro-reborn-circuit-day-2-toledo-edison,2,15,15852732052c,19db6c7b96ad,p1,2,1,True
retro-reborn-circuit-day-2-toledo-edison,2,16,a33c2c458b28,485b7fb16f5a,p1,2,0,True
retro-reborn-circuit-day-2-toledo-edison,2,17,be2f9b4f46b2,c272b2ce6aa7,p2,2,0,True
retro-reborn-circuit-day-2-toledo-edison,2,18,e96d9bdfcc60,8883c67b7383,p2,2,1,True
retro-reborn-circuit-day-2-toledo-edison,2,19,9e333381d5a4,c7016dfb5074,p2,2,1,True
retro-reborn-circuit-day-2-toledo-edison,2,20,a44aab4b8301,f663252e1e61,p1,2,1,True
retro-reborn-circuit-day-2-toledo-edison,2,21,97bc90e7e5e5,d84e8be823a6,p2,2,1,True
retro-reborn-circuit-day-2-toledo-edison,2,22,4eccf38d3c04,ab9c9dd2b88b,p1,2,0,True
retro-reborn-circuit-day-2-toledo-edison,2,23,f914bc3ca420,3a32f29ade79,p2,2,0,True
retro-reborn-circuit-day-2-toledo-edison,2,24,20f437348cad,87192410d0d1,p1,2,1,True
retro-reborn-circuit-day-2-toledo-edison,2,25,6d5fdd6f0987,ed4232140b55,p1,2,1,True
retro-reborn-circuit-day-2-toledo-edison,2,26,7879a7c7c29e,243e1ea3f2fa,p1,2,0,True
retro-reborn-circuit-day-2-toledo-edison,3,1,954a01b0d41b,71bed0a4736b,p2,2,0,True
retro-reborn-circuit-day-2-toledo-edison,3,2,13b1a0f56e8b,0a72ad698f9b,p1,2,1,True
retro-reborn-circuit-day-2-toledo-edison,3,3,5a1fc49e132b,3420fbce5e2e,p1,2,1,True
retro-reborn-circuit-day-2-toledo-edison,3,4,0edf28b0ea46,0c1ef7eeed06,p2,2,1,True
retro-reborn-circuit-day-2-toledo-edison,3,5,a32b3e43c482,c8be631c9714,p2,2,1,True
retro-reborn-circuit-day-2-toledo-edison,3,6,62719e683e9e,0c09816754a2,p1,2,0,True
retro-reborn-circuit-day-2-toledo-edison,3,7,282d8a789859,c7009eff338a,p1,2,1,True
retro-reborn-circuit-day-2-toledo-edison,3,8,0735be36cad1,4fed865dd939,p2,2,1,True
retro-reborn-circuit-day-2-toledo-edison,3,9,d84e8be823a6,2ee1568b8c48,p2,2,1,True
retro-reborn-circuit-day-2-toledo-edison,3,10,c272b2ce6aa7,ca6a093c7cab,p1,2,0,True
retro-reborn-circuit-day-2-toledo-edison,3,11,56ab2632a919,0e5bdeef3a40,p1,2,0,True
retro-reborn-circuit-day-2-toledo-edison,3,12,a44aab4b8301,4eccf38d3c04,p1,2,1,True
retro-reborn-circuit-day-2-toledo-edison,3,13,a811b0b754ec,ad0b25cc0d86,p2,2,1,True
retro-reborn-circuit-day-2-toledo-edison,3,14,c7016dfb5074,3a32f29ade79,p1,2,0,True
retro-reborn-circuit-day-2-toledo-edison,3,15,e53799904a2b,a33c2c458b28,p1,2,1,True
retro-reborn-circuit-day-2-toledo-edison,3,16,124c0aa52e64,fa8f3e2419ec,p2,2,0,True
retro-reborn-circuit-day-2-toledo-edison,3,17,55436152ef2e,8883c67b7383,p2,2,1,True
retro-reborn-circuit-day-2-toledo-edison,3,18,6d5fdd6f0987,7879a7c7c29e,p1,2,1,True
retro-reborn-circuit-day-2-toledo-edison,3,19,d18bbcc28cd3,15852732052c,p2,2,0,True
retro-reborn-circuit-day-2-toledo-edison,3,20,20f437348cad,ed4232140b55,p1,2,0,True
retro-reborn-circuit-day-2-toledo-edison,3,21,87192410d0d1,485b7fb16f5a,p2,2,0,True
retro-reborn-circuit-day-2-toledo-edison,3,22,f663252e1e61,97bc90e7e5e5,p1,2,1,True
retro-reborn-circuit-day-2-toledo-edison,3,23,be2f9b4f46b2,b6712ce9efbc,p1,2,1,True
retro-reborn-circuit-day-2-toledo-edison,4,1,62719e683e9e,0c1ef7eeed06,p2,2,1,True
retro-reborn-circuit-day-2-toledo-edison,4,2,71bed0a4736b,282d8a789859,p2,2,0,True
retro-reborn-circuit-day-2-toledo-edison,4,3,c8be631c9714,13b1a0f56e8b,p2,2,1,True
retro-reborn-circuit-day-2-toledo-edison,4,4,5a1fc49e132b,0a72ad698f9b,p2,2,1,True
retro-reborn-circuit-day-2-toledo-edison,4,5,56ab2632a919,a44aab4b8301,p1,2,1,True
retro-reborn-circuit-day-2-toledo-edison,4,6,c7016dfb5074,e53799904a2b,p1,2,1,True
retro-reborn-circuit-day-2-toledo-edison,4,7,8883c67b7383,c272b2ce6aa7,p2,2,0,True
retro-reborn-circuit-day-2-toledo-edison,4,8,4fed865dd939,6d5fdd6f0987,p2,2,1,True
retro-reborn-circuit-day-2-toledo-edison,4,9,954a01b0d41b,15852732052c,p1,2,1,True
retro-reborn-circuit-day-2-toledo-edison,4,10,ad0b25cc0d86,0edf28b0ea46,p1,2,1,True
retro-reborn-circuit-day-2-toledo-edison,4,11,3420fbce5e2e,a32b3e43c482,p2,2,1,True
retro-reborn-circuit-day-2-toledo-edison,4,12,0c09816754a2,20f437348cad,p1,2,1,True
retro-reborn-circuit-day-2-toledo-edison,4,13,2ee1568b8c48,fa8f3e2419ec,p1,2,1,True
retro-reborn-circuit-day-2-toledo-edison,4,14,c7009eff338a,55436152ef2e,p1,2,0,True
retro-reborn-circuit-day-2-toledo-edison,4,15,f663252e1e61,0735be36cad1,p2,2,0,True
retro-reborn-circuit-day-2-toledo-edison,4,16,a811b0b754ec,3a32f29ade79,p2,2,1,True
retro-reborn-circuit-day-2-toledo-edison,4,17,0e5bdeef3a40,7879a7c7c29e,p2,2,0,True
retro-reborn-circuit-day-2-toledo-edison,4,18,be2f9b4f46b2,a33c2c458b28,p2,2,1,True
retro-reborn-circuit-day-2-toledo-edison,4,19,d84e8be823a6,485b7fb16f5a,p1,2,0,True
retro-reborn-circuit-day-2-toledo-edison,4,20,243e1ea3f2fa,4eccf38d3c04,p1,2,1,True
retro-reborn-circuit-day-2-toledo-edison,4,21,ca6a093c7cab,124c0aa52e64,p1,2,0,True
retro-reborn-circuit-day-2-toledo-edison,4,22,ed4232140b55,87192410d0d1,p2,2,1,True
retro-reborn-circuit-day-2-toledo-edison,5,1,13b1a0f56e8b,282d8a789859,p1,2,0,True
retro-reborn-circuit-day-2-toledo-edison,5,2,0c1ef7eeed06,ad0b25cc0d86,p1,2,1,True
retro-reborn-circuit-day-2-toledo-edison,5,3,6d5fdd6f0987,a32b3e43c482,p2,2,1,True
retro-reborn-circuit-day-2-toledo-edison,5,4,2ee1568b8c48,c8be631c9714,p2,2,1,True
retro-reborn-circuit-day-2-toledo-edison,5,5,954a01b0d41b,c7016dfb5074,p2,2,0,True
retro-reborn-circuit-day-2-toledo-edison,5,6,71bed0a4736b,c272b2ce6aa7,p1,2,1,True
retro-reborn-circuit-day-2-toledo-edison,5,7,62719e683e9e,56ab2632a919,p2,2,1,True
retro-reborn-circuit-day-2-toledo-edison,5,8,0a72ad698f9b,0c09816754a2,p1,2,1,True
retro-reborn-circuit-day-2-toledo-edison,5,9,5a1fc49e132b,c7009eff338a,p2,2,0,True
retro-reborn-circuit-day-2-toledo-edison,5,10,243e1ea3f2fa,ca6a093c7cab,p1,2,1,True
retro-reborn-circuit-day-2-toledo-edison,5,11,d84e8be823a6,3a32f29ade79,p2,2,1,True
retro-reborn-circuit-day-2-toledo-edison,5,12,8883c67b7383,7879a7c7c29e,p1,2,0,True
retro-reborn-circuit-day-2-toledo-edison,5,13,e53799904a2b,15852732052c,p2,2,1,True
retro-reborn-circuit-day-2-toledo-edison,5,14,a44aab4b8301,0735be36cad1,p2,2,1,True
retro-reborn-circuit-day-2-toledo-edison,5,15,3420fbce5e2e,fa8f3e2419ec,p2,2,0,True
retro-reborn-circuit-day-2-toledo-edison,5,16,a33c2c458b28,0edf28b0ea46,p2,2,1,True
retro-reborn-circuit-day-2-toledo-edison,5,17,a811b0b754ec,be2f9b4f46b2,p2,2,1,True
retro-reborn-circuit-day-2-toledo-edison,5,18,87192410d0d1,0e5bdeef3a40,p1,2,1,True
retro-reborn-circuit-day-2-toledo-edison,5,19,55436152ef2e,b6712ce9efbc,p2,2,0,True
retro-reborn-circuit-day-2-toledo-edison,6,1,0c1ef7eeed06,13b1a0f56e8b,p1,2,1,True
retro-reborn-circuit-day-2-toledo-edison,6,2,a32b3e43c482,c7016dfb5074,p2,2,0,True
retro-reborn-circuit-day-2-toledo-edison,6,3,56ab2632a919,71bed0a4736b,p1,2,1,True
retro-reborn-circuit-day-2-toledo-edison,6,4,c8be631c9714,282d8a789859,p2,2,0,True
retro-reborn-circuit-day-2-toledo-edison,6,5,c7009eff338a,0a72ad698f9b,p1,2,1,True
retro-reborn-circuit-day-2-toledo-edison,6,6,6d5fdd6f0987,c272b2ce6aa7,p1,2,0,True
retro-reborn-circuit-day-2-toledo-edison,6,7,62719e683e9e,fa8f3e2419ec,p1,2,0,True
retro-reborn-circuit-day-2-toledo-edison,6,8,8883c67b7383,2ee1568b8c48,p2,2,0,True
retro-reborn-circuit-day-2-toledo-edison,6,9,0edf28b0ea46,15852732052c,p2,2,1,True
retro-reborn-circuit-day-2-toledo-edison,6,10,954a01b0d41b,3a32f29ade79,p2,2,1,True
retro-reborn-circuit-day-2-toledo-edison,6,11,0735be36cad1,243e1ea3f2fa,p1,2,0,True
retro-reborn-circuit-day-2-toledo-edison,6,12,ad0b25cc0d86,0c09816754a2,p1,2,0,True
retro-reborn-circuit-day-2-toledo-edison,6,13,5a1fc49e132b,ca6a093c7cab,p1,2,1,True
retro-reborn-circuit-day-2-toledo-edison,6,14,d84e8be823a6,b6712ce9efbc,p2,2,1,True
retro-reborn-circuit-day-2-toledo-edison,6,15,a33c2c458b28,87192410d0d1,p1,2,0,True
retro-reborn-circuit-day-2-toledo-edison,6,16,3420fbce5e2e,e53799904a2b,p2,2,0,True
retro-reborn-circuit-day-2-toledo-edison,6,17,be2f9b4f46b2,ed4232140b55,p1,2,0,True
retro-reborn-circuit-day-2-toledo-edison,Finals,1,0c1ef7eeed06,c7009eff338a,p2,2,1,True
retro-reborn-circuit-day-2-toledo-edison,Top 4,1,0c1ef7eeed06,c7016dfb5074,p1,2,0,True
retro-reborn-circuit-day-2-toledo-edison,Top 4,2,13b1a0f56e8b,c7009eff338a,p2,2,0,True
retro-reborn-circuit-day-2-toledo-edison,Top 8,1,0c1ef7eeed06,62719e683e9e,p1,2,1,True
retro-reborn-circuit-day-2-toledo-edison,Top 8,2,56ab2632a919,c7016dfb5074,p2,2,1,True
retro-reborn-circuit-day-2-toledo-edison,Top 8,3,282d8a789859,c7009eff338a,p2,2,1,True
retro-reborn-circuit-day-2-toledo-edison,Top 8,4,13b1a0f56e8b,c8be631c9714,p1,2,1,True
yolo-gaming-vol-4,1,1,ddded9142e8c,4005e004ac65,p1,2,1,False
yolo-gaming-vol-4,1,2,f0140125f239,0e761855bc98,p1,2,0,False
yolo-gaming-vol-4,1,3,0a826b720092,8075046485d5,p1,2,1,False
yolo-gaming-vol-4,1,4,a38789a1abc3,86bdb0ce5d24,p1,2,0,False
yolo-gaming-vol-4,1,5,e2ba416912a9,dccf963db9aa,p1,2,1,False
yolo-gaming-vol-4,1,6,05a784d9d185,2e8ec364aa21,p2,2,0,False
yolo-gaming-vol-4,1,7,8d32bdbf8be1,f7629aca50a7,p1,2,0,False
yolo-gaming-vol-4,1,8,c881e56b912c,0783c5bf5604,p2,2,0,False
yolo-gaming-vol-4,2,1,0a826b720092,2e8ec364aa21,p2,2,0,False
yolo-gaming-vol-4,2,2,0783c5bf5604,a38789a1abc3,p1,2,1,False
yolo-gaming-vol-4,2,3,f0140125f239,e2ba416912a9,p2,2,0,False
yolo-gaming-vol-4,2,4,ddded9142e8c,8d32bdbf8be1,p1,2,0,False
yolo-gaming-vol-4,2,5,c881e56b912c,8075046485d5,p1,2,1,False
yolo-gaming-vol-4,2,6,86bdb0ce5d24,dccf963db9aa,p2,2,1,False
yolo-gaming-vol-4,2,7,f7629aca50a7,4005e004ac65,p1,2,0,False
yolo-gaming-vol-4,2,8,05a784d9d185,0e761855bc98,p1,2,0,False
yolo-gaming-vol-4,3,1,0783c5bf5604,ddded9142e8c,p1,2,0,False
yolo-gaming-vol-4,3,2,2e8ec364aa21,e2ba416912a9,p1,2,0,False
yolo-gaming-vol-4,3,3,c881e56b912c,0a826b720092,p1,2,1,False
yolo-gaming-vol-4,3,4,dccf963db9aa,f7629aca50a7,draw,,,False
yolo-gaming-vol-4,3,5,f0140125f239,05a784d9d185,p1,2,1,False
yolo-gaming-vol-4,3,6,8d32bdbf8be1,a38789a1abc3,p2,2,1,False
yolo-gaming-vol-4,3,7,4005e004ac65,0e761855bc98,draw,,,False
yolo-gaming-vol-4,3,8,86bdb0ce5d24,8075046485d5,p2,1,0,False
yolo-gaming-vol-4,4,1,0783c5bf5604,2e8ec364aa21,p2,2,0,False
yolo-gaming-vol-4,4,2,e2ba416912a9,c881e56b912c,p1,2,1,False
yolo-gaming-vol-4,4,3,ddded9142e8c,a38789a1abc3,p1,2,0,False
yolo-gaming-vol-4,4,4,f0140125f239,f7629aca50a7,draw,,,False
yolo-gaming-vol-4,4,5,dccf963db9aa,0a826b720092,p1,2,0,False
yolo-gaming-vol-4,4,6,05a784d9d185,8075046485d5,p2,2,1,False
yolo-gaming-vol-4,4,7,8d32bdbf8be1,4005e004ac65,p2,2,0,False
yolo-gaming-vol-4,4,8,0e761855bc98,86bdb0ce5d24,p1,2,1,False
yolo-gaming-vol-4,5,1,2e8ec364aa21,ddded9142e8c,p1,2,0,False
yolo-gaming-vol-4,5,2,e2ba416912a9,0783c5bf5604,p1,2,1,False
yolo-gaming-vol-4,5,3,dccf963db9aa,f0140125f239,p1,2,1,False
yolo-gaming-vol-4,5,4,8075046485d5,a38789a1abc3,p1,2,0,False
yolo-gaming-vol-4,5,5,c881e56b912c,f7629aca50a7,p2,2,0,False
yolo-gaming-vol-4,5,6,0e761855bc98,8d32bdbf8be1,p1,2,0,False
yolo-gaming-vol-4,5,7,4005e004ac65,05a784d9d185,p2,2,1,False
yolo-gaming-vol-4,5,8,0a826b720092,86bdb0ce5d24,p2,2,1,False
yolo-gaming-vol-4,6,1,2e8ec364aa21,dccf963db9aa,p2,2,1,False
yolo-gaming-vol-4,6,2,e2ba416912a9,ddded9142e8c,p1,2,1,False
yolo-gaming-vol-4,6,3,8075046485d5,0783c5bf5604,p1,2,0,False
yolo-gaming-vol-4,6,4,f7629aca50a7,0e761855bc98,p2,2,1,False
yolo-gaming-vol-4,6,5,f0140125f239,a38789a1abc3,p1,2,1,False
yolo-gaming-vol-4,6,6,c881e56b912c,05a784d9d185,p2,2,1,False
yolo-gaming-vol-4,6,7,4005e004ac65,86bdb0ce5d24,p1,2,1,False
yolo-gaming-vol-4,6,8,8d32bdbf8be1,0a826b720092,p1,2,0,False
yolo-gaming-vol-4,Finals,1,f0140125f239,2e8ec364aa21,p2,2,1,False
yolo-gaming-vol-4,Top 4,1,e2ba416912a9,f0140125f239,p2,2,1,False
yolo-gaming-vol-4,Top 4,2,2e8ec364aa21,dccf963db9aa,p1,2,0,False
yolo-gaming-vol-4,Top 8,1,e2ba416912a9,05a784d9d185,p1,2,1,False
yolo-gaming-vol-4,Top 8,2,8075046485d5,f0140125f239,p2,2,0,False
yolo-gaming-vol-4,Top 8,3,dccf963db9aa,0e761855bc98,p1,2,0,False
yolo-gaming-vol-4,Top 8,4,2e8ec364aa21,0783c5bf5604,p1,2,1,False
poyo-weekly-1-468,1,1,8712b3365d85,9da56f40a898,p2,2,1,False
poyo-weekly-1-468,1,2,7f15a76b7061,9ae145ec9fc5,p2,2,0,False
poyo-weekly-1-468,1,3,5a92e077d22d,35f9379205a2,p1,2,0,False
poyo-weekly-1-468,2,1,5a92e077d22d,9ae145ec9fc5,p1,2,1,False
poyo-weekly-1-468,2,2,9da56f40a898,6b20d6889c27,p1,2,0,False
poyo-weekly-1-468,2,3,7f15a76b7061,8712b3365d85,p2,2,0,False
poyo-weekly-1-468,3,1,5a92e077d22d,9da56f40a898,p1,2,0,False
poyo-weekly-1-468,3,2,9ae145ec9fc5,8712b3365d85,p1,2,1,False
poyo-weekly-1-468,3,3,35f9379205a2,6b20d6889c27,p2,2,0,False
poyo-weekly,1,1,5a92e077d22d,9da56f40a898,p1,2,1,False
poyo-weekly,1,2,7f15a76b7061,6b20d6889c27,p2,2,0,False
poyo-weekly,1,3,9ae145ec9fc5,8712b3365d85,p2,2,0,False
poyo-weekly,2,1,8712b3365d85,6b20d6889c27,p1,2,0,False
poyo-weekly,2,2,35f9379205a2,5a92e077d22d,p1,2,0,False
poyo-weekly,2,3,9ae145ec9fc5,7f15a76b7061,p1,2,0,False
poyo-weekly,3,1,35f9379205a2,8712b3365d85,p2,2,0,False
poyo-weekly,3,2,9ae145ec9fc5,9da56f40a898,p1,2,1,False
poyo-weekly,3,3,5a92e077d22d,6b20d6889c27,p1,2,0,False
8-man-pod-edison-11,Finals,1,0e21a18da301,81cf637d0131,p1,2,1,False
8-man-pod-edison-11,Top 4,1,babed8ab559e,0e21a18da301,p2,2,1,False
8-man-pod-edison-11,Top 4,2,81cf637d0131,1f39f29db450,p1,2,1,False
8-man-pod-edison-11,Top 8,1,da139bb7268a,babed8ab559e,p2,2,1,False
8-man-pod-edison-11,Top 8,2,0e21a18da301,c01886c659a8,p1,2,1,False
8-man-pod-edison-11,Top 8,3,1f39f29db450,80b01cb3055b,p1,2,1,False
8-man-pod-edison-11,Top 8,4,81cf637d0131,d2fc4a7bb3e2,p1,2,1,False
8-man-edison-pod-3,Finals,1,8dc7063e1bf6,95081fee9322,p2,2,0,False
8-man-edison-pod-3,Top 4,1,3e3b2b2e40ce,8dc7063e1bf6,p2,2,0,False
8-man-edison-pod-3,Top 4,2,f98823764579,95081fee9322,p2,2,0,False
8-man-edison-pod-3,Top 8,1,8673197eba82,3e3b2b2e40ce,p2,2,0,False
8-man-edison-pod-3,Top 8,2,8dc7063e1bf6,294d8d7cf543,p1,2,0,False
8-man-edison-pod-3,Top 8,3,88454e322150,95081fee9322,p2,2,0,False
8-man-edison-pod-3,Top 8,4,f98823764579,afa94daff258,p1,2,0,False
8-man-pod-1,1,1,493d169b836d,4d4e4cf33afd,p1,2,0,False
8-man-pod-1,1,2,fc6ee523e986,d25697f10f57,p1,2,0,False
8-man-pod-1,1,3,ce717b8bddbe,7a2019887043,p2,2,0,False
8-man-pod-1,1,4,58fc6597bcfc,9fcc1024abcc,p2,2,0,False
8-man-pod-1,Finals,1,fc6ee523e986,7a2019887043,p2,2,0,False
8-man-pod-1,Top 4,1,fc6ee523e986,493d169b836d,p1,2,0,False
8-man-pod-1,Top 4,2,9fcc1024abcc,7a2019887043,p2,2,0,False
edison-league-locals-week-8,1,1,c73766c3a1b5,9f34671a13f2,p2,2,0,False
edison-league-locals-week-8,1,2,a3fb318078a3,1ba99f02ad4e,p1,2,0,False
edison-league-locals-week-8,1,3,906b825905ad,35b87827fc56,p1,2,0,False
edison-league-locals-week-8,1,4,7c69072ad0cb,0a72ad698f9b,p2,2,0,False
edison-league-locals-week-8,1,5,c0701e87069b,f7e42b2639ee,p1,2,0,False
edison-league-locals-week-8,2,1,906b825905ad,9f34671a13f2,p2,2,0,False
edison-league-locals-week-8,2,2,8dfb26fdaad4,0a72ad698f9b,p1,2,1,False
edison-league-locals-week-8,2,3,a3fb318078a3,c0701e87069b,p1,2,0,False
edison-league-locals-week-8,2,4,35b87827fc56,7c69072ad0cb,p2,2,0,False
edison-league-locals-week-8,2,5,f7e42b2639ee,c73766c3a1b5,p2,2,1,False
edison-league-locals-week-8,3,1,9f34671a13f2,a3fb318078a3,p1,2,1,False
edison-league-locals-week-8,3,2,8dfb26fdaad4,1ba99f02ad4e,p1,2,0,False
edison-league-locals-week-8,3,3,c0701e87069b,c73766c3a1b5,p2,2,0,False
edison-league-locals-week-8,3,4,7c69072ad0cb,906b825905ad,p1,2,1,False
poyo-monthly-1,1,1,e82d7d02189d,6b20d6889c27,p1,2,0,False
poyo-monthly-1,1,2,7f15a76b7061,3d4bd7052415,draw,,,False
poyo-monthly-1,1,3,35f9379205a2,5a92e077d22d,p1,2,0,False
poyo-monthly-1,1,4,8712b3365d85,104ed1396046,draw,,,False
poyo-monthly-1,2,1,35f9379205a2,e82d7d02189d,p2,2,0,False
poyo-monthly-1,2,2,6b20d6889c27,7f15a76b7061,p1,2,0,False
poyo-monthly-1,2,3,5a92e077d22d,8712b3365d85,p1,2,0,False
poyo-monthly-1,2,4,3d4bd7052415,104ed1396046,p2,2,1,False
poyo-monthly-1,3,1,e82d7d02189d,5a92e077d22d,p2,2,0,False
poyo-monthly-1,3,2,6b20d6889c27,35f9379205a2,p1,2,0,False
poyo-monthly-1,3,3,104ed1396046,7f15a76b7061,p1,2,0,False
poyo-monthly-1,3,4,8712b3365d85,3d4bd7052415,p1,2,1,False
poyo-monthly-1,4,1,6b20d6889c27,5a92e077d22d,p2,2,0,False
poyo-monthly-1,4,2,e82d7d02189d,104ed1396046,p1,2,1,False
poyo-monthly-1,4,3,8712b3365d85,7f15a76b7061,p1,2,0,False
poyo-monthly-1,4,4,35f9379205a2,3d4bd7052415,p1,2,1,False
poyo-monthly-1,Finals,1,35f9379205a2,e82d7d02189d,p2,2,0,False
poyo-monthly-1,Top 4,1,5a92e077d22d,35f9379205a2,p2,2,1,False
poyo-monthly-1,Top 4,2,e82d7d02189d,6b20d6889c27,p1,2,0,False
edison-league-locals-week-7,1,1,1ba99f02ad4e,3122bed3c204,p2,2,1,False
edison-league-locals-week-7,1,2,1878d6cb3e7c,be2f9b4f46b2,p2,2,1,False
edison-league-locals-week-7,1,3,c73766c3a1b5,9f34671a13f2,p1,2,1,False
edison-league-locals-week-7,1,4,0a72ad698f9b,0b0e9f275c1f,p1,2,0,False
edison-league-locals-week-7,1,5,8dfb26fdaad4,29b386c1c224,p1,2,1,False
edison-league-locals-week-7,1,6,2da8de829966,7c69072ad0cb,p2,2,1,False
edison-league-locals-week-7,1,7,f7e42b2639ee,27da43677430,p2,2,0,False
edison-league-locals-week-7,2,1,0a72ad698f9b,8dfb26fdaad4,p1,2,0,False
edison-league-locals-week-7,2,2,27da43677430,be2f9b4f46b2,p1,2,0,False
edison-league-locals-week-7,2,3,c73766c3a1b5,3122bed3c204,p1,2,0,False
edison-league-locals-week-7,2,4,7c69072ad0cb,6fc913d51d98,p2,2,1,False
edison-league-locals-week-7,2,5,1ba99f02ad4e,0b0e9f275c1f,p2,2,0,False
edison-league-locals-week-7,2,6,2da8de829966,f7e42b2639ee,p1,2,0,False
edison-league-locals-week-7,2,7,29b386c1c224,9f34671a13f2,p1,2,0,False
edison-league-locals-week-7,3,1,c73766c3a1b5,6fc913d51d98,p1,2,0,False
edison-league-locals-week-7,3,2,27da43677430,0a72ad698f9b,p2,2,0,False
edison-league-locals-week-7,3,3,be2f9b4f46b2,7c69072ad0cb,p2,2,1,False
edison-league-locals-week-7,3,4,0b0e9f275c1f,8dfb26fdaad4,p1,2,1,False
edison-league-locals-week-7,3,5,1878d6cb3e7c,3122bed3c204,p1,2,1,False
edison-league-locals-week-7,3,6,2da8de829966,29b386c1c224,p2,2,0,False
edison-league-locals-week-7,3,7,1ba99f02ad4e,9f34671a13f2,p2,2,0,False
edison-league-locals-week-7,4,1,0a72ad698f9b,c73766c3a1b5,p2,2,1,False
edison-league-locals-week-7,4,2,29b386c1c224,7c69072ad0cb,p1,2,0,False
edison-league-locals-week-7,4,3,27da43677430,1878d6cb3e7c,p2,2,0,False
edison-league-locals-week-7,4,4,0b0e9f275c1f,6fc913d51d98,p1,2,1,False
edison-league-locals-week-7,4,5,be2f9b4f46b2,2da8de829966,p2,2,1,False
edison-league-locals-week-7,4,6,8dfb26fdaad4,1ba99f02ad4e,draw,,,False
edison-league-locals-week-7,4,7,3122bed3c204,9f34671a13f2,p2,2,0,False
rbet-at-genesis-bracket,1,1,3ba3119125c2,2459cd005f7d,p2,2,0,True
rbet-at-genesis-bracket,1,2,a70aa399da23,3e1464d3a876,p1,2,1,True
rbet-at-genesis-bracket,1,3,3241ae961f30,f6d6fb16f222,p1,2,1,True
rbet-at-genesis-bracket,1,4,b1af61d63c9c,4300093c3f76,p1,2,0,True
rbet-at-genesis-bracket,1,5,bc9cd455f270,5bb6657562bb,p2,2,1,True
rbet-at-genesis-bracket,1,6,314ceb3f38bd,c4fcb0bd652d,p1,2,0,True
rbet-at-genesis-bracket,1,7,7f0e1b6aba55,3a32f29ade79,p2,2,1,True
rbet-at-genesis-bracket,1,8,2792eb0520d5,170dad9d9a6e,p1,2,1,True
rbet-at-genesis-bracket,1,9,bb1252d5d680,e18fb2f837b9,p1,2,1,True
rbet-at-genesis-bracket,1,10,8876328c148e,e48dd32dbb53,p1,2,0,True
rbet-at-genesis-bracket,1,11,356994514937,06ba787d5df7,p1,2,1,True
rbet-at-genesis-bracket,1,12,b6fd81232a46,e944389d4076,p2,2,0,True
rbet-at-genesis-bracket,1,13,7c90acfd1bb0,749a88617803,p2,2,1,True
rbet-at-genesis-bracket,1,14,a1d20af30700,70d1afbc867a,p2,2,0,True
rbet-at-genesis-bracket,1,15,5c294f5bdefc,c0027d6935fa,p2,2,1,True
rbet-at-genesis-bracket,1,16,ac892b60e828,78c6c28efc96,p1,2,0,True
rbet-at-genesis-bracket,1,17,9c059ca8fb9b,c108e55930a4,p2,2,1,True
rbet-at-genesis-bracket,1,18,776ef75cccdf,e5f02f448996,p1,2,1,True
rbet-at-genesis-bracket,1,19,91983ca2ac58,93138d34ce8e,p2,2,0,True
rbet-at-genesis-bracket,1,20,904e8eeac6b6,a057d2f9c60c,p2,2,1,True
rbet-at-genesis-bracket,1,21,332e09f5662f,0bdcf5f74334,p2,2,1,True
rbet-at-genesis-bracket,1,22,37f5de4c7751,3d4020934593,p2,2,0,True
rbet-at-genesis-bracket,1,23,614545ca1ca1,0d4eac007aa1,p2,2,0,True
rbet-at-genesis-bracket,1,24,3fe7c8a4cb20,275e56ba7da9,p1,2,0,True
rbet-at-genesis-bracket,1,25,b09affa72191,e91e9edf1d85,p1,2,1,True
rbet-at-genesis-bracket,1,26,4ae70c8c6d61,90fd8ebee676,p2,2,0,True
rbet-at-genesis-bracket,1,27,c71ccb3b471a,22c76b9e3040,p2,2,1,True
rbet-at-genesis-bracket,1,28,fcca093a3bd0,c2a109fbadd9,p1,2,0,True
rbet-at-genesis-bracket,1,29,29987471b114,0f3e1dc83505,p2,2,1,True
rbet-at-genesis-bracket,1,30,318cfc382660,e6fa3039e3fd,p2,2,1,True
rbet-at-genesis-bracket,1,31,082a57583f60,af6309834cbf,p1,2,0,True
rbet-at-genesis-bracket,1,32,2abd7e8b0f3e,906ac4574e96,p1,2,1,True
rbet-at-genesis-bracket,1,33,01732a187517,2b6992f88b0d,p2,2,0,True
rbet-at-genesis-bracket,1,34,10cda9b5f353,8f419bdd4199,p2,2,0,True
rbet-at-genesis-bracket,1,35,4ca6143c2638,87bc94140811,p1,2,1,True
rbet-at-genesis-bracket,1,36,2ec7c90d1b56,359034e82066,p2,2,0,True
rbet-at-genesis-bracket,1,37,e4f6fc5dd836,3cad6727c183,p1,2,1,True
rbet-at-genesis-bracket,1,38,a1759ca40cf0,2f0314735da4,p1,2,0,True
rbet-at-genesis-bracket,1,39,70ac095a70f0,2f2ee18b2b0b,p1,2,1,True
rbet-at-genesis-bracket,1,40,638b2779a140,bdc5d4c5ad40,p1,2,1,True
rbet-at-genesis-bracket,1,41,32f7b987641b,5c712cf8d084,p2,2,0,True
rbet-at-genesis-bracket,1,42,3954f5a341a2,7cf1b433d0dd,p1,2,0,True
rbet-at-genesis-bracket,1,43,b1d541d4726d,9ec7f7028694,p1,2,0,True
rbet-at-genesis-bracket,1,44,5688612310ff,8eca9747e406,p2,2,1,True
rbet-at-genesis-bracket,1,45,062975521930,804f3bdc708c,p1,2,1,True
rbet-at-genesis-bracket,1,46,d4febd045c5a,7275d882a6cf,p2,2,1,True
rbet-at-genesis-bracket,1,47,a177e2344ca2,16e9e8f0ec42,p1,2,0,True
rbet-at-genesis-bracket,1,48,e63d55e6674b,da7d643c3e92,p2,2,0,True
rbet-at-genesis-bracket,1,49,95da534b0f49,b3be2551de27,p1,2,1,True
rbet-at-genesis-bracket,1,50,a6acd7d09836,2c175080898f,p1,2,1,True
rbet-at-genesis-bracket,1,51,f20bf30ac407,a18eba778906,p2,2,1,True
rbet-at-genesis-bracket,1,52,88ce54d3e653,65dc10a293c3,p1,2,0,True
rbet-at-genesis-bracket,1,53,f771aa0cb275,060a67d975c1,p2,2,1,True
rbet-at-genesis-bracket,1,54,bdca99430d5c,f1e0ed8b9c11,p2,2,0,True
rbet-at-genesis-bracket,1,55,c31de29f72f7,7c5d2d940c4c,p2,2,0,True
rbet-at-genesis-bracket,1,56,a74c6973110e,eff965c931af,p2,2,1,True
rbet-at-genesis-bracket,1,57,d4b5d724694f,2fc4449e70f3,p2,2,1,True
rbet-at-genesis-bracket,1,58,5da6236125db,e30d9e0380db,p2,2,0,True
rbet-at-genesis-bracket,1,59,cc81a3588373,01d59b2a39bf,p2,2,1,True
rbet-at-genesis-bracket,1,60,9049ee96f981,89dfa927c03d,p1,2,1,True
rbet-at-genesis-bracket,1,61,2e5e2ec9eeb3,7e3d4ed38b0f,p2,2,0,True
rbet-at-genesis-bracket,1,62,24db0cd59336,53052c409dbe,p2,2,0,True
rbet-at-genesis-bracket,1,63,97fe94df2c10,576c403c0d8f,p1,2,0,True
rbet-at-genesis-bracket,1,64,f20b3a1efe4c,2761f8b46dbb,p2,2,0,True
rbet-at-genesis-bracket,1,65,77c944feb600,a93625e3197e,p1,2,0,True
rbet-at-genesis-bracket,2,1,060a67d975c1,638b2779a140,p1,2,0,True
rbet-at-genesis-bracket,2,2,bb1252d5d680,b1af61d63c9c,p2,2,1,True
rbet-at-genesis-bracket,2,3,776ef75cccdf,f1e0ed8b9c11,p1,2,1,True
rbet-at-genesis-bracket,2,4,0bdcf5f74334,2761f8b46dbb,p2,2,1,True
rbet-at-genesis-bracket,2,5,e30d9e0380db,3d4020934593,p1,2,0,True
rbet-at-genesis-bracket,2,6,7275d882a6cf,e6fa3039e3fd,p1,2,0,True
rbet-at-genesis-bracket,2,7,3a32f29ade79,8876328c148e,p2,2,1,True
rbet-at-genesis-bracket,2,8,e4f6fc5dd836,2459cd005f7d,p1,2,0,True
rbet-at-genesis-bracket,2,9,8eca9747e406,88ce54d3e653,p1,2,0,True
rbet-at-genesis-bracket,2,10,3241ae961f30,70d1afbc867a,p2,2,1,True
rbet-at-genesis-bracket,2,11,356994514937,0f3e1dc83505,p1,2,0,True
rbet-at-genesis-bracket,2,12,062975521930,c0027d6935fa,p2,2,1,True
rbet-at-genesis-bracket,2,13,01d59b2a39bf,53052c409dbe,p1,2,0,True
rbet-at-genesis-bracket,2,14,eff965c931af,749a88617803,p1,2,1,True
rbet-at-genesis-bracket,2,15,77c944feb600,a18eba778906,p2,2,1,True
rbet-at-genesis-bracket,2,16,2abd7e8b0f3e,97fe94df2c10,p1,2,0,True
rbet-at-genesis-bracket,2,17,95da534b0f49,082a57583f60,p1,2,0,True
rbet-at-genesis-bracket,2,18,314ceb3f38bd,90fd8ebee676,p1,2,0,True
rbet-at-genesis-bracket,2,19,a057d2f9c60c,0d4eac007aa1,p2,2,1,True
rbet-at-genesis-bracket,2,20,93138d34ce8e,b09affa72191,p1,2,1,True
rbet-at-genesis-bracket,2,21,22c76b9e3040,2fc4449e70f3,p2,2,0,True
rbet-at-genesis-bracket,2,22,3fe7c8a4cb20,7c5d2d940c4c,p2,2,1,True
rbet-at-genesis-bracket,2,23,9049ee96f981,7e3d4ed38b0f,p1,2,1,True
rbet-at-genesis-bracket,2,24,c108e55930a4,5bb6657562bb,p2,2,0,True
rbet-at-genesis-bracket,2,25,2792eb0520d5,3954f5a341a2,p2,2,0,True
rbet-at-genesis-bracket,2,26,2b6992f88b0d,a177e2344ca2,p2,2,0,True
rbet-at-genesis-bracket,2,27,ac892b60e828,5c712cf8d084,p1,2,1,True
rbet-at-genesis-bracket,2,28,8f419bdd4199,a6acd7d09836,p1,2,0,True
rbet-at-genesis-bracket,2,29,359034e82066,a1759ca40cf0,p2,2,1,True
rbet-at-genesis-bracket,2,30,da7d643c3e92,e944389d4076,p2,2,0,True
rbet-at-genesis-bracket,2,31,a70aa399da23,70ac095a70f0,p1,2,1,True
rbet-at-genesis-bracket,2,32,b1d541d4726d,4ca6143c2638,p1,2,1,True
rbet-at-genesis-bracket,2,33,fcca093a3bd0,b6fd81232a46,p1,2,0,True
rbet-at-genesis-bracket,2,34,5da6236125db,5c294f5bdefc,p1,2,1,True
rbet-at-genesis-bracket,2,35,65dc10a293c3,2ec7c90d1b56,p2,2,0,True
rbet-at-genesis-bracket,2,36,78c6c28efc96,332e09f5662f,p1,2,1,True
rbet-at-genesis-bracket,2,37,7f0e1b6aba55,01732a187517,p2,2,0,True
rbet-at-genesis-bracket,2,38,bdc5d4c5ad40,16e9e8f0ec42,p1,2,1,True
rbet-at-genesis-bracket,2,39,2f2ee18b2b0b,37f5de4c7751,p1,2,0,True
rbet-at-genesis-bracket,2,40,cc81a3588373,bc9cd455f270,p2,2,0,True
rbet-at-genesis-bracket,2,41,87bc94140811,d4b5d724694f,p1,2,0,True
rbet-at-genesis-bracket,2,42,275e56ba7da9,29987471b114,p2,2,1,True
rbet-at-genesis-bracket,2,43,c4fcb0bd652d,f771aa0cb275,p2,2,1,True
rbet-at-genesis-bracket,2,44,7cf1b433d0dd,906ac4574e96,p2,2,0,True
rbet-at-genesis-bracket,2,45,f20bf30ac407,170dad9d9a6e,p2,2,1,True
rbet-at-genesis-bracket,2,46,9ec7f7028694,af6309834cbf,p2,2,1,True
rbet-at-genesis-bracket,2,47,804f3bdc708c,e48dd32dbb53,p2,2,0,True
rbet-at-genesis-bracket,2,48,9c059ca8fb9b,318cfc382660,p1,2,1,True
rbet-at-genesis-bracket,2,49,576c403c0d8f,a93625e3197e,p2,2,1,True
rbet-at-genesis-bracket,2,50,4300093c3f76,5688612310ff,p2,2,0,True
rbet-at-genesis-bracket,2,51,3ba3119125c2,e63d55e6674b,p1,2,0,True
rbet-at-genesis-bracket,2,52,b3be2551de27,c31de29f72f7,p2,2,1,True
rbet-at-genesis-bracket,2,53,e18fb2f837b9,2c175080898f,draw,,,True
rbet-at-genesis-bracket,2,54,c71ccb3b471a,7c90acfd1bb0,p1,2,0,True
rbet-at-genesis-bracket,2,55,a74c6973110e,24db0cd59336,p1,2,1,True
rbet-at-genesis-bracket,2,56,10cda9b5f353,e5f02f448996,p1,2,1,True
rbet-at-genesis-bracket,2,57,bdca99430d5c,d4febd045c5a,p2,2,1,True
rbet-at-genesis-bracket,2,58,4ae70c8c6d61,06ba787d5df7,p2,2,1,True
rbet-at-genesis-bracket,2,59,e91e9edf1d85,f6d6fb16f222,p1,2,0,True
rbet-at-genesis-bracket,2,60,f20b3a1efe4c,a1d20af30700,p1,2,1,True
rbet-at-genesis-bracket,2,61,32f7b987641b,3e1464d3a876,p1,2,1,True
rbet-at-genesis-bracket,2,62,904e8eeac6b6,c2a109fbadd9,p1,2,0,True
rbet-at-genesis-bracket,2,63,89dfa927c03d,2e5e2ec9eeb3,p2,2,1,True
rbet-at-genesis-bracket,2,64,2f0314735da4,3cad6727c183,p2,2,1,True
rbet-at-genesis-bracket,3,1,70d1afbc867a,c0027d6935fa,p1,2,1,True
rbet-at-genesis-bracket,3,2,b1d541d4726d,0d4eac007aa1,p2,2,1,True
rbet-at-genesis-bracket,3,3,a18eba778906,356994514937,p1,2,0,True
rbet-at-genesis-bracket,3,4,93138d34ce8e,8876328c148e,p1,2,1,True
rbet-at-genesis-bracket,3,5,060a67d975c1,776ef75cccdf,p1,2,1,True
rbet-at-genesis-bracket,3,6,fcca093a3bd0,8f419bdd4199,p1,2,1,True
rbet-at-genesis-bracket,3,7,ac892b60e828,a70aa399da23,p1,2,1,True
rbet-at-genesis-bracket,3,8,e30d9e0380db,b1af61d63c9c,p2,2,1,True
rbet-at-genesis-bracket,3,9,a1759ca40cf0,8eca9747e406,p2,2,1,True
rbet-at-genesis-bracket,3,10,7c5d2d940c4c,3954f5a341a2,p2,2,0,True
rbet-at-genesis-bracket,3,11,eff965c931af,e944389d4076,draw,,,True
rbet-at-genesis-bracket,3,12,e4f6fc5dd836,9049ee96f981,p1,2,1,True
rbet-at-genesis-bracket,3,13,2fc4449e70f3,314ceb3f38bd,p2,2,1,True
rbet-at-genesis-bracket,3,14,a177e2344ca2,01d59b2a39bf,p1,2,1,True
rbet-at-genesis-bracket,3,15,2abd7e8b0f3e,5bb6657562bb,p1,2,1,True
rbet-at-genesis-bracket,3,16,95da534b0f49,7275d882a6cf,p1,2,0,True
rbet-at-genesis-bracket,3,17,2761f8b46dbb,e6fa3039e3fd,p2,2,1,True
rbet-at-genesis-bracket,3,18,70ac095a70f0,5c712cf8d084,p1,2,1,True
rbet-at-genesis-bracket,3,19,b09affa72191,77c944feb600,p1,2,1,True
rbet-at-genesis-bracket,3,20,10cda9b5f353,904e8eeac6b6,p1,2,1,True
rbet-at-genesis-bracket,3,21,97fe94df2c10,906ac4574e96,p2,2,0,True
rbet-at-genesis-bracket,3,22,3ba3119125c2,5da6236125db,p1,2,1,True
rbet-at-genesis-bracket,3,23,a93625e3197e,0f3e1dc83505,p1,2,1,True
rbet-at-genesis-bracket,3,24,7e3d4ed38b0f,bc9cd455f270,p2,2,0,True
rbet-at-genesis-bracket,3,25,88ce54d3e653,22c76b9e3040,p2,2,0,True
rbet-at-genesis-bracket,3,26,01732a187517,082a57583f60,p2,2,1,True
rbet-at-genesis-bracket,3,27,3cad6727c183,9c059ca8fb9b,p1,2,1,True
rbet-at-genesis-bracket,3,28,3fe7c8a4cb20,32f7b987641b,p2,2,0,True
rbet-at-genesis-bracket,3,29,3a32f29ade79,2459cd005f7d,p1,2,1,True
rbet-at-genesis-bracket,3,30,a6acd7d09836,3d4020934593,p2,2,0,True
rbet-at-genesis-bracket,3,31,e91e9edf1d85,2792eb0520d5,p1,2,1,True
rbet-at-genesis-bracket,3,32,d4febd045c5a,a74c6973110e,p2,2,0,True
rbet-at-genesis-bracket,3,33,29987471b114,c31de29f72f7,p1,2,0,True
rbet-at-genesis-bracket,3,34,638b2779a140,78c6c28efc96,p1,2,1,True
rbet-at-genesis-bracket,3,35,749a88617803,5688612310ff,p2,2,1,True
rbet-at-genesis-bracket,3,36,a057d2f9c60c,f771aa0cb275,p1,2,1,True
rbet-at-genesis-bracket,3,37,c108e55930a4,2e5e2ec9eeb3,p2,2,1,True
rbet-at-genesis-bracket,3,38,c71ccb3b471a,4ca6143c2638,p1,2,1,True
rbet-at-genesis-bracket,3,39,f1e0ed8b9c11,2ec7c90d1b56,p1,2,1,True
rbet-at-genesis-bracket,3,40,3241ae961f30,2b6992f88b0d,p2,2,1,True
rbet-at-genesis-bracket,3,41,06ba787d5df7,bdc5d4c5ad40,p2,2,0,True
rbet-at-genesis-bracket,3,42,87bc94140811,062975521930,p2,2,0,True
rbet-at-genesis-bracket,3,43,2f2ee18b2b0b,bb1252d5d680,p2,2,1,True
rbet-at-genesis-bracket,3,44,e48dd32dbb53,da7d643c3e92,p1,2,0,True
rbet-at-genesis-bracket,3,45,359034e82066,af6309834cbf,p2,2,0,True
rbet-at-genesis-bracket,3,46,0bdcf5f74334,53052c409dbe,p1,2,0,True
rbet-at-genesis-bracket,3,47,170dad9d9a6e,90fd8ebee676,p1,2,0,True
rbet-at-genesis-bracket,3,48,f20b3a1efe4c,2c175080898f,p2,2,1,True
rbet-at-genesis-bracket,3,49,4300093c3f76,37f5de4c7751,p2,2,0,True
rbet-at-genesis-bracket,3,50,318cfc382660,275e56ba7da9,p1,2,0,True
rbet-at-genesis-bracket,3,51,e63d55e6674b,d4b5d724694f,p2,2,1,True
rbet-at-genesis-bracket,3,52,cc81a3588373,16e9e8f0ec42,p1,2,0,True
rbet-at-genesis-bracket,3,53,2f0314735da4,b3be2551de27,p2,2,0,True
rbet-at-genesis-bracket,3,54,576c403c0d8f,f6d6fb16f222,p2,2,1,True
rbet-at-genesis-bracket,3,55,bdca99430d5c,9ec7f7028694,p1,2,0,True
rbet-at-genesis-bracket,3,56,804f3bdc708c,65dc10a293c3,p2,2,0,True
rbet-at-genesis-bracket,3,57,7cf1b433d0dd,c4fcb0bd652d,p1,2,0,True
rbet-at-genesis-bracket,3,58,7c90acfd1bb0,5c294f5bdefc,p1,2,0,True
rbet-at-genesis-bracket,3,59,4ae70c8c6d61,332e09f5662f,p1,2,1,True
rbet-at-genesis-bracket,4,1,8eca9747e406,060a67d975c1,p1,2,0,True
rbet-at-genesis-bracket,4,2,a177e2344ca2,70d1afbc867a,p2,2,1,True
rbet-at-genesis-bracket,4,3,93138d34ce8e,a18eba778906,p1,2,0,True
rbet-at-genesis-bracket,4,4,ac892b60e828,2abd7e8b0f3e,p2,2,1,True
rbet-at-genesis-bracket,4,5,e4f6fc5dd836,314ceb3f38bd,p1,2,0,True
rbet-at-genesis-bracket,4,6,3954f5a341a2,b1af61d63c9c,p1,2,1,True
rbet-at-genesis-bracket,4,7,fcca093a3bd0,95da534b0f49,p1,2,0,True
rbet-at-genesis-bracket,4,8,0d4eac007aa1,e944389d4076,p2,2,1,True
rbet-at-genesis-bracket,4,9,eff965c931af,32f7b987641b,p1,2,1,True
rbet-at-genesis-bracket,4,10,2b6992f88b0d,e6fa3039e3fd,p2,2,1,True
rbet-at-genesis-bracket,4,11,062975521930,bc9cd455f270,p2,2,0,True
rbet-at-genesis-bracket,4,12,3cad6727c183,e48dd32dbb53,p1,2,0,True
rbet-at-genesis-bracket,4,13,7275d882a6cf,bb1252d5d680,p1,2,0,True
rbet-at-genesis-bracket,4,14,8f419bdd4199,a74c6973110e,p2,2,1,True
rbet-at-genesis-bracket,4,15,3d4020934593,a057d2f9c60c,p2,2,1,True
rbet-at-genesis-bracket,4,16,e91e9edf1d85,2fc4449e70f3,p1,2,0,True
rbet-at-genesis-bracket,4,17,01d59b2a39bf,0bdcf5f74334,p1,2,0,True
rbet-at-genesis-bracket,4,18,b1d541d4726d,9049ee96f981,p2,2,1,True
rbet-at-genesis-bracket,4,19,22c76b9e3040,bdc5d4c5ad40,p1,2,1,True
rbet-at-genesis-bracket,4,20,2e5e2ec9eeb3,c0027d6935fa,p1,2,0,True
rbet-at-genesis-bracket,4,21,8876328c148e,170dad9d9a6e,p2,2,0,True
rbet-at-genesis-bracket,4,22,3a32f29ade79,af6309834cbf,p1,2,1,True
rbet-at-genesis-bracket,4,23,10cda9b5f353,906ac4574e96,p2,2,0,True
rbet-at-genesis-bracket,4,24,a70aa399da23,776ef75cccdf,p1,2,0,True
rbet-at-genesis-bracket,4,25,2761f8b46dbb,a1759ca40cf0,p2,2,1,True
rbet-at-genesis-bracket,4,26,7c5d2d940c4c,29987471b114,p2,2,1,True
rbet-at-genesis-bracket,4,27,a93625e3197e,638b2779a140,p2,2,1,True
rbet-at-genesis-bracket,4,28,70ac095a70f0,e30d9e0380db,p2,2,1,True
rbet-at-genesis-bracket,4,29,f1e0ed8b9c11,b09affa72191,p1,2,1,True
rbet-at-genesis-bracket,4,30,356994514937,5bb6657562bb,p2,2,1,True
rbet-at-genesis-bracket,4,31,3ba3119125c2,5688612310ff,p2,2,0,True
rbet-at-genesis-bracket,4,32,082a57583f60,c71ccb3b471a,p2,2,1,True
rbet-at-genesis-bracket,4,33,2c175080898f,f771aa0cb275,p2,2,1,True
rbet-at-genesis-bracket,4,34,06ba787d5df7,5da6236125db,p1,2,1,True
rbet-at-genesis-bracket,4,35,37f5de4c7751,2ec7c90d1b56,p1,2,1,True
rbet-at-genesis-bracket,4,36,97fe94df2c10,749a88617803,p1,2,1,True
rbet-at-genesis-bracket,4,37,7cf1b433d0dd,f6d6fb16f222,p1,2,1,True
rbet-at-genesis-bracket,4,38,2f2ee18b2b0b,cc81a3588373,p1,2,1,True
rbet-at-genesis-bracket,4,39,7c90acfd1bb0,53052c409dbe,p2,2,1,True
rbet-at-genesis-bracket,4,40,2792eb0520d5,c108e55930a4,p1,2,0,True
rbet-at-genesis-bracket,4,41,bdca99430d5c,65dc10a293c3,p1,2,0,True
rbet-at-genesis-bracket,4,42,da7d643c3e92,318cfc382660,p1,2,1,True
rbet-at-genesis-bracket,4,43,0f3e1dc83505,77c944feb600,p2,2,0,True
rbet-at-genesis-bracket,4,44,78c6c28efc96,d4febd045c5a,p2,2,1,True
rbet-at-genesis-bracket,4,45,4ca6143c2638,f20b3a1efe4c,p1,2,0,True
rbet-at-genesis-bracket,4,46,87bc94140811,3241ae961f30,p1,2,1,True
rbet-at-genesis-bracket,4,47,c31de29f72f7,7e3d4ed38b0f,p2,2,0,True
rbet-at-genesis-bracket,4,48,359034e82066,4ae70c8c6d61,p1,2,0,True
rbet-at-genesis-bracket,4,49,904e8eeac6b6,3fe7c8a4cb20,p1,2,1,True
rbet-at-genesis-bracket,4,50,b3be2551de27,88ce54d3e653,p1,2,1,True
rbet-at-genesis-bracket,4,51,a6acd7d09836,d4b5d724694f,p2,2,0,True
rbet-at-genesis-bracket,4,52,5c712cf8d084,9c059ca8fb9b,p1,2,0,True
rbet-at-genesis-bracket,4,53,275e56ba7da9,2f0314735da4,p1,2,1,True
rbet-at-genesis-bracket,4,54,9ec7f7028694,332e09f5662f,p1,2,1,True
rbet-at-genesis-bracket,4,55,e63d55e6674b,576c403c0d8f,p1,2,1,True
rbet-at-genesis-bracket,5,1,70d1afbc867a,2abd7e8b0f3e,p1,2,0,True
rbet-at-genesis-bracket,5,2,3954f5a341a2,fcca093a3bd0,p2,2,0,True
rbet-at-genesis-bracket,5,3,8eca9747e406,93138d34ce8e,p2,2,1,True
rbet-at-genesis-bracket,5,4,e4f6fc5dd836,e944389d4076,p1,2,1,True
rbet-at-genesis-bracket,5,5,eff965c931af,a70aa399da23,p1,2,1,True
rbet-at-genesis-bracket,5,6,b1af61d63c9c,7275d882a6cf,p1,2,0,True
rbet-at-genesis-bracket,5,7,ac892b60e828,a74c6973110e,p2,2,0,True
rbet-at-genesis-bracket,5,8,a057d2f9c60c,3a32f29ade79,p2,2,1,True
rbet-at-genesis-bracket,5,9,95da534b0f49,5bb6657562bb,p2,2,1,True
rbet-at-genesis-bracket,5,10,01d59b2a39bf,638b2779a140,p1,2,0,True
rbet-at-genesis-bracket,5,11,a18eba778906,f1e0ed8b9c11,p2,2,1,True
rbet-at-genesis-bracket,5,12,2e5e2ec9eeb3,e91e9edf1d85,p1,2,0,True
rbet-at-genesis-bracket,5,13,5688612310ff,906ac4574e96,p1,2,1,True
rbet-at-genesis-bracket,5,14,29987471b114,a1759ca40cf0,p1,2,1,True
rbet-at-genesis-bracket,5,15,3cad6727c183,22c76b9e3040,p2,2,0,True
rbet-at-genesis-bracket,5,16,e6fa3039e3fd,314ceb3f38bd,p1,2,0,True
rbet-at-genesis-bracket,5,17,bc9cd455f270,170dad9d9a6e,p1,2,1,True
rbet-at-genesis-bracket,5,18,a177e2344ca2,e30d9e0380db,p1,2,0,True
rbet-at-genesis-bracket,5,19,c71ccb3b471a,0d4eac007aa1,p1,2,0,True
rbet-at-genesis-bracket,5,20,060a67d975c1,9049ee96f981,p1,2,0,True
rbet-at-genesis-bracket,5,21,d4b5d724694f,70ac095a70f0,p1,2,1,True
rbet-at-genesis-bracket,5,22,32f7b987641b,06ba787d5df7,p1,2,1,True
rbet-at-genesis-bracket,5,23,7c5d2d940c4c,bb1252d5d680,p1,2,0,True
rbet-at-genesis-bracket,5,24,87bc94140811,a93625e3197e,p2,2,0,True
rbet-at-genesis-bracket,5,25,2b6992f88b0d,8876328c148e,p2,2,1,True
rbet-at-genesis-bracket,5,26,3d4020934593,356994514937,p2,2,0,True
rbet-at-genesis-bracket,5,27,37f5de4c7751,97fe94df2c10,p1,2,1,True
rbet-at-genesis-bracket,5,28,2fc4449e70f3,7e3d4ed38b0f,p2,2,0,True
rbet-at-genesis-bracket,5,29,776ef75cccdf,77c944feb600,p1,2,0,True
rbet-at-genesis-bracket,5,30,904e8eeac6b6,c0027d6935fa,p2,2,0,True
rbet-at-genesis-bracket,5,31,10cda9b5f353,e48dd32dbb53,p1,2,0,True
rbet-at-genesis-bracket,5,32,062975521930,b09affa72191,p2,2,0,True
rbet-at-genesis-bracket,5,33,f771aa0cb275,53052c409dbe,p1,2,1,True
rbet-at-genesis-bracket,5,34,3ba3119125c2,359034e82066,p2,2,1,True
rbet-at-genesis-bracket,5,35,8f419bdd4199,d4febd045c5a,p1,2,0,True
rbet-at-genesis-bracket,5,36,4ca6143c2638,bdca99430d5c,p1,2,1,True
rbet-at-genesis-bracket,5,37,bdc5d4c5ad40,2f2ee18b2b0b,p1,2,1,True
rbet-at-genesis-bracket,5,38,b1d541d4726d,2761f8b46dbb,p2,2,1,True
rbet-at-genesis-bracket,5,39,b3be2551de27,da7d643c3e92,p2,2,1,True
rbet-at-genesis-bracket,5,40,2792eb0520d5,5c712cf8d084,p2,2,1,True
rbet-at-genesis-bracket,5,41,7cf1b433d0dd,2c175080898f,p2,2,1,True
rbet-at-genesis-bracket,5,42,f6d6fb16f222,9ec7f7028694,p2,2,0,True
rbet-at-genesis-bracket,5,43,65dc10a293c3,cc81a3588373,p1,2,0,True
rbet-at-genesis-bracket,5,44,5da6236125db,275e56ba7da9,p2,2,0,True
rbet-at-genesis-bracket,5,45,88ce54d3e653,3241ae961f30,p2,2,1,True
rbet-at-genesis-bracket,5,46,318cfc382660,e63d55e6674b,p1,2,1,True
rbet-at-genesis-bracket,5,47,78c6c28efc96,2f0314735da4,p2,2,1,True
rbet-at-genesis-bracket,5,48,332e09f5662f,576c403c0d8f,p2,2,0,True
rbet-at-genesis-bracket,6,1,70d1afbc867a,e4f6fc5dd836,p1,2,0,True
rbet-at-genesis-bracket,6,2,93138d34ce8e,fcca093a3bd0,p2,2,0,True
rbet-at-genesis-bracket,6,3,eff965c931af,060a67d975c1,p2,2,0,True
rbet-at-genesis-bracket,6,4,5bb6657562bb,3a32f29ade79,p1,2,1,True
rbet-at-genesis-bracket,6,5,f1e0ed8b9c11,22c76b9e3040,p1,2,1,True
rbet-at-genesis-bracket,6,6,29987471b114,e6fa3039e3fd,p1,2,0,True
rbet-at-genesis-bracket,6,7,a177e2344ca2,5688612310ff,p1,2,1,True
rbet-at-genesis-bracket,6,8,c71ccb3b471a,2abd7e8b0f3e,p1,2,0,True
rbet-at-genesis-bracket,6,9,01d59b2a39bf,8eca9747e406,p1,2,1,True
rbet-at-genesis-bracket,6,10,b1af61d63c9c,bc9cd455f270,p1,2,1,True
rbet-at-genesis-bracket,6,11,3954f5a341a2,a74c6973110e,p1,2,0,True
rbet-at-genesis-bracket,6,12,2e5e2ec9eeb3,e944389d4076,p1,2,1,True
rbet-at-genesis-bracket,6,13,10cda9b5f353,f771aa0cb275,p2,2,0,True
rbet-at-genesis-bracket,6,14,a1759ca40cf0,356994514937,p2,2,1,True
rbet-at-genesis-bracket,6,15,5c712cf8d084,359034e82066,p2,2,0,True
rbet-at-genesis-bracket,6,16,a93625e3197e,32f7b987641b,p1,2,0,True
rbet-at-genesis-bracket,6,17,e91e9edf1d85,7c5d2d940c4c,p2,2,1,True
rbet-at-genesis-bracket,6,18,8876328c148e,c0027d6935fa,p2,2,0,True
rbet-at-genesis-bracket,6,19,da7d643c3e92,906ac4574e96,p1,2,0,True
rbet-at-genesis-bracket,6,20,3cad6727c183,4ca6143c2638,p2,2,1,True
rbet-at-genesis-bracket,6,21,170dad9d9a6e,ac892b60e828,p2,2,1,True
rbet-at-genesis-bracket,6,22,b09affa72191,e30d9e0380db,p1,2,0,True
rbet-at-genesis-bracket,6,23,d4b5d724694f,9049ee96f981,p2,2,1,True
rbet-at-genesis-bracket,6,24,bdc5d4c5ad40,0d4eac007aa1,p2,2,1,True
rbet-at-genesis-bracket,6,25,638b2779a140,8f419bdd4199,p2,2,0,True
rbet-at-genesis-bracket,6,26,776ef75cccdf,2761f8b46dbb,p2,2,1,True
rbet-at-genesis-bracket,6,27,7275d882a6cf,a70aa399da23,p1,2,0,True
rbet-at-genesis-bracket,6,28,37f5de4c7751,7e3d4ed38b0f,p2,2,1,True
rbet-at-genesis-bracket,6,29,314ceb3f38bd,a057d2f9c60c,p2,2,1,True
rbet-at-genesis-bracket,6,30,95da534b0f49,a18eba778906,p2,2,0,True
rbet-at-genesis-bracket,6,31,2c175080898f,3241ae961f30,p2,2,1,True
rbet-at-genesis-bracket,6,32,97fe94df2c10,904e8eeac6b6,p2,2,1,True
rbet-at-genesis-bracket,6,33,275e56ba7da9,2f2ee18b2b0b,p1,2,1,True
rbet-at-genesis-bracket,6,34,53052c409dbe,318cfc382660,p2,2,0,True
rbet-at-genesis-bracket,6,35,65dc10a293c3,2fc4449e70f3,p2,2,1,True
rbet-at-genesis-bracket,6,36,9ec7f7028694,77c944feb600,p1,2,0,True
rbet-at-genesis-bracket,6,37,87bc94140811,b3be2551de27,p2,2,0,True
rbet-at-genesis-bracket,6,38,78c6c28efc96,576c403c0d8f,p1,2,0,True
rbet-at-genesis-bracket,6,39,2f0314735da4,5da6236125db,p2,2,0,True
rbet-at-genesis-bracket,6,40,88ce54d3e653,e63d55e6674b,p1,2,0,True
rbet-at-genesis-bracket,7,1,70d1afbc867a,fcca093a3bd0,p2,2,0,True
rbet-at-genesis-bracket,7,2,060a67d975c1,f1e0ed8b9c11,p1,2,1,True
rbet-at-genesis-bracket,7,3,3954f5a341a2,5bb6657562bb,p2,2,1,True
rbet-at-genesis-bracket,7,4,b1af61d63c9c,01d59b2a39bf,p1,2,0,True
rbet-at-genesis-bracket,7,5,2e5e2ec9eeb3,29987471b114,p1,2,0,True
rbet-at-genesis-bracket,7,6,93138d34ce8e,a177e2344ca2,p2,2,0,True
rbet-at-genesis-bracket,7,7,e4f6fc5dd836,c71ccb3b471a,p2,2,0,True
rbet-at-genesis-bracket,7,8,eff965c931af,8eca9747e406,p2,2,1,True
rbet-at-genesis-bracket,7,9,7c5d2d940c4c,4ca6143c2638,p2,2,0,True
rbet-at-genesis-bracket,7,10,2761f8b46dbb,a18eba778906,p1,2,1,True
rbet-at-genesis-bracket,7,11,e6fa3039e3fd,ac892b60e828,p2,2,1,True
rbet-at-genesis-bracket,7,12,7275d882a6cf,3a32f29ade79,p2,2,1,True
rbet-at-genesis-bracket,7,13,356994514937,359034e82066,p1,2,1,True
rbet-at-genesis-bracket,7,14,c0027d6935fa,b09affa72191,p2,2,0,True
rbet-at-genesis-bracket,7,15,a93625e3197e,f771aa0cb275,p2,2,1,True
rbet-at-genesis-bracket,7,16,0d4eac007aa1,9049ee96f981,p1,2,0,True
rbet-at-genesis-bracket,7,17,5688612310ff,bc9cd455f270,p2,2,0,True
rbet-at-genesis-bracket,7,18,a057d2f9c60c,7e3d4ed38b0f,p2,2,0,True
rbet-at-genesis-bracket,7,19,da7d643c3e92,a74c6973110e,p2,2,0,True
rbet-at-genesis-bracket,7,20,2abd7e8b0f3e,8f419bdd4199,p2,2,1,True
rbet-at-genesis-bracket,7,21,22c76b9e3040,e944389d4076,p1,2,0,True
rbet-at-genesis-bracket,7,22,d4b5d724694f,275e56ba7da9,p2,2,0,True
rbet-at-genesis-bracket,7,23,2fc4449e70f3,3241ae961f30,p2,2,1,True
rbet-at-genesis-bracket,7,24,904e8eeac6b6,2c175080898f,p1,2,1,True
rbet-at-genesis-bracket,7,25,97fe94df2c10,88ce54d3e653,p2,2,0,True
rbet-at-genesis-bracket,7,26,65dc10a293c3,78c6c28efc96,p2,2,0,True
rbet-at-genesis-bracket,7,27,5da6236125db,576c403c0d8f,p1,2,1,True
rbet-at-genesis-bracket,8,1,fcca093a3bd0,5bb6657562bb,p1,2,1,True
rbet-at-genesis-bracket,8,2,70d1afbc867a,c71ccb3b471a,p2,2,1,True
rbet-at-genesis-bracket,8,3,a177e2344ca2,2e5e2ec9eeb3,p2,2,0,True
rbet-at-genesis-bracket,8,4,b1af61d63c9c,060a67d975c1,p1,2,0,True
rbet-at-genesis-bracket,8,5,a74c6973110e,4ca6143c2638,p1,2,1,True
rbet-at-genesis-bracket,8,6,f1e0ed8b9c11,ac892b60e828,p1,2,0,True
rbet-at-genesis-bracket,8,7,b09affa72191,01d59b2a39bf,p2,2,1,True
rbet-at-genesis-bracket,8,8,e4f6fc5dd836,0d4eac007aa1,p1,2,1,True
rbet-at-genesis-bracket,8,9,3a32f29ade79,3954f5a341a2,p1,2,0,True
rbet-at-genesis-bracket,8,10,356994514937,2761f8b46dbb,p2,2,1,True
rbet-at-genesis-bracket,8,11,22c76b9e3040,7e3d4ed38b0f,p1,2,0,True
rbet-at-genesis-bracket,8,12,f771aa0cb275,bc9cd455f270,p1,2,0,True
rbet-at-genesis-bracket,8,13,93138d34ce8e,8f419bdd4199,p2,2,0,True
rbet-at-genesis-bracket,8,14,8eca9747e406,29987471b114,p1,2,1,True
rbet-at-genesis-bracket,8,15,eff965c931af,a93625e3197e,p1,2,0,True
rbet-at-genesis-bracket,8,16,7275d882a6cf,2abd7e8b0f3e,p2,2,0,True
rbet-at-genesis-bracket,8,17,904e8eeac6b6,5688612310ff,p1,2,1,True
rbet-at-genesis-bracket,8,18,e944389d4076,2fc4449e70f3,p2,2,0,True
rbet-at-genesis-bracket,8,19,78c6c28efc96,88ce54d3e653,p1,2,0,True
rbet-at-genesis-bracket,8,20,5da6236125db,d4b5d724694f,p1,2,1,True
rbet-at-genesis-bracket,8,21,2c175080898f,97fe94df2c10,p2,2,1,True
rbet-at-genesis-bracket,8,22,65dc10a293c3,576c403c0d8f,p1,2,0,True
rbet-at-genesis-bracket,Finals,1,fcca093a3bd0,5bb6657562bb,p1,2,1,True
rbet-at-genesis-bracket,Top 16,1,fcca093a3bd0,3a32f29ade79,p1,2,1,True
rbet-at-genesis-bracket,Top 16,2,8eca9747e406,8f419bdd4199,p2,2,1,True
rbet-at-genesis-bracket,Top 16,3,2e5e2ec9eeb3,e4f6fc5dd836,p2,2,1,True
rbet-at-genesis-bracket,Top 16,4,70d1afbc867a,a74c6973110e,p2,2,1,True
rbet-at-genesis-bracket,Top 16,5,060a67d975c1,01d59b2a39bf,p2,2,0,True
rbet-at-genesis-bracket,Top 16,6,b1af61d63c9c,f1e0ed8b9c11,p1,1,0,True
rbet-at-genesis-bracket,Top 16,7,5bb6657562bb,a177e2344ca2,p1,2,1,True
rbet-at-genesis-bracket,Top 16,8,c71ccb3b471a,22c76b9e3040,p1,2,1,True
rbet-at-genesis-bracket,Top 4,1,fcca093a3bd0,a74c6973110e,p1,2,1,True
rbet-at-genesis-bracket,Top 4,2,5bb6657562bb,b1af61d63c9c,p1,2,0,True
rbet-at-genesis-bracket,Top 8,1,fcca093a3bd0,8f419bdd4199,p1,2,1,True
rbet-at-genesis-bracket,Top 8,2,e4f6fc5dd836,a74c6973110e,p2,2,0,True
rbet-at-genesis-bracket,Top 8,3,b1af61d63c9c,01d59b2a39bf,p1,2,1,True
rbet-at-genesis-bracket,Top 8,4,c71ccb3b471a,5bb6657562bb,p2,2,1,True
poyo-online-weekly-1,1,1,1fc54e68a899,8712b3365d85,p1,2,0,False
poyo-online-weekly-1,1,2,3d4bd7052415,e36ee64542d7,p2,2,0,False
poyo-online-weekly-1,1,3,9da56f40a898,7f15a76b7061,p1,2,1,False
poyo-online-weekly-1,2,1,5a92e077d22d,9da56f40a898,p2,2,0,False
poyo-online-weekly-1,2,2,e36ee64542d7,1fc54e68a899,p2,2,0,False
poyo-online-weekly-1,2,3,7f15a76b7061,8712b3365d85,p2,2,1,False
poyo-online-weekly-1,3,1,1fc54e68a899,9da56f40a898,p1,2,0,False
poyo-online-weekly-1,3,2,5a92e077d22d,e36ee64542d7,p1,2,1,False
poyo-online-weekly-1,3,3,8712b3365d85,3d4bd7052415,p1,2,0,False
poyo-online-weekly,1,1,e36ee64542d7,5a92e077d22d,p2,2,1,False
poyo-online-weekly,1,2,8712b3365d85,1fc54e68a899,p2,2,1,False
poyo-online-weekly,1,3,e82d7d02189d,7f15a76b7061,p1,2,1,False
poyo-online-weekly,2,1,9da56f40a898,1fc54e68a899,p2,2,1,False
poyo-online-weekly,2,2,e82d7d02189d,5a92e077d22d,p2,2,0,False
poyo-online-weekly,2,3,8712b3365d85,7f15a76b7061,p1,2,0,False
poyo-online-weekly,3,1,5a92e077d22d,1fc54e68a899,p2,2,0,False
poyo-online-weekly,3,2,e36ee64542d7,8712b3365d85,p2,2,0,False
poyo-online-weekly,3,3,9da56f40a898,e82d7d02189d,p2,2,0,False
edison-league-locals-week-6,1,1,a3fb318078a3,69d3e00878ed,p2,2,0,False
edison-league-locals-week-6,1,2,0a72ad698f9b,7c69072ad0cb,p1,2,0,False
edison-league-locals-week-6,1,3,8883c67b7383,27da43677430,p2,2,0,False
edison-league-locals-week-6,1,4,0b0e9f275c1f,be2f9b4f46b2,p2,2,0,False
edison-league-locals-week-6,1,5,29b386c1c224,8dfb26fdaad4,p1,2,0,False
edison-league-locals-week-6,1,6,35b87827fc56,c0701e87069b,p2,2,0,False
edison-league-locals-week-6,1,7,1878d6cb3e7c,8632fdc70815,p1,2,0,False
edison-league-locals-week-6,1,8,9f34671a13f2,c73766c3a1b5,p1,2,0,False
edison-league-locals-week-6,2,1,29b386c1c224,c0701e87069b,p1,2,1,False
edison-league-locals-week-6,2,2,be2f9b4f46b2,0a72ad698f9b,p1,2,0,False
edison-league-locals-week-6,2,3,1878d6cb3e7c,27da43677430,p2,2,1,False
edison-league-locals-week-6,2,4,69d3e00878ed,9f34671a13f2,p2,2,1,False
edison-league-locals-week-6,2,5,8883c67b7383,0b0e9f275c1f,p2,2,1,False
edison-league-locals-week-6,2,6,7c69072ad0cb,a3fb318078a3,p2,2,0,False
edison-league-locals-week-6,2,7,c73766c3a1b5,35b87827fc56,p1,2,0,False
edison-league-locals-week-6,2,8,8632fdc70815,8dfb26fdaad4,p2,2,0,False
edison-league-locals-week-6,3,1,be2f9b4f46b2,29b386c1c224,p2,2,1,False
edison-league-locals-week-6,3,2,9f34671a13f2,27da43677430,p1,2,1,False
edison-league-locals-week-6,3,3,1878d6cb3e7c,a3fb318078a3,p2,2,1,False
edison-league-locals-week-6,3,4,8dfb26fdaad4,c73766c3a1b5,p2,2,1,False
edison-league-locals-week-6,3,5,69d3e00878ed,c0701e87069b,p2,2,0,False
edison-league-locals-week-6,3,6,0b0e9f275c1f,35b87827fc56,p1,2,0,False
edison-league-locals-week-6,3,7,7c69072ad0cb,8883c67b7383,p2,2,0,False
edison-league-locals-week-6,4,1,9f34671a13f2,29b386c1c224,p2,2,0,False
edison-league-locals-week-6,4,2,27da43677430,be2f9b4f46b2,p1,2,1,False
edison-league-locals-week-6,4,3,0b0e9f275c1f,c73766c3a1b5,p1,2,1,False
edison-league-locals-week-6,4,4,c0701e87069b,a3fb318078a3,p1,2,0,False
edison-league-locals-week-6,4,5,8dfb26fdaad4,69d3e00878ed,p2,2,0,False
edison-league-locals-week-6,4,6,1878d6cb3e7c,7c69072ad0cb,p1,2,0,False
poyo-super-bowl,1,1,7f15a76b7061,8712b3365d85,p2,2,0,False
poyo-super-bowl,1,2,6b20d6889c27,9da56f40a898,p2,2,0,False
poyo-super-bowl,1,3,e36ee64542d7,e82d7d02189d,p2,2,1,False
poyo-super-bowl,2,1,9da56f40a898,e82d7d02189d,p2,2,0,False
poyo-super-bowl,2,2,8712b3365d85,104ed1396046,draw,,,False
poyo-super-bowl,2,3,e36ee64542d7,6b20d6889c27,p2,2,0,False
poyo-super-bowl,3,1,e82d7d02189d,8712b3365d85,p2,2,0,False
poyo-super-bowl,3,2,104ed1396046,9da56f40a898,p1,2,0,False
poyo-super-bowl,3,3,6b20d6889c27,7f15a76b7061,draw,,,False
south-east-edison-bash,1,1,1f0eeef05754,d47d2d1e456b,p1,2,0,False
south-east-edison-bash,1,2,8d78a0d0d9a1,bb84a5db8c0b,p1,2,0,False
south-east-edison-bash,1,3,2e9ca125d2b3,8b86a8b0da1a,p1,2,1,False
south-east-edison-bash,1,4,7a7824c0d8f3,ac625738dbb3,p1,2,1,False
south-east-edison-bash,2,1,7a7824c0d8f3,8d78a0d0d9a1,p1,2,0,False
south-east-edison-bash,2,2,1f0eeef05754,78035d12f4f0,p2,2,0,False
south-east-edison-bash,2,3,2e9ca125d2b3,bb84a5db8c0b,p2,2,1,False
south-east-edison-bash,2,4,d47d2d1e456b,ac625738dbb3,p2,2,1,False
south-east-edison-bash,3,1,78035d12f4f0,7a7824c0d8f3,p2,2,1,False
south-east-edison-bash,3,2,8d78a0d0d9a1,2e9ca125d2b3,p1,2,0,False
south-east-edison-bash,3,3,1f0eeef05754,ac625738dbb3,p1,2,0,False
south-east-edison-bash,3,4,bb84a5db8c0b,d47d2d1e456b,p2,2,1,False
south-east-edison-bash,Finals,1,7a7824c0d8f3,78035d12f4f0,p2,2,0,False
south-east-edison-bash,Top 4,1,7a7824c0d8f3,1f0eeef05754,p1,2,0,False
south-east-edison-bash,Top 4,2,78035d12f4f0,8d78a0d0d9a1,p1,2,0,False
edison-league-locals-week-5,1,1,7c69072ad0cb,5fbf1341b249,p2,2,1,False
edison-league-locals-week-5,1,2,9f250e7330d7,0a72ad698f9b,p2,2,0,False
edison-league-locals-week-5,1,3,8dfb26fdaad4,1ba99f02ad4e,p2,2,1,False
edison-league-locals-week-5,1,4,6fc913d51d98,de085f8c4ebc,p1,2,1,False
edison-league-locals-week-5,1,5,be2f9b4f46b2,906b825905ad,p1,2,0,False
edison-league-locals-week-5,1,6,0b0e9f275c1f,9f34671a13f2,p2,2,0,False
edison-league-locals-week-5,1,7,3122bed3c204,94261535f6aa,p2,2,0,False
edison-league-locals-week-5,1,8,c142d3dd3ca2,3d836e6c7fb0,p1,2,0,False
edison-league-locals-week-5,2,1,1ba99f02ad4e,2da8de829966,p2,2,0,False
edison-league-locals-week-5,2,2,5fbf1341b249,94261535f6aa,p2,2,0,False
edison-league-locals-week-5,2,3,0a72ad698f9b,c142d3dd3ca2,p2,2,0,False
edison-league-locals-week-5,2,4,be2f9b4f46b2,9f34671a13f2,p2,2,1,False
edison-league-locals-week-5,2,5,6fc913d51d98,3122bed3c204,p1,2,0,False
edison-league-locals-week-5,2,6,8dfb26fdaad4,906b825905ad,p1,2,1,False
edison-league-locals-week-5,2,7,0b0e9f275c1f,3d836e6c7fb0,p1,2,1,False
edison-league-locals-week-5,2,8,9f250e7330d7,de085f8c4ebc,p1,2,0,False
edison-league-locals-week-5,3,1,2da8de829966,9f34671a13f2,p2,2,1,False
edison-league-locals-week-5,3,2,6fc913d51d98,94261535f6aa,p1,2,0,False
edison-league-locals-week-5,3,3,c142d3dd3ca2,5fbf1341b249,p1,2,1,False
edison-league-locals-week-5,3,4,0b0e9f275c1f,1ba99f02ad4e,p1,2,0,False
edison-league-locals-week-5,3,5,8dfb26fdaad4,0a72ad698f9b,p2,2,0,False
edison-league-locals-week-5,3,6,9f250e7330d7,be2f9b4f46b2,p2,2,0,False
edison-league-locals-week-5,3,7,3d836e6c7fb0,de085f8c4ebc,draw,,,False
edison-league-locals-week-5,4,1,c142d3dd3ca2,6fc913d51d98,p2,2,1,False
edison-league-locals-week-5,4,2,9f34671a13f2,0a72ad698f9b,p1,2,0,False
edison-league-locals-week-5,4,3,0b0e9f275c1f,2da8de829966,p2,2,1,False
edison-league-locals-week-5,4,4,be2f9b4f46b2,94261535f6aa,p1,2,1,False
edison-league-locals-week-5,4,5,1ba99f02ad4e,906b825905ad,p1,2,0,False
edison-league-locals-week-5,4,6,8dfb26fdaad4,5fbf1341b249,p1,2,0,False
discord-monthly-january-2026,1,1,d90661234aed,0fb742adda33,p1,2,1,False
discord-monthly-january-2026,1,2,9fee3a165155,05445c2c3c8b,p2,2,1,False
discord-monthly-january-2026,1,3,0beafbe0b94d,5d17a7c2e499,p1,2,1,False
discord-monthly-january-2026,1,4,c7b1059a95d8,d0455a046a99,p2,2,1,False
discord-monthly-january-2026,1,5,08ed2405d824,ff4c592d8934,p2,2,1,False
discord-monthly-january-2026,1,6,aa9fa9806f07,3122bed3c204,p1,2,0,False
discord-monthly-january-2026,1,7,bdc5d4c5ad40,c00083b689cd,p2,2,0,True
discord-monthly-january-2026,1,8,d15094495b12,50785c641008,p2,2,1,False
discord-monthly-january-2026,1,9,af8983847c7c,c4b9622eacd9,p2,2,1,True
discord-monthly-january-2026,1,10,865d29626281,36fc9c8eff30,p2,2,1,True
discord-monthly-january-2026,1,11,e419b13a156e,de7a869bb1d9,p2,2,0,False
discord-monthly-january-2026,1,12,95da534b0f49,c93910489696,p2,2,1,False
discord-monthly-january-2026,1,13,47ddbb220e92,4bb9e0b25471,p1,2,0,False
discord-monthly-january-2026,1,14,54aa4e4dc717,1bc116c35b19,p1,2,0,False
discord-monthly-january-2026,1,15,9a5baae1d6ce,67868663c120,p1,2,0,False
discord-monthly-january-2026,2,1,c4b9622eacd9,c93910489696,p2,2,1,True
discord-monthly-january-2026,2,2,d90661234aed,47ddbb220e92,p2,2,0,False
discord-monthly-january-2026,2,3,d0455a046a99,50785c641008,p2,2,0,False
discord-monthly-january-2026,2,4,05445c2c3c8b,36fc9c8eff30,p1,2,1,True
discord-monthly-january-2026,2,5,ff4c592d8934,c00083b689cd,p2,2,0,True
discord-monthly-january-2026,2,6,0beafbe0b94d,aa9fa9806f07,p1,2,0,False
discord-monthly-january-2026,2,7,de7a869bb1d9,9a5baae1d6ce,p1,2,0,False
discord-monthly-january-2026,2,8,54aa4e4dc717,4bb9e0b25471,p1,2,0,True
discord-monthly-january-2026,2,9,1bc116c35b19,0fb742adda33,p2,2,0,False
discord-monthly-january-2026,2,10,67868663c120,865d29626281,p2,2,0,False
discord-monthly-january-2026,2,11,bdc5d4c5ad40,af8983847c7c,p1,2,0,True
discord-monthly-january-2026,2,12,3122bed3c204,5d17a7c2e499,p2,2,0,False
discord-monthly-january-2026,2,13,08ed2405d824,d15094495b12,p2,2,1,False
discord-monthly-january-2026,2,14,c7b1059a95d8,9fee3a165155,p2,2,0,False
discord-monthly-january-2026,3,1,0beafbe0b94d,c93910489696,p2,2,0,False
discord-monthly-january-2026,3,2,47ddbb220e92,50785c641008,p1,2,1,False
discord-monthly-january-2026,3,3,54aa4e4dc717,c00083b689cd,p1,2,1,True
discord-monthly-january-2026,3,4,de7a869bb1d9,05445c2c3c8b,p1,2,0,False
discord-monthly-january-2026,3,5,c4b9622eacd9,d15094495b12,p1,2,1,True
discord-monthly-january-2026,3,6,36fc9c8eff30,5d17a7c2e499,p2,2,0,True
discord-monthly-january-2026,3,7,865d29626281,9fee3a165155,p2,2,1,False
discord-monthly-january-2026,3,8,d0455a046a99,d90661234aed,p2,2,0,True
discord-monthly-january-2026,3,9,ff4c592d8934,0fb742adda33,p2,2,1,False
discord-monthly-january-2026,3,10,aa9fa9806f07,bdc5d4c5ad40,p2,2,1,True
discord-monthly-january-2026,3,11,9a5baae1d6ce,1bc116c35b19,p2,2,0,False
discord-monthly-january-2026,3,12,67868663c120,08ed2405d824,p1,2,0,False
discord-monthly-january-2026,4,1,c93910489696,54aa4e4dc717,p2,2,0,True
discord-monthly-january-2026,4,2,de7a869bb1d9,47ddbb220e92,p1,2,0,False
discord-monthly-january-2026,4,3,50785c641008,9fee3a165155,p2,2,0,False
discord-monthly-january-2026,4,4,0beafbe0b94d,d90661234aed,p2,2,0,False
discord-monthly-january-2026,4,5,bdc5d4c5ad40,5d17a7c2e499,p1,2,0,True
discord-monthly-january-2026,4,6,c4b9622eacd9,c00083b689cd,p2,2,0,True
discord-monthly-january-2026,4,7,05445c2c3c8b,1bc116c35b19,p2,2,1,False
discord-monthly-january-2026,4,8,36fc9c8eff30,ff4c592d8934,p1,2,1,True
discord-monthly-january-2026,4,9,67868663c120,aa9fa9806f07,p2,2,1,False
discord-monthly-january-2026,4,10,9a5baae1d6ce,d15094495b12,p2,2,0,True
discord-monthly-january-2026,4,11,865d29626281,08ed2405d824,p2,2,0,False
discord-monthly-january-2026,5,1,de7a869bb1d9,54aa4e4dc717,p2,2,1,False
discord-monthly-january-2026,5,2,c93910489696,bdc5d4c5ad40,p2,2,0,True
discord-monthly-january-2026,5,3,c00083b689cd,47ddbb220e92,p2,2,0,False
discord-monthly-january-2026,5,4,9fee3a165155,d90661234aed,p1,2,1,False
discord-monthly-january-2026,5,5,d15094495b12,aa9fa9806f07,p1,2,0,True
discord-monthly-january-2026,5,6,50785c641008,1bc116c35b19,p1,2,1,False
discord-monthly-january-2026,5,7,05445c2c3c8b,ff4c592d8934,p1,2,1,True
discord-monthly-january-2026,5,8,36fc9c8eff30,08ed2405d824,p1,2,0,False
poyo-weekly-4,1,1,8712b3365d85,e82d7d02189d,p1,2,0,False
poyo-weekly-4,1,2,104ed1396046,3d4bd7052415,p1,2,1,False
poyo-weekly-4,1,3,5a92e077d22d,9da56f40a898,p2,2,0,False
poyo-weekly-4,2,1,8712b3365d85,9da56f40a898,p1,2,0,False
poyo-weekly-4,2,2,104ed1396046,5a92e077d22d,p1,2,0,False
poyo-weekly-4,2,3,3d4bd7052415,e82d7d02189d,p2,2,0,False
poyo-weekly-4,3,1,104ed1396046,8712b3365d85,p2,2,0,False
poyo-weekly-4,3,2,9da56f40a898,e82d7d02189d,p2,2,1,False
poyo-weekly-4,3,3,3d4bd7052415,5a92e077d22d,p2,2,0,False
poyo-weekly-3-1,1,1,5a92e077d22d,104ed1396046,draw,,,False
poyo-weekly-3-1,1,2,3d4bd7052415,e82d7d02189d,p2,2,0,False
poyo-weekly-3-1,1,3,9da56f40a898,8712b3365d85,p1,2,1,False
poyo-weekly-3-1,2,1,e82d7d02189d,9da56f40a898,p1,2,0,False
poyo-weekly-3-1,2,2,5a92e077d22d,8712b3365d85,p1,2,1,False
poyo-weekly-3-1,2,3,104ed1396046,3d4bd7052415,p1,2,0,False
poyo-weekly-3-1,3,1,e82d7d02189d,104ed1396046,p1,2,0,False
poyo-weekly-3-1,3,2,5a92e077d22d,9da56f40a898,p1,2,1,False
poyo-weekly-3-1,3,3,3d4bd7052415,8712b3365d85,p2,2,0,False
edison-week-4,1,1,69d3e00878ed,c142d3dd3ca2,p2,2,0,False
edison-week-4,1,2,0a72ad698f9b,f7e42b2639ee,p1,2,0,False
edison-week-4,1,3,8dfb26fdaad4,0b0e9f275c1f,p2,2,1,False
edison-week-4,1,4,9f34671a13f2,2da8de829966,p1,2,0,False
edison-week-4,1,5,8883c67b7383,7c69072ad0cb,p2,2,1,False
edison-week-4,1,6,906b825905ad,be2f9b4f46b2,p2,2,0,False
edison-week-4,2,1,c142d3dd3ca2,be2f9b4f46b2,p1,2,0,False
edison-week-4,2,2,0a72ad698f9b,0b0e9f275c1f,p2,2,1,False
edison-week-4,2,3,c73766c3a1b5,7c69072ad0cb,p2,2,1,False
edison-week-4,2,4,9f34671a13f2,906b825905ad,p1,2,0,False
edison-week-4,2,5,2da8de829966,8dfb26fdaad4,p2,2,0,False
edison-week-4,2,6,f7e42b2639ee,8883c67b7383,p2,2,1,False
edison-week-4,3,1,c142d3dd3ca2,9f34671a13f2,p1,2,1,False
edison-week-4,3,2,0b0e9f275c1f,7c69072ad0cb,p1,2,0,False
edison-week-4,3,3,8883c67b7383,be2f9b4f46b2,p1,2,1,False
edison-week-4,3,4,8dfb26fdaad4,69d3e00878ed,p1,2,1,False
edison-week-4,3,5,0a72ad698f9b,c73766c3a1b5,p1,2,0,False
edison-week-4,3,6,906b825905ad,2da8de829966,p2,2,0,False
edison-week-4,4,1,c142d3dd3ca2,0b0e9f275c1f,p1,2,1,False
edison-week-4,4,2,0a72ad698f9b,7c69072ad0cb,p1,2,0,False
edison-week-4,4,3,8dfb26fdaad4,9f34671a13f2,p1,2,0,False
edison-week-4,4,4,8883c67b7383,69d3e00878ed,p2,2,0,False
edison-week-4,4,5,c73766c3a1b5,906b825905ad,p1,2,0,False
edison-week-4,4,6,be2f9b4f46b2,2da8de829966,p2,2,0,False
yugioh-super-league-copy,1,1,0b5ac6e4556f,de51a8586c52,p1,1,0,False
yugioh-super-league-copy,1,2,8ecc894ab075,0d698f1326b2,p2,1,0,False
yugioh-super-league-copy,2,1,0d698f1326b2,0b5ac6e4556f,p2,1,0,False
yugioh-super-league-copy,2,2,de51a8586c52,8ecc894ab075,p2,1,0,False
yugioh-super-league-copy,3,1,0b5ac6e4556f,8ecc894ab075,p1,1,0,False
yugioh-super-league-copy,3,2,0d698f1326b2,de51a8586c52,p2,1,0,False
retro-reborn-circuit-snow-day-edison-event,1,1,7a6a73ff8198,daae5f9554ee,p2,2,0,True
retro-reborn-circuit-snow-day-edison-event,1,2,732f530c642b,47ddbb220e92,p1,2,0,True
retro-reborn-circuit-snow-day-edison-event,1,3,fb3bf1af7ef7,f0731e8743b6,p1,2,0,True
retro-reborn-circuit-snow-day-edison-event,1,4,b43fe04e31b2,c46956ecf5eb,p2,2,1,True
retro-reborn-circuit-snow-day-edison-event,1,5,92c828b76816,ea8b83ba488e,p2,2,0,True
retro-reborn-circuit-snow-day-edison-event,1,6,badb76311153,e8215de08694,p1,2,1,True
retro-reborn-circuit-snow-day-edison-event,1,7,bc6b61633a1d,f663252e1e61,p1,2,0,True
retro-reborn-circuit-snow-day-edison-event,1,8,9842363a66cc,e53799904a2b,p1,2,0,True
retro-reborn-circuit-snow-day-edison-event,1,9,ce71f3863e89,a95e6ec5486a,p2,2,1,True
retro-reborn-circuit-snow-day-edison-event,1,10,1c7c9cbe213e,95da534b0f49,p2,2,0,True
retro-reborn-circuit-snow-day-edison-event,1,11,2cfd37688da5,7dc505c5b721,p2,2,1,True
retro-reborn-circuit-snow-day-edison-event,1,12,0beafbe0b94d,f41dda1e2d4d,p2,2,1,True
retro-reborn-circuit-snow-day-edison-event,1,13,188880d67ae0,282d8a789859,p2,2,0,False
retro-reborn-circuit-snow-day-edison-event,1,14,ac90a5b36925,e712e36554b9,p2,2,1,True
retro-reborn-circuit-snow-day-edison-event,1,15,753f0817553c,143d2ea47628,p2,2,1,True
retro-reborn-circuit-snow-day-edison-event,1,16,ac625738dbb3,f7168a8f8647,p2,2,0,True
retro-reborn-circuit-snow-day-edison-event,1,17,8ee556f859a5,14109b542b1b,p2,2,0,True
retro-reborn-circuit-snow-day-edison-event,1,18,2a276112b270,55436152ef2e,p2,2,1,False
retro-reborn-circuit-snow-day-edison-event,2,1,daae5f9554ee,732f530c642b,p1,2,1,True
retro-reborn-circuit-snow-day-edison-event,2,2,95da534b0f49,7dc505c5b721,p1,2,0,True
retro-reborn-circuit-snow-day-edison-event,2,3,143d2ea47628,a95e6ec5486a,p2,2,1,True
retro-reborn-circuit-snow-day-edison-event,2,4,fb3bf1af7ef7,f7168a8f8647,p1,2,1,True
retro-reborn-circuit-snow-day-edison-event,2,5,e712e36554b9,c46956ecf5eb,p1,2,0,True
retro-reborn-circuit-snow-day-edison-event,2,6,14109b542b1b,ea8b83ba488e,p2,2,1,True
retro-reborn-circuit-snow-day-edison-event,2,7,55436152ef2e,9842363a66cc,p2,2,0,False
retro-reborn-circuit-snow-day-edison-event,2,8,badb76311153,bc6b61633a1d,p1,2,0,True
retro-reborn-circuit-snow-day-edison-event,2,9,282d8a789859,f41dda1e2d4d,p1,2,1,True
retro-reborn-circuit-snow-day-edison-event,2,10,ce71f3863e89,0beafbe0b94d,p1,2,0,True
retro-reborn-circuit-snow-day-edison-event,2,11,b43fe04e31b2,1c7c9cbe213e,p1,2,0,True
retro-reborn-circuit-snow-day-edison-event,2,12,ac625738dbb3,753f0817553c,p1,2,0,True
retro-reborn-circuit-snow-day-edison-event,2,13,e53799904a2b,f663252e1e61,p1,2,1,True
retro-reborn-circuit-snow-day-edison-event,2,14,47ddbb220e92,e8215de08694,p2,2,1,True
retro-reborn-circuit-snow-day-edison-event,2,15,f0731e8743b6,ac90a5b36925,p2,2,0,True
retro-reborn-circuit-snow-day-edison-event,2,16,2a276112b270,92c828b76816,p2,2,0,True
retro-reborn-circuit-snow-day-edison-event,2,17,2cfd37688da5,7a6a73ff8198,p1,2,0,True
retro-reborn-circuit-snow-day-edison-event,3,1,282d8a789859,ea8b83ba488e,p2,2,1,True
retro-reborn-circuit-snow-day-edison-event,3,2,fb3bf1af7ef7,95da534b0f49,p2,2,1,True
retro-reborn-circuit-snow-day-edison-event,3,3,daae5f9554ee,9842363a66cc,p2,2,0,True
retro-reborn-circuit-snow-day-edison-event,3,4,e712e36554b9,a95e6ec5486a,p1,2,1,True
retro-reborn-circuit-snow-day-edison-event,3,5,badb76311153,b43fe04e31b2,p1,2,1,True
retro-reborn-circuit-snow-day-edison-event,3,6,732f530c642b,bc6b61633a1d,p1,2,1,True
retro-reborn-circuit-snow-day-edison-event,3,7,92c828b76816,f41dda1e2d4d,p1,2,1,True
retro-reborn-circuit-snow-day-edison-event,3,8,2cfd37688da5,ac625738dbb3,p1,2,1,True
retro-reborn-circuit-snow-day-edison-event,3,9,7dc505c5b721,ce71f3863e89,p2,2,0,True
retro-reborn-circuit-snow-day-edison-event,3,10,e53799904a2b,ac90a5b36925,p2,2,0,True
retro-reborn-circuit-snow-day-edison-event,3,11,f7168a8f8647,55436152ef2e,p1,2,1,False
retro-reborn-circuit-snow-day-edison-event,3,12,14109b542b1b,c46956ecf5eb,p1,2,0,True
retro-reborn-circuit-snow-day-edison-event,3,13,e8215de08694,0beafbe0b94d,p1,2,0,True
retro-reborn-circuit-snow-day-edison-event,3,14,47ddbb220e92,f663252e1e61,p1,2,1,True
retro-reborn-circuit-snow-day-edison-event,4,1,ea8b83ba488e,95da534b0f49,p1,2,0,True
retro-reborn-circuit-snow-day-edison-event,4,2,9842363a66cc,badb76311153,p2,2,1,True
retro-reborn-circuit-snow-day-edison-event,4,3,e712e36554b9,fb3bf1af7ef7,p1,2,1,True
retro-reborn-circuit-snow-day-edison-event,4,4,ac90a5b36925,e8215de08694,p2,2,1,True
retro-reborn-circuit-snow-day-edison-event,4,5,a95e6ec5486a,daae5f9554ee,p1,2,1,True
retro-reborn-circuit-snow-day-edison-event,4,6,732f530c642b,ce71f3863e89,p1,2,1,True
retro-reborn-circuit-snow-day-edison-event,4,7,92c828b76816,2cfd37688da5,p2,2,0,True
retro-reborn-circuit-snow-day-edison-event,4,8,282d8a789859,f7168a8f8647,p1,2,1,True
retro-reborn-circuit-snow-day-edison-event,4,9,14109b542b1b,ac625738dbb3,p1,2,1,True
retro-reborn-circuit-snow-day-edison-event,4,10,bc6b61633a1d,7dc505c5b721,p1,2,1,True
retro-reborn-circuit-snow-day-edison-event,4,11,f41dda1e2d4d,47ddbb220e92,p2,2,0,True
retro-reborn-circuit-snow-day-edison-event,4,12,f0731e8743b6,0beafbe0b94d,p1,2,0,True
retro-reborn-circuit-snow-day-edison-event,5,1,ea8b83ba488e,e712e36554b9,p1,2,0,True
retro-reborn-circuit-snow-day-edison-event,5,2,badb76311153,2cfd37688da5,p1,2,1,True
retro-reborn-circuit-snow-day-edison-event,5,3,95da534b0f49,282d8a789859,p2,2,1,True
retro-reborn-circuit-snow-day-edison-event,5,4,732f530c642b,a95e6ec5486a,p1,2,0,True
retro-reborn-circuit-snow-day-edison-event,5,5,14109b542b1b,9842363a66cc,p2,2,1,True
retro-reborn-circuit-snow-day-edison-event,5,6,e8215de08694,daae5f9554ee,p1,2,0,True
retro-reborn-circuit-snow-day-edison-event,5,7,47ddbb220e92,f0731e8743b6,p2,2,1,True
retro-reborn-circuit-snow-day-edison-event,5,8,92c828b76816,bc6b61633a1d,p1,2,1,True
retro-reborn-circuit-snow-day-edison-event,5,9,ac90a5b36925,7dc505c5b721,p1,2,0,True
retro-reborn-circuit-snow-day-edison-event,6,1,badb76311153,ea8b83ba488e,p1,2,0,True
retro-reborn-circuit-snow-day-edison-event,6,2,732f530c642b,e8215de08694,p1,2,1,True
retro-reborn-circuit-snow-day-edison-event,6,3,282d8a789859,9842363a66cc,p2,2,1,True
retro-reborn-circuit-snow-day-edison-event,6,4,e712e36554b9,92c828b76816,p1,2,0,True
retro-reborn-circuit-snow-day-edison-event,6,5,ac90a5b36925,a95e6ec5486a,p1,2,1,True
retro-reborn-circuit-snow-day-edison-event,6,6,95da534b0f49,f0731e8743b6,p1,2,0,True
retro-reborn-circuit-snow-day-edison-event,6,7,14109b542b1b,2cfd37688da5,p1,2,0,True
retro-reborn-circuit-snow-day-edison-event,Finals,1,732f530c642b,ea8b83ba488e,p1,2,0,True
retro-reborn-circuit-snow-day-edison-event,Top 4,1,badb76311153,732f530c642b,p2,2,1,True
retro-reborn-circuit-snow-day-edison-event,Top 4,2,ea8b83ba488e,9842363a66cc,p1,2,1,True
retro-reborn-circuit-snow-day-edison-event,Top 8,1,badb76311153,ac90a5b36925,p1,2,0,True
retro-reborn-circuit-snow-day-edison-event,Top 8,2,e712e36554b9,732f530c642b,p2,2,1,True
retro-reborn-circuit-snow-day-edison-event,Top 8,3,9842363a66cc,e8215de08694,p1,2,0,True
retro-reborn-circuit-snow-day-edison-event,Top 8,4,ea8b83ba488e,282d8a789859,p1,2,0,True
jorges-heb-freakoff,1,1,8712b3365d85,35f9379205a2,p2,2,1,False
jorges-heb-freakoff,1,2,9ae145ec9fc5,6b20d6889c27,p2,2,1,False
jorges-heb-freakoff,2,1,6b20d6889c27,35f9379205a2,p1,2,0,False
jorges-heb-freakoff,2,2,5a92e077d22d,9ae145ec9fc5,p1,2,0,False
jorges-heb-freakoff,3,1,6b20d6889c27,8712b3365d85,p2,2,0,False
jorges-heb-freakoff,3,2,5a92e077d22d,35f9379205a2,p1,2,1,False
edison-srbija-test,1,1,4220dfd9f99f,d129c14b2387,p1,2,1,False
edison-srbija-test,1,2,2aeae445e60d,e2c4520e7fb0,p1,1,0,False
edison-srbija-test,1,3,67e58b03654d,a6e51c2df136,p2,2,0,False
edison-srbija-test,1,4,af87c9bd81fd,1577d56acf31,p2,2,0,False
edison-srbija-test,1,5,c5a6641a5add,ca7d2090b400,p2,2,0,False
edison-srbija-test,1,6,e716f153450f,31489e3f9f57,p2,2,0,False
edison-srbija-test,1,7,fde13de2aebc,9ff97f1a6817,p2,2,0,False
edison-srbija-test,1,8,10f928486062,ace1c38852d3,p1,1,0,False
edison-srbija-test,1,9,cc8a44397536,bc53dc22b1f3,draw,,,False
edison-srbija-test,1,10,94e2d0620a4b,7d1afa503bc5,p1,1,0,False
edison-srbija-test,1,11,8b584687d84a,cce5d849f1eb,p1,2,0,False
edison-srbija-test,1,12,9a582a00e5f8,93936cb2e5d1,p2,2,0,False
edison-srbija-test,1,13,dd30ce8e78b4,0f2d9eab60f8,p1,1,0,False
edison-srbija-test,1,14,8da224de63b8,abec330b1fd5,p1,1,0,False
edison-srbija-test,1,15,9f14a6138c93,62788398b066,p1,1,0,False
edison-srbija-test,1,16,0ab768ea5c75,de8fcbe321fa,p2,2,0,False
edison-srbija-test,1,17,0652eeb1c029,bd61ad937d6a,draw,,,False
edison-srbija-test,2,1,4220dfd9f99f,a6e51c2df136,p1,1,0,False
edison-srbija-test,2,2,de8fcbe321fa,8da224de63b8,p1,2,0,False
edison-srbija-test,2,3,2aeae445e60d,10f928486062,p1,1,0,False
edison-srbija-test,2,4,31489e3f9f57,dd30ce8e78b4,p1,1,0,False
edison-srbija-test,2,5,9f14a6138c93,8b584687d84a,p2,1,0,False
edison-srbija-test,2,6,ca7d2090b400,93936cb2e5d1,p2,1,0,False
edison-srbija-test,2,7,9ff97f1a6817,1577d56acf31,p2,1,0,False
edison-srbija-test,2,8,94e2d0620a4b,bc53dc22b1f3,p2,1,0,False
edison-srbija-test,2,9,0652eeb1c029,cc8a44397536,p2,1,0,False
edison-srbija-test,2,10,bd61ad937d6a,fde13de2aebc,p2,1,0,False
edison-srbija-test,2,11,ace1c38852d3,e716f153450f,p2,1,0,False
edison-srbija-test,2,12,af87c9bd81fd,0f2d9eab60f8,p2,1,0,False
edison-srbija-test,2,13,67e58b03654d,e2c4520e7fb0,p1,2,0,False
edison-srbija-test,2,14,d129c14b2387,0ab768ea5c75,p1,2,0,False
edison-srbija-test,2,15,9a582a00e5f8,cce5d849f1eb,p1,1,0,False
edison-srbija-test,2,16,abec330b1fd5,7d1afa503bc5,draw,,,False
edison-srbija-test,2,17,c5a6641a5add,62788398b066,p1,1,0,False
edison-srbija-test,Finals,1,8b584687d84a,de8fcbe321fa,p2,2,0,False
edison-srbija-test,Top 4,1,bc53dc22b1f3,8b584687d84a,p2,1,0,False
edison-srbija-test,Top 4,2,de8fcbe321fa,4220dfd9f99f,p1,1,0,False
edison-srbija-test,Top 8,1,93936cb2e5d1,bc53dc22b1f3,p2,2,0,False
edison-srbija-test,Top 8,2,1577d56acf31,8b584687d84a,p2,1,0,False
edison-srbija-test,Top 8,3,4220dfd9f99f,2aeae445e60d,p1,1,0,False
edison-srbija-test,Top 8,4,31489e3f9f57,de8fcbe321fa,p2,2,0,False
edison-league-locals-week-3,1,1,961ad0d32f23,9f34671a13f2,p2,2,1,False
edison-league-locals-week-3,1,2,27da43677430,1ba99f02ad4e,p2,2,1,False
edison-league-locals-week-3,1,3,8dfb26fdaad4,ab00565092a0,p1,2,1,False
edison-league-locals-week-3,1,4,62faf5bea8e5,7c69072ad0cb,p2,2,0,False
edison-league-locals-week-3,1,5,1878d6cb3e7c,5cd2b4e55f44,p1,2,1,False
edison-league-locals-week-3,1,6,69d3e00878ed,6fc913d51d98,p2,2,1,False
edison-league-locals-week-3,1,7,c3f37e3750fe,a3fb318078a3,p1,2,0,False
edison-league-locals-week-3,1,8,906b825905ad,3fc2326fd451,p1,2,1,False
edison-league-locals-week-3,2,1,c3f37e3750fe,1ba99f02ad4e,p2,2,1,False
edison-league-locals-week-3,2,2,9f34671a13f2,8dfb26fdaad4,p2,2,1,False
edison-league-locals-week-3,2,3,906b825905ad,6fc913d51d98,p2,2,1,False
edison-league-locals-week-3,2,4,1878d6cb3e7c,7c69072ad0cb,p2,2,0,False
edison-league-locals-week-3,2,5,e5f98442daec,69d3e00878ed,p2,2,0,False
edison-league-locals-week-3,2,6,5cd2b4e55f44,ab00565092a0,p1,2,0,False
edison-league-locals-week-3,2,7,27da43677430,a3fb318078a3,p2,2,0,False
edison-league-locals-week-3,2,8,3fc2326fd451,62faf5bea8e5,p1,2,0,False
edison-league-locals-week-3,3,1,8dfb26fdaad4,7c69072ad0cb,p1,2,1,False
edison-league-locals-week-3,3,2,1ba99f02ad4e,6fc913d51d98,p1,2,1,False
edison-league-locals-week-3,3,3,1878d6cb3e7c,a3fb318078a3,p1,2,1,False
edison-league-locals-week-3,3,4,c3f37e3750fe,69d3e00878ed,p2,2,0,False
edison-league-locals-week-3,3,5,3fc2326fd451,e5f98442daec,p2,2,0,False
edison-league-locals-week-3,3,6,906b825905ad,5cd2b4e55f44,p2,2,1,False
edison-league-locals-week-3,3,7,9f34671a13f2,ab00565092a0,p1,2,0,False
edison-league-locals-week-3,3,8,62faf5bea8e5,27da43677430,p1,2,0,False
edison-league-locals-week-3,4,1,8dfb26fdaad4,1ba99f02ad4e,p2,2,1,False
edison-league-locals-week-3,4,2,9f34671a13f2,69d3e00878ed,p1,2,0,False
edison-league-locals-week-3,4,3,e5f98442daec,5cd2b4e55f44,p2,2,1,False
edison-league-locals-week-3,4,4,1878d6cb3e7c,6fc913d51d98,p2,2,1,False
edison-league-locals-week-3,4,5,7c69072ad0cb,3fc2326fd451,p1,2,1,False
edison-league-locals-week-3,4,6,62faf5bea8e5,a3fb318078a3,p2,2,0,False
edison-league-locals-week-3,4,7,906b825905ad,c3f37e3750fe,p2,2,0,False
rbet-vienna-1,1,1,3eba500f72b1,15c29308f7e7,p1,2,0,True
rbet-vienna-1,1,2,d1a3545f75e9,80705bbb4535,p1,2,0,True
rbet-vienna-1,1,3,2f52318cc955,f6f8ffbcc96f,p1,2,1,True
rbet-vienna-1,1,4,adcaa2236e69,d3725478a6cb,p1,2,0,True
rbet-vienna-1,1,5,844e04ad4fe9,4b821a0ab67d,p2,2,0,True
rbet-vienna-1,1,6,68878617338e,ac38a9d24f21,p1,2,0,True
rbet-vienna-1,1,7,b88b423ca0e3,b84fbfbdb0a7,p1,2,1,True
rbet-vienna-1,1,8,3cc2edfb54b4,1be1c05d7bbc,p2,2,0,True
rbet-vienna-1,1,9,ac15f65d5cde,731fef4d02d9,p1,2,0,True
rbet-vienna-1,1,10,0153d7bb28e3,fc485c90177b,p2,2,0,True
rbet-vienna-1,1,11,c19abe176892,06bccce06a0b,p2,2,1,True
rbet-vienna-1,1,12,de674c594c38,9a2cf42ca5cc,p1,2,1,True
rbet-vienna-1,1,13,c4b9622eacd9,06a4fa2c2dd9,p2,2,1,True
rbet-vienna-1,1,14,c7b82bb472ec,bdcfb63c407f,p2,2,0,True
rbet-vienna-1,1,15,da84447cc94a,0039b75825ae,p2,2,0,True
rbet-vienna-1,1,16,abe61cca6eba,c00083b689cd,p2,2,0,True
rbet-vienna-1,1,17,ec7c406dfcbe,e60b2effed6c,p1,2,1,True
rbet-vienna-1,1,18,cc3cd59443ac,fc8dd99ca3c7,p2,2,1,True
rbet-vienna-1,1,19,ecd2479ca5fc,1a62d3597b52,p1,2,1,True
rbet-vienna-1,1,20,d8460a653c54,0df23738ed1b,p1,2,0,True
rbet-vienna-1,1,21,5b9c01705223,d8f00dc975e9,p1,2,1,True
rbet-vienna-1,1,22,79a86e610aea,759acc7a70ef,p1,2,1,True
rbet-vienna-1,1,23,98f81a820fb4,14083c9bcd71,p2,2,1,True
rbet-vienna-1,1,24,e1b41d8bafb8,fd5db927f527,p2,2,0,True
rbet-vienna-1,1,25,28885a919c21,ee83826281e3,p2,2,0,True
rbet-vienna-1,1,26,46c3cdf83239,a8c489666d34,p2,2,0,True
rbet-vienna-1,1,27,d94a9165a620,e2b6cbd1227a,p2,2,0,True
rbet-vienna-1,1,28,0f896a11737b,6322e9b1cb4c,p2,2,1,True
rbet-vienna-1,1,29,aab7a1995f6c,00b41db48942,p1,2,1,True
rbet-vienna-1,1,30,c0ea32c1d76c,5414eaf31e10,p1,2,1,True
rbet-vienna-1,1,31,5b8760261c4a,8099a8955f70,p2,2,1,True
rbet-vienna-1,1,32,de8fcbe321fa,bfc07ff61cd8,p1,2,0,True
rbet-vienna-1,1,33,6d503960f98c,0e2ef6bbfbee,p2,2,1,True
rbet-vienna-1,1,34,c93910489696,d2c6482e996e,p1,2,0,True
rbet-vienna-1,1,35,fd4be8f58410,4ed9ec445ae1,p2,2,1,True
rbet-vienna-1,1,36,90d2375b4eec,c657dcf0c540,p1,2,0,True
rbet-vienna-1,1,37,44066e3040b8,4ae472dfcca8,p1,2,1,True
rbet-vienna-1,1,38,6f258646a01c,980266b66408,p1,2,1,True
rbet-vienna-1,1,39,1685d282b4f9,4ad9da52d20d,p2,2,1,True
rbet-vienna-1,1,40,cfd2727dc5df,d90661234aed,p2,2,1,True
rbet-vienna-1,1,41,1df14b9cbaef,96958a275f5c,p2,2,0,True
rbet-vienna-1,1,42,29ee5259d0b7,f38198cc7837,p2,2,0,True
rbet-vienna-1,1,43,029f09329b0f,c378c55213db,p1,2,0,True
rbet-vienna-1,1,44,b236ded8fb2f,640c91eb3589,p1,2,1,True
rbet-vienna-1,1,45,ecb85aac5646,628d670a8f67,p2,2,0,True
rbet-vienna-1,1,46,3591a770a1fd,36d607114ce5,p2,2,1,True
rbet-vienna-1,1,47,776e528c3850,e9a82790bf0e,p1,2,0,True
rbet-vienna-1,1,48,68ab6bd6a9a6,1fd2e2ec5f2c,p1,2,0,True
rbet-vienna-1,1,49,e419b13a156e,c8c82befea9a,p2,2,1,True
rbet-vienna-1,1,50,9395f59a842e,aa9fa9806f07,p2,2,0,True
rbet-vienna-1,1,51,70316adba3c3,40eba0170b23,p1,2,1,True
rbet-vienna-1,1,52,ce135a0f5c1f,b50af2d79c99,p2,2,0,True
rbet-vienna-1,1,53,ede1036668fe,12c953c89c11,p1,2,1,True
rbet-vienna-1,1,54,72867248e69b,b415be32c94b,p1,2,1,True
rbet-vienna-1,1,55,ec3192a6aaed,031a8c3dbc68,p2,2,1,True
rbet-vienna-1,1,56,27091c0a636a,6dd5e956cda6,p2,2,0,True
rbet-vienna-1,1,57,041dd152a7e8,20ad837625b0,p1,2,1,True
rbet-vienna-1,1,58,211b35d7d2d6,6049f372d64d,p2,2,1,True
rbet-vienna-1,1,59,fb0cc61ae038,bed067b29a6c,p2,2,0,True
rbet-vienna-1,1,60,9658fdda24b8,5854528964a3,p2,2,0,True
rbet-vienna-1,1,61,9fee3a165155,fc172cdd4641,p2,2,0,True
rbet-vienna-1,1,62,af15cafcad75,444a8a0e1545,p2,2,1,True
rbet-vienna-1,1,63,2a40272f8916,35f65da8f042,p2,2,1,True
rbet-vienna-1,1,64,f55d28c62be0,a07905caa25f,p1,2,1,True
rbet-vienna-1,1,65,1162fe9b1b50,0f0121ada247,p2,2,1,True
rbet-vienna-1,1,66,cc5823d72fec,cbdf03201bd6,p2,2,0,True
rbet-vienna-1,1,67,92be30bec7f3,3dbdd51cb2e7,p1,2,0,True
rbet-vienna-1,1,68,fa96bedc0f79,356b1d6941f5,p1,2,0,True
rbet-vienna-1,1,69,7db2b2d15682,aa6d58ed8175,p2,2,0,True
rbet-vienna-1,1,70,0948a1377278,513c36038cc7,p1,2,1,True
rbet-vienna-1,1,71,2ef9b5c32f4f,54f12868a61c,p1,2,1,True
rbet-vienna-1,1,72,d15094495b12,b818f6705c79,p1,2,0,True
rbet-vienna-1,1,73,785d0a0e9b80,dacec33c3fe9,p2,2,1,True
rbet-vienna-1,1,74,bbf16d0ea4bb,da7b73e2c0f8,p1,2,1,True
rbet-vienna-1,1,75,a32d003323b3,d8423ad19b42,p2,2,0,True
rbet-vienna-1,1,76,0c513dd4100d,cfd595b2cdfe,p1,2,1,True
rbet-vienna-1,1,77,d52bb7c569b7,c30e66c74ae4,p1,2,0,True
rbet-vienna-1,1,78,015bf45ae95c,8f0a482775f2,p1,2,0,True
rbet-vienna-1,1,79,a4caacb698cf,b0f7903d545f,p2,2,1,True
rbet-vienna-1,1,80,d0a33e7af827,350722cc5a02,p1,2,1,True
rbet-vienna-1,1,81,dba38c8398c0,71bc1254d96a,p2,2,0,True
rbet-vienna-1,1,82,43745f3b588b,c7da5035f656,p2,2,0,True
rbet-vienna-1,1,83,34eb88ac6400,7ef5a13abc0d,p1,2,0,True
rbet-vienna-1,1,84,dfd57273adea,f742584bd091,p1,2,1,True
rbet-vienna-1,1,85,ca1a9318efd2,d203c158aa8d,p1,2,0,True
rbet-vienna-1,1,86,fb93ff757203,b673e524b6f0,p2,2,1,True
rbet-vienna-1,1,87,4d69943e917b,3155369103a4,p2,2,1,True
rbet-vienna-1,1,88,a5f44ad47af9,0c864de9725e,p2,2,1,True
rbet-vienna-1,1,89,60bbf02f862d,dc2f9b056f11,p2,2,1,True
rbet-vienna-1,1,90,56094495e643,4a5e84963cf5,p1,2,1,True
rbet-vienna-1,1,91,b9b0e2ea147a,67e2587d3169,p2,2,1,True
rbet-vienna-1,1,92,d30d069dbbe0,48101cac39e3,p2,2,1,True
rbet-vienna-1,1,93,e7bb6a443cd2,2699fe41a5ad,p1,2,0,True
rbet-vienna-1,1,94,993c81cb40bc,52f86cc4e4f8,p1,2,0,True
rbet-vienna-1,1,95,d2654826b4db,d7d27199de9b,p2,2,1,True
rbet-vienna-1,1,96,6c337d3a9375,0c052bfaf333,p1,2,1,True
rbet-vienna-1,1,97,3f9893177825,cbd8cd21c08b,p1,2,1,True
rbet-vienna-1,1,98,4cbc2b3d6356,cca7c260492a,p2,2,1,True
rbet-vienna-1,1,99,8d2f7dc8a474,070417c97489,p1,2,1,True
rbet-vienna-1,1,100,7332dc978902,f4a96bbbe4c8,p2,2,0,True
rbet-vienna-1,1,101,3259e2b955ec,1027c26f845f,p2,2,0,True
rbet-vienna-1,1,102,bc35a3f45435,45589a98dc15,p1,2,0,True
rbet-vienna-1,1,103,94a946b2b178,291a56f29adf,p2,2,1,True
rbet-vienna-1,1,104,fc2a07ec1c4c,b6a2042f7167,p2,2,1,True
rbet-vienna-1,1,105,cb8e99cc810f,58690bafcbab,p1,2,1,True
rbet-vienna-1,1,106,8c6c524446c9,e09b7615e6eb,p2,2,1,True
rbet-vienna-1,1,107,abb031289ce9,fb6a6b376bce,p2,2,0,True
rbet-vienna-1,1,108,a12b17131223,a7bfdd297fc8,p1,2,0,True
rbet-vienna-1,1,109,1c1e40ac4096,abb539d20250,p2,2,0,True
rbet-vienna-1,1,110,bdbf385d7a29,7876e0489e0f,p2,2,1,True
rbet-vienna-1,1,111,4fe56f5523df,a259b4ca95e5,p1,2,1,True
rbet-vienna-1,1,112,1010dd607edd,61f53f6281c1,p1,2,0,True
rbet-vienna-1,1,113,fa5397d2ac67,c0b446d843d2,p1,2,0,True
rbet-vienna-1,1,114,eda39b142702,505ecf1c7701,p2,2,1,True
rbet-vienna-1,1,115,3e52c215c000,d5978976177c,p2,2,1,True
rbet-vienna-1,1,116,3463c1df726e,e97e896beb85,p2,2,1,True
rbet-vienna-1,1,117,70d1afbc867a,03a009786fa0,p1,2,0,True
rbet-vienna-1,1,118,7150883c5b5d,73a9f707352a,p2,2,1,True
rbet-vienna-1,1,119,7da5d2101fb9,4adc8dfbc23e,p1,2,1,True
rbet-vienna-1,1,120,f9d0bfd42f07,d89da181655e,p2,2,1,True
rbet-vienna-1,1,121,8e60b9b12ac4,6cda509c9395,p2,2,0,True
rbet-vienna-1,1,122,54732ec660af,a486af40e908,p1,2,1,True
rbet-vienna-1,1,123,2c177cb1fa80,058988552757,p2,2,1,True
rbet-vienna-1,1,124,aad3e0f4c162,c7fdbc9b3976,p2,2,0,True
rbet-vienna-1,1,125,0c721fe08434,0300dba62fdb,p2,2,1,True
rbet-vienna-1,1,126,1c9d3fee9f48,3a20d351fe0d,p2,2,1,True
rbet-vienna-1,1,127,7343137960bc,d82f53e10c4f,p1,2,0,True
rbet-vienna-1,1,128,83f1f74b3315,71f246f2cabe,p2,2,1,True
rbet-vienna-1,1,129,64544c3565c6,2183486515cc,p1,2,1,True
rbet-vienna-1,1,130,f412dbe66622,9d5075a3669a,p2,2,1,True
rbet-vienna-1,1,131,afbcf64aff29,30abfefc9192,p1,2,1,True
rbet-vienna-1,1,132,af4985687e77,fb1f5da37c90,p2,2,0,True
rbet-vienna-1,1,133,534047fb6168,36a17b35b4d8,p2,2,1,True
rbet-vienna-1,1,134,456b2f552e39,2d183617a55f,p1,2,0,True
rbet-vienna-1,1,135,949f24e0483f,fba1dde0636b,p2,2,0,True
rbet-vienna-1,1,136,e75e28f101c2,109ff3d419ad,p1,2,1,True
rbet-vienna-1,1,137,03d9037102f1,eb39a13b2724,p1,2,0,True
rbet-vienna-1,1,138,74a3548d3250,c3075507cae7,p2,2,1,True
rbet-vienna-1,1,139,7f33603053c4,c378941800d7,p1,2,0,True
rbet-vienna-1,1,140,9cb2fa4ba24e,7d2217367d10,p2,2,1,True
rbet-vienna-1,1,141,e83151fa166f,84929c99117a,p2,2,1,True
rbet-vienna-1,1,142,8b0e962cb5f0,03d9a24ff9c7,p2,2,1,True
rbet-vienna-1,1,143,210e4647ea47,93fda5f2aa6e,p2,2,1,True
rbet-vienna-1,1,144,bfeb7b47f237,b78dbe9d0057,p2,2,1,True
rbet-vienna-1,1,145,b310940705c0,161631292f5b,p2,2,0,True
rbet-vienna-1,1,146,ab694886861f,df49478022f7,p1,2,0,True
rbet-vienna-1,1,147,78351bbe405b,3d5ca0758c41,p2,2,0,True
rbet-vienna-1,1,148,d562801cbc3d,702d073009f2,p2,2,0,True
rbet-vienna-1,1,149,1faf406f428c,3dd90daa5c7c,p1,2,0,True
rbet-vienna-1,1,150,d01a7d0b5c72,c964371ca748,p2,2,1,True
rbet-vienna-1,1,151,cd7167356d22,61708b77018b,p2,2,1,True
rbet-vienna-1,1,152,261d3569f320,cd8698840a20,p1,2,0,True
rbet-vienna-1,1,153,164385628fb4,246a624af7b1,p1,2,0,True
rbet-vienna-1,1,154,276cb6d5374f,0ec07587ac30,p1,2,1,True
rbet-vienna-1,1,155,dc681bc3c99d,04949c2b130f,p2,2,0,True
rbet-vienna-1,1,156,c3af351925ba,ac80edeed8a9,p2,2,1,True
rbet-vienna-1,1,157,a9e9783307b7,5b059689c633,p1,2,1,True
rbet-vienna-1,1,158,4f6e18c389be,f755e63b00a5,p2,2,0,True
rbet-vienna-1,1,159,25a778c30f69,0f9a665a90f8,p2,2,1,True
rbet-vienna-1,1,160,3a1d770bcf51,d5976a392e13,p1,2,1,True
rbet-vienna-1,1,161,fbfe5f545aca,a19996a00472,p1,2,0,True
rbet-vienna-1,1,162,25892e3352f3,52c72c974e2f,p1,2,1,True
rbet-vienna-1,1,163,446e07b49f8f,e1648153e9cb,p2,2,1,True
rbet-vienna-1,1,164,83544f816e4f,fd89c37c7bb3,p2,2,0,True
rbet-vienna-1,1,165,368c3dbae883,4d00d952219f,p1,2,1,True
rbet-vienna-1,1,166,5a11a889b54c,5fad93fcdc5f,p2,2,1,True
rbet-vienna-1,1,167,ab00134a9e2d,3de8021a10cd,p2,2,1,True
rbet-vienna-1,1,168,163332e005b0,788f54800466,p1,2,1,True
rbet-vienna-1,1,169,dab2c005ebfe,af8983847c7c,p2,2,1,True
rbet-vienna-1,1,170,def45cb77947,21639c8331c7,p2,2,1,True
rbet-vienna-1,1,171,a5d81114e2bb,cf6e6d0fdfcf,p2,2,1,True
rbet-vienna-1,2,1,b50af2d79c99,702d073009f2,p2,2,0,True
rbet-vienna-1,2,2,3de8021a10cd,7343137960bc,draw,,,True
rbet-vienna-1,2,3,c7fdbc9b3976,d0a33e7af827,p1,2,1,True
rbet-vienna-1,2,4,456b2f552e39,7d2217367d10,p1,2,1,True
rbet-vienna-1,2,5,71bc1254d96a,68ab6bd6a9a6,p2,2,0,True
rbet-vienna-1,2,6,f38198cc7837,54732ec660af,p1,2,0,True
rbet-vienna-1,2,7,0039b75825ae,015bf45ae95c,p1,2,1,True
rbet-vienna-1,2,8,3f9893177825,dfd57273adea,p1,2,0,True
rbet-vienna-1,2,9,79a86e610aea,aa9fa9806f07,p1,2,0,True
rbet-vienna-1,2,10,0f0121ada247,fa5397d2ac67,p1,2,1,True
rbet-vienna-1,2,11,adcaa2236e69,84929c99117a,p1,2,1,True
rbet-vienna-1,2,12,03d9037102f1,21639c8331c7,p2,2,1,True
rbet-vienna-1,2,13,fb6a6b376bce,70d1afbc867a,p2,2,0,True
rbet-vienna-1,2,14,7da5d2101fb9,5854528964a3,p2,2,1,True
rbet-vienna-1,2,15,505ecf1c7701,c0ea32c1d76c,p2,2,0,True
rbet-vienna-1,2,16,d8460a653c54,c8c82befea9a,p1,2,1,True
rbet-vienna-1,2,17,70316adba3c3,291a56f29adf,p1,2,1,True
rbet-vienna-1,2,18,4fe56f5523df,bdcfb63c407f,p2,2,0,True
rbet-vienna-1,2,19,628d670a8f67,8099a8955f70,p2,2,0,True
rbet-vienna-1,2,20,f55d28c62be0,1faf406f428c,p2,2,1,True
rbet-vienna-1,2,21,3155369103a4,14083c9bcd71,p1,2,0,True
rbet-vienna-1,2,22,d1a3545f75e9,71f246f2cabe,p2,2,1,True
rbet-vienna-1,2,23,bbf16d0ea4bb,36a17b35b4d8,p2,2,0,True
rbet-vienna-1,2,24,fc485c90177b,ca1a9318efd2,p2,2,1,True
rbet-vienna-1,2,25,776e528c3850,2ef9b5c32f4f,p1,2,1,True
rbet-vienna-1,2,26,368c3dbae883,1be1c05d7bbc,p2,2,0,True
rbet-vienna-1,2,27,fb1f5da37c90,e75e28f101c2,p1,2,1,True
rbet-vienna-1,2,28,031a8c3dbc68,fd89c37c7bb3,p1,2,1,True
rbet-vienna-1,2,29,f755e63b00a5,61708b77018b,p1,2,1,True
rbet-vienna-1,2,30,dacec33c3fe9,6cda509c9395,p2,2,0,True
rbet-vienna-1,2,31,afbcf64aff29,5fad93fcdc5f,p2,2,1,True
rbet-vienna-1,2,32,35f65da8f042,fba1dde0636b,p2,2,0,True
rbet-vienna-1,2,33,ede1036668fe,a12b17131223,p1,2,0,True
rbet-vienna-1,2,34,b236ded8fb2f,fd5db927f527,p2,2,1,True
rbet-vienna-1,2,35,608f7b8c61f6,de8fcbe321fa,p2,2,0,True
rbet-vienna-1,2,36,bed067b29a6c,d52bb7c569b7,p1,2,0,True
rbet-vienna-1,2,37,444a8a0e1545,f4a96bbbe4c8,p1,2,0,True
rbet-vienna-1,2,38,2f52318cc955,e2b6cbd1227a,p1,2,0,True
rbet-vienna-1,2,39,0300dba62fdb,fa96bedc0f79,p2,2,0,True
rbet-vienna-1,2,40,6c337d3a9375,161631292f5b,p1,2,0,True
rbet-vienna-1,2,41,6f258646a01c,0948a1377278,p1,2,1,True
rbet-vienna-1,2,42,b78dbe9d0057,64544c3565c6,p2,2,0,True
rbet-vienna-1,2,43,4ad9da52d20d,c00083b689cd,p2,2,1,True
rbet-vienna-1,2,44,8d2f7dc8a474,04949c2b130f,p1,2,0,True
rbet-vienna-1,2,45,cca7c260492a,96958a275f5c,p2,2,0,True
rbet-vienna-1,2,46,7f33603053c4,d8423ad19b42,p2,2,1,True
rbet-vienna-1,2,47,dc2f9b056f11,b88b423ca0e3,p2,2,0,True
rbet-vienna-1,2,48,fbfe5f545aca,a8c489666d34,p2,2,1,True
rbet-vienna-1,2,49,5b9c01705223,ac15f65d5cde,p1,2,1,True
rbet-vienna-1,2,50,d15094495b12,56094495e643,p2,2,1,True
rbet-vienna-1,2,51,93fda5f2aa6e,041dd152a7e8,p1,2,1,True
rbet-vienna-1,2,52,b6a2042f7167,06bccce06a0b,p2,2,0,True
rbet-vienna-1,2,53,68878617338e,0c513dd4100d,p1,2,1,True
rbet-vienna-1,2,54,36d607114ce5,6dd5e956cda6,p1,2,0,True
rbet-vienna-1,2,55,1027c26f845f,cb8e99cc810f,p1,2,1,True
rbet-vienna-1,2,56,44066e3040b8,c7da5035f656,p1,2,1,True
rbet-vienna-1,2,57,7876e0489e0f,de674c594c38,p1,2,1,True
rbet-vienna-1,2,58,163332e005b0,4ed9ec445ae1,p1,2,1,True
rbet-vienna-1,2,59,0e2ef6bbfbee,ac80edeed8a9,p1,2,0,True
rbet-vienna-1,2,60,1010dd607edd,6049f372d64d,p1,2,1,True
rbet-vienna-1,2,61,3a20d351fe0d,058988552757,p1,2,1,True
rbet-vienna-1,2,62,cf6e6d0fdfcf,261d3569f320,p2,2,1,True
rbet-vienna-1,2,63,6322e9b1cb4c,c964371ca748,p1,2,1,True
rbet-vienna-1,2,64,06a4fa2c2dd9,ee83826281e3,p2,2,0,True
rbet-vienna-1,2,65,fc172cdd4641,d90661234aed,p1,2,1,True
rbet-vienna-1,2,66,3d5ca0758c41,029f09329b0f,p2,2,1,True
rbet-vienna-1,2,67,92be30bec7f3,ec7c406dfcbe,p2,2,0,True
rbet-vienna-1,2,68,b673e524b6f0,e1648153e9cb,p1,2,1,True
rbet-vienna-1,2,69,3eba500f72b1,af8983847c7c,p1,2,1,True
rbet-vienna-1,2,70,d7d27199de9b,0c864de9725e,p2,2,0,True
rbet-vienna-1,2,71,a9e9783307b7,3a1d770bcf51,p1,2,0,True
rbet-vienna-1,2,72,164385628fb4,fc8dd99ca3c7,p1,2,0,True
rbet-vienna-1,2,73,67e2587d3169,34eb88ac6400,p2,2,0,True
rbet-vienna-1,2,74,d5978976177c,aab7a1995f6c,p1,2,0,True
rbet-vienna-1,2,75,aa6d58ed8175,c3075507cae7,p1,2,1,True
rbet-vienna-1,2,76,bc35a3f45435,03d9a24ff9c7,p2,2,0,True
rbet-vienna-1,2,77,b0f7903d545f,0f9a665a90f8,p2,2,0,True
rbet-vienna-1,2,78,d89da181655e,72867248e69b,p1,2,1,True
rbet-vienna-1,2,79,276cb6d5374f,e09b7615e6eb,p2,2,0,True
rbet-vienna-1,2,80,90d2375b4eec,48101cac39e3,draw,,,True
rbet-vienna-1,2,81,ecd2479ca5fc,abb539d20250,p1,2,1,True
rbet-vienna-1,2,82,4b821a0ab67d,993c81cb40bc,p1,2,0,True
rbet-vienna-1,2,83,25892e3352f3,c93910489696,p2,2,0,True
rbet-vienna-1,2,84,73a9f707352a,e7bb6a443cd2,p1,2,0,True
rbet-vienna-1,2,85,cbdf03201bd6,9d5075a3669a,p2,2,1,True
rbet-vienna-1,2,86,e97e896beb85,ab694886861f,p1,2,1,True
rbet-vienna-1,2,87,00b41db48942,210e4647ea47,p1,2,1,True
rbet-vienna-1,2,88,cd8698840a20,ce135a0f5c1f,p2,2,1,True
rbet-vienna-1,2,89,fc2a07ec1c4c,0df23738ed1b,p1,2,1,True
rbet-vienna-1,2,90,d203c158aa8d,52f86cc4e4f8,p1,2,1,True
rbet-vienna-1,2,91,58690bafcbab,446e07b49f8f,p2,2,1,True
rbet-vienna-1,2,92,83f1f74b3315,9cb2fa4ba24e,p1,2,1,True
rbet-vienna-1,2,93,a259b4ca95e5,fd4be8f58410,p2,2,0,True
rbet-vienna-1,2,94,640c91eb3589,070417c97489,p1,2,1,True
rbet-vienna-1,2,95,949f24e0483f,0c721fe08434,p2,2,0,True
rbet-vienna-1,2,96,2699fe41a5ad,8e60b9b12ac4,p2,2,1,True
rbet-vienna-1,2,97,f6f8ffbcc96f,4f6e18c389be,p1,2,0,True
rbet-vienna-1,2,98,20ad837625b0,a7bfdd297fc8,p1,2,1,True
rbet-vienna-1,2,99,0153d7bb28e3,1fd2e2ec5f2c,p1,2,0,True
rbet-vienna-1,2,100,3dd90daa5c7c,211b35d7d2d6,p1,2,1,True
rbet-vienna-1,2,101,46c3cdf83239,980266b66408,p1,2,0,True
rbet-vienna-1,2,102,e9a82790bf0e,1df14b9cbaef,p1,2,1,True
rbet-vienna-1,2,103,bfeb7b47f237,7ef5a13abc0d,p1,2,0,True
rbet-vienna-1,2,104,c378941800d7,785d0a0e9b80,p1,2,1,True
rbet-vienna-1,2,105,b818f6705c79,5b8760261c4a,p2,2,1,True
rbet-vienna-1,2,106,ec3192a6aaed,3591a770a1fd,p1,2,0,True
rbet-vienna-1,2,107,246a624af7b1,4d69943e917b,p2,2,1,True
rbet-vienna-1,2,108,cfd595b2cdfe,7150883c5b5d,p2,2,0,True
rbet-vienna-1,2,109,15c29308f7e7,3e52c215c000,p1,2,0,True
rbet-vienna-1,2,110,da84447cc94a,e419b13a156e,p2,2,0,True
rbet-vienna-1,2,111,c30e66c74ae4,8f0a482775f2,p1,2,0,True
rbet-vienna-1,2,112,1c1e40ac4096,c19abe176892,p1,2,1,True
rbet-vienna-1,2,113,cc5823d72fec,ac38a9d24f21,p2,2,0,True
rbet-vienna-1,2,114,a5f44ad47af9,03a009786fa0,p2,2,1,True
rbet-vienna-1,2,115,e83151fa166f,5b059689c633,p2,2,0,True
rbet-vienna-1,2,116,c378c55213db,ecb85aac5646,p1,2,0,True
rbet-vienna-1,2,117,5a11a889b54c,25a778c30f69,p1,2,1,True
rbet-vienna-1,2,118,98f81a820fb4,a32d003323b3,p1,2,0,True
rbet-vienna-1,2,119,52c72c974e2f,abb031289ce9,p1,2,0,True
rbet-vienna-1,2,120,74a3548d3250,3463c1df726e,p1,2,1,True
rbet-vienna-1,2,121,80705bbb4535,28885a919c21,p1,2,1,True
rbet-vienna-1,2,122,fb93ff757203,d562801cbc3d,p1,2,1,True
rbet-vienna-1,2,123,0ec07587ac30,d8f00dc975e9,draw,,,True
rbet-vienna-1,2,124,2c177cb1fa80,60bbf02f862d,p1,2,0,True
rbet-vienna-1,2,125,e1b41d8bafb8,eb39a13b2724,p2,2,1,True
rbet-vienna-1,2,126,3259e2b955ec,83544f816e4f,p2,2,0,True
rbet-vienna-1,2,127,def45cb77947,45589a98dc15,p1,2,1,True
rbet-vienna-1,2,128,4d00d952219f,cc3cd59443ac,p1,2,0,True
rbet-vienna-1,2,129,c4b9622eacd9,e60b2effed6c,p2,2,0,True
rbet-vienna-1,2,130,27091c0a636a,dab2c005ebfe,p2,2,0,True
rbet-vienna-1,2,131,7332dc978902,78351bbe405b,p2,2,1,True
rbet-vienna-1,2,132,cfd2727dc5df,dc681bc3c99d,p2,2,0,True
rbet-vienna-1,2,133,af15cafcad75,2d183617a55f,p1,2,0,True
rbet-vienna-1,2,134,bfc07ff61cd8,a4caacb698cf,p1,2,0,True
rbet-vienna-1,2,135,c0b446d843d2,d94a9165a620,p1,2,0,True
rbet-vienna-1,2,136,731fef4d02d9,8c6c524446c9,p2,2,0,True
rbet-vienna-1,2,137,844e04ad4fe9,40eba0170b23,p1,2,0,True
rbet-vienna-1,2,138,4adc8dfbc23e,5414eaf31e10,p1,2,0,True
rbet-vienna-1,2,139,d2c6482e996e,b415be32c94b,p2,2,0,True
rbet-vienna-1,2,140,3cc2edfb54b4,da7b73e2c0f8,p1,2,0,True
rbet-vienna-1,2,141,a5d81114e2bb,6d503960f98c,p2,2,1,True
rbet-vienna-1,2,142,d5976a392e13,9fee3a165155,p2,2,1,True
rbet-vienna-1,2,143,8b0e962cb5f0,abe61cca6eba,p2,2,1,True
rbet-vienna-1,2,144,a486af40e908,4ae472dfcca8,p1,2,0,True
rbet-vienna-1,2,145,d82f53e10c4f,9395f59a842e,p1,2,1,True
rbet-vienna-1,2,146,759acc7a70ef,f742584bd091,p1,2,1,True
rbet-vienna-1,2,147,0c052bfaf333,513c36038cc7,p1,2,0,True
rbet-vienna-1,2,148,cbd8cd21c08b,d01a7d0b5c72,p1,2,1,True
rbet-vienna-1,2,149,356b1d6941f5,fb0cc61ae038,p1,2,1,True
rbet-vienna-1,2,150,aad3e0f4c162,d2654826b4db,p2,2,1,True
rbet-vienna-1,2,151,788f54800466,109ff3d419ad,p1,2,0,True
rbet-vienna-1,2,152,1685d282b4f9,350722cc5a02,p1,2,0,True
rbet-vienna-1,2,153,1a62d3597b52,30abfefc9192,p1,2,0,True
rbet-vienna-1,2,154,bdbf385d7a29,eda39b142702,p2,2,0,True
rbet-vienna-1,2,155,4a5e84963cf5,2183486515cc,p2,2,1,True
rbet-vienna-1,2,156,ab00134a9e2d,b84fbfbdb0a7,p1,2,0,True
rbet-vienna-1,2,157,9658fdda24b8,c3af351925ba,p2,2,1,True
rbet-vienna-1,2,158,29ee5259d0b7,b310940705c0,p1,2,1,True
rbet-vienna-1,2,159,1c9d3fee9f48,9a2cf42ca5cc,p2,2,1,True
rbet-vienna-1,2,160,12c953c89c11,a19996a00472,p1,2,1,True
rbet-vienna-1,2,161,3dbdd51cb2e7,534047fb6168,p1,2,1,True
rbet-vienna-1,2,162,a07905caa25f,7db2b2d15682,p2,2,0,True
rbet-vienna-1,2,163,b9b0e2ea147a,61f53f6281c1,p2,2,1,True
rbet-vienna-1,2,164,df49478022f7,2a40272f8916,p2,2,1,True
rbet-vienna-1,2,165,4cbc2b3d6356,d30d069dbbe0,p2,2,0,True
rbet-vienna-1,2,166,f9d0bfd42f07,dba38c8398c0,p2,2,1,True
rbet-vienna-1,2,167,54f12868a61c,d3725478a6cb,p1,2,0,True
rbet-vienna-1,2,168,c657dcf0c540,c7b82bb472ec,p2,2,0,True
rbet-vienna-1,2,169,cd7167356d22,0f896a11737b,p2,2,1,True
rbet-vienna-1,2,170,43745f3b588b,94a946b2b178,p1,2,0,True
rbet-vienna-1,2,171,f412dbe66622,af4985687e77,p2,2,1,True
rbet-vienna-1,3,1,f755e63b00a5,c7fdbc9b3976,p1,2,0,True
rbet-vienna-1,3,2,ee83826281e3,56094495e643,p2,2,0,True
rbet-vienna-1,3,3,34eb88ac6400,36a17b35b4d8,p1,2,1,True
rbet-vienna-1,3,4,6cda509c9395,444a8a0e1545,p1,2,0,True
rbet-vienna-1,3,5,71f246f2cabe,3155369103a4,p2,2,0,True
rbet-vienna-1,3,6,79a86e610aea,de8fcbe321fa,p2,2,0,True
rbet-vienna-1,3,7,a8c489666d34,3eba500f72b1,p1,2,0,True
rbet-vienna-1,3,8,c0ea32c1d76c,d89da181655e,p1,2,1,True
rbet-vienna-1,3,9,bdcfb63c407f,3f9893177825,p2,2,1,True
rbet-vienna-1,3,10,ca1a9318efd2,0f9a665a90f8,p1,2,1,True
rbet-vienna-1,3,11,64544c3565c6,03d9a24ff9c7,p2,2,0,True
rbet-vienna-1,3,12,68ab6bd6a9a6,b673e524b6f0,p1,2,0,True
rbet-vienna-1,3,13,5fad93fcdc5f,7876e0489e0f,p2,2,1,True
rbet-vienna-1,3,14,5854528964a3,aa6d58ed8175,p2,2,0,True
rbet-vienna-1,3,15,4b821a0ab67d,1027c26f845f,p1,2,1,True
rbet-vienna-1,3,16,6322e9b1cb4c,1faf406f428c,p2,2,1,True
rbet-vienna-1,3,17,21639c8331c7,3a20d351fe0d,p2,2,0,True
rbet-vienna-1,3,18,06bccce06a0b,ec7c406dfcbe,p1,2,0,True
rbet-vienna-1,3,19,031a8c3dbc68,0c864de9725e,p1,2,0,True
rbet-vienna-1,3,20,8d2f7dc8a474,fc172cdd4641,p2,2,0,True
rbet-vienna-1,3,21,93fda5f2aa6e,96958a275f5c,p1,2,0,True
rbet-vienna-1,3,22,776e528c3850,d8423ad19b42,p1,2,1,True
rbet-vienna-1,3,23,8099a8955f70,164385628fb4,p1,2,0,True
rbet-vienna-1,3,24,d8460a653c54,163332e005b0,p2,2,0,True
rbet-vienna-1,3,25,1be1c05d7bbc,c93910489696,p1,2,1,True
rbet-vienna-1,3,26,0039b75825ae,456b2f552e39,p1,2,0,True
rbet-vienna-1,3,27,0f0121ada247,fba1dde0636b,p2,2,1,True
rbet-vienna-1,3,28,68878617338e,fd5db927f527,p2,2,1,True
rbet-vienna-1,3,29,fa96bedc0f79,70316adba3c3,p1,2,0,True
rbet-vienna-1,3,30,ecd2479ca5fc,b88b423ca0e3,p1,2,1,True
rbet-vienna-1,3,31,e97e896beb85,c00083b689cd,p1,2,0,True
rbet-vienna-1,3,32,70d1afbc867a,73a9f707352a,p2,2,0,True
rbet-vienna-1,3,33,029f09329b0f,f38198cc7837,p1,2,1,True
rbet-vienna-1,3,34,6c337d3a9375,2f52318cc955,p2,2,1,True
rbet-vienna-1,3,35,a9e9783307b7,44066e3040b8,p2,2,0,True
rbet-vienna-1,3,36,adcaa2236e69,d5978976177c,p1,2,1,True
rbet-vienna-1,3,37,0e2ef6bbfbee,702d073009f2,p2,2,1,True
rbet-vienna-1,3,38,5b9c01705223,ede1036668fe,p1,2,1,True
rbet-vienna-1,3,39,1010dd607edd,261d3569f320,p2,2,1,True
rbet-vienna-1,3,40,e09b7615e6eb,36d607114ce5,p1,2,1,True
rbet-vienna-1,3,41,6f258646a01c,9d5075a3669a,p2,2,1,True
rbet-vienna-1,3,42,fb1f5da37c90,bed067b29a6c,p1,2,1,True
rbet-vienna-1,3,43,48101cac39e3,3de8021a10cd,p2,2,1,True
rbet-vienna-1,3,44,90d2375b4eec,7343137960bc,p1,2,1,True
rbet-vienna-1,3,45,b78dbe9d0057,03a009786fa0,p2,2,0,True
rbet-vienna-1,3,46,6d503960f98c,c3075507cae7,p2,2,0,True
rbet-vienna-1,3,47,af8983847c7c,0c052bfaf333,p2,2,0,True
rbet-vienna-1,3,48,15c29308f7e7,d1a3545f75e9,p1,2,1,True
rbet-vienna-1,3,49,eda39b142702,a486af40e908,p2,2,1,True
rbet-vienna-1,3,50,b0f7903d545f,e9a82790bf0e,p1,2,0,True
rbet-vienna-1,3,51,bfc07ff61cd8,4d69943e917b,p2,2,1,True
rbet-vienna-1,3,52,3d5ca0758c41,5b059689c633,p2,2,1,True
rbet-vienna-1,3,53,d15094495b12,c30e66c74ae4,p1,2,1,True
rbet-vienna-1,3,54,06a4fa2c2dd9,f6f8ffbcc96f,p1,2,1,True
rbet-vienna-1,3,55,c7da5035f656,3dd90daa5c7c,p2,2,0,True
rbet-vienna-1,3,56,83f1f74b3315,fc485c90177b,p2,2,1,True
rbet-vienna-1,3,57,1162fe9b1b50,bbf16d0ea4bb,p1,2,1,True
rbet-vienna-1,3,58,25892e3352f3,2a40272f8916,p1,2,0,True
rbet-vienna-1,3,59,7f33603053c4,d30d069dbbe0,p1,2,1,True
rbet-vienna-1,3,60,e1648153e9cb,5b8760261c4a,p1,2,1,True
rbet-vienna-1,3,61,71bc1254d96a,a12b17131223,p2,2,1,True
rbet-vienna-1,3,62,e7bb6a443cd2,dc2f9b056f11,p1,2,1,True
rbet-vienna-1,3,63,def45cb77947,46c3cdf83239,p1,2,1,True
rbet-vienna-1,3,64,368c3dbae883,abb539d20250,p2,2,1,True
rbet-vienna-1,3,65,291a56f29adf,92be30bec7f3,p2,2,0,True
rbet-vienna-1,3,66,4ad9da52d20d,c378941800d7,p1,2,1,True
rbet-vienna-1,3,67,788f54800466,43745f3b588b,p1,2,1,True
rbet-vienna-1,3,68,d90661234aed,2c177cb1fa80,p2,2,1,True
rbet-vienna-1,3,69,eb39a13b2724,0153d7bb28e3,p1,2,0,True
rbet-vienna-1,3,70,b236ded8fb2f,608f7b8c61f6,p1,2,1,True
rbet-vienna-1,3,71,d0a33e7af827,fbfe5f545aca,p2,2,0,True
rbet-vienna-1,3,72,d203c158aa8d,628d670a8f67,p2,2,0,True
rbet-vienna-1,3,73,83544f816e4f,c964371ca748,p1,2,1,True
rbet-vienna-1,3,74,8c6c524446c9,fd89c37c7bb3,p2,2,1,True
rbet-vienna-1,3,75,0c513dd4100d,759acc7a70ef,p1,2,1,True
rbet-vienna-1,3,76,356b1d6941f5,1685d282b4f9,p1,2,1,True
rbet-vienna-1,3,77,52c72c974e2f,1c1e40ac4096,p2,2,1,True
rbet-vienna-1,3,78,3dbdd51cb2e7,844e04ad4fe9,p1,2,0,True
rbet-vienna-1,3,79,fd4be8f58410,f4a96bbbe4c8,p1,2,0,True
rbet-vienna-1,3,80,35f65da8f042,af4985687e77,p2,2,1,True
rbet-vienna-1,3,81,d82f53e10c4f,74a3548d3250,p2,2,1,True
rbet-vienna-1,3,82,d7d27199de9b,e75e28f101c2,p1,2,1,True
rbet-vienna-1,3,83,041dd152a7e8,61708b77018b,p2,2,1,True
rbet-vienna-1,3,84,9fee3a165155,dc681bc3c99d,p1,2,0,True
rbet-vienna-1,3,85,67e2587d3169,0948a1377278,p1,2,1,True
rbet-vienna-1,3,86,f55d28c62be0,e60b2effed6c,p1,2,1,True
rbet-vienna-1,3,87,ab00134a9e2d,7d2217367d10,p2,2,1,True
rbet-vienna-1,3,88,cf6e6d0fdfcf,29ee5259d0b7,p2,2,1,True
rbet-vienna-1,3,89,ec3192a6aaed,cca7c260492a,p2,2,0,True
rbet-vienna-1,3,90,7da5d2101fb9,ac38a9d24f21,p1,2,1,True
rbet-vienna-1,3,91,b50af2d79c99,993c81cb40bc,p1,2,0,True
rbet-vienna-1,3,92,5a11a889b54c,98f81a820fb4,p2,2,0,True
rbet-vienna-1,3,93,c8c82befea9a,3cc2edfb54b4,p1,2,0,True
rbet-vienna-1,3,94,8e60b9b12ac4,058988552757,p2,2,1,True
rbet-vienna-1,3,95,e2b6cbd1227a,e419b13a156e,p2,2,1,True
rbet-vienna-1,3,96,6dd5e956cda6,0300dba62fdb,p1,2,1,True
rbet-vienna-1,3,97,c0b446d843d2,9a2cf42ca5cc,p2,2,0,True
rbet-vienna-1,3,98,84929c99117a,4adc8dfbc23e,p2,2,0,True
rbet-vienna-1,3,99,dab2c005ebfe,fb6a6b376bce,p1,2,1,True
rbet-vienna-1,3,100,abe61cca6eba,2183486515cc,p1,2,1,True
rbet-vienna-1,3,101,fa5397d2ac67,446e07b49f8f,p2,2,1,True
rbet-vienna-1,3,102,4fe56f5523df,dfd57273adea,p1,2,1,True
rbet-vienna-1,3,103,cb8e99cc810f,20ad837625b0,p1,2,1,True
rbet-vienna-1,3,104,aa9fa9806f07,0f896a11737b,p2,2,0,True
rbet-vienna-1,3,105,bc35a3f45435,161631292f5b,p1,2,1,True
rbet-vienna-1,3,106,d2654826b4db,ac15f65d5cde,p1,2,0,True
rbet-vienna-1,3,107,78351bbe405b,dacec33c3fe9,p1,2,0,True
rbet-vienna-1,3,108,b6a2042f7167,afbcf64aff29,p2,2,0,True
rbet-vienna-1,3,109,7150883c5b5d,de674c594c38,p2,2,1,True
rbet-vienna-1,3,110,04949c2b130f,7db2b2d15682,p1,2,0,True
rbet-vienna-1,3,111,4ed9ec445ae1,80705bbb4535,p2,2,1,True
rbet-vienna-1,3,112,4d00d952219f,0c721fe08434,p1,2,0,True
rbet-vienna-1,3,113,2ef9b5c32f4f,640c91eb3589,p2,2,0,True
rbet-vienna-1,3,114,6049f372d64d,72867248e69b,p2,2,1,True
rbet-vienna-1,3,115,fc8dd99ca3c7,3a1d770bcf51,p2,2,1,True
rbet-vienna-1,3,116,fb93ff757203,aab7a1995f6c,p1,2,0,True
rbet-vienna-1,3,117,dba38c8398c0,ce135a0f5c1f,p1,2,0,True
rbet-vienna-1,3,118,00b41db48942,505ecf1c7701,p1,2,0,True
rbet-vienna-1,3,119,af15cafcad75,03d9037102f1,p2,2,0,True
rbet-vienna-1,3,120,bfeb7b47f237,ab694886861f,p1,2,0,True
rbet-vienna-1,3,121,1a62d3597b52,d52bb7c569b7,p2,2,1,True
rbet-vienna-1,3,122,12c953c89c11,61f53f6281c1,p1,2,0,True
rbet-vienna-1,3,123,b415be32c94b,14083c9bcd71,p2,2,1,True
rbet-vienna-1,3,124,ac80edeed8a9,cbd8cd21c08b,p2,2,1,True
rbet-vienna-1,3,125,54732ec660af,fc2a07ec1c4c,p1,2,1,True
rbet-vienna-1,3,126,015bf45ae95c,54f12868a61c,p2,2,0,True
rbet-vienna-1,3,127,c378c55213db,c7b82bb472ec,p1,2,0,True
rbet-vienna-1,3,128,cbdf03201bd6,276cb6d5374f,p2,2,1,True
rbet-vienna-1,3,129,0ec07587ac30,c19abe176892,p2,2,0,True
rbet-vienna-1,3,130,d8f00dc975e9,534047fb6168,p2,2,1,True
rbet-vienna-1,3,131,3591a770a1fd,3463c1df726e,p2,2,0,True
rbet-vienna-1,3,132,9cb2fa4ba24e,8f0a482775f2,p1,2,0,True
rbet-vienna-1,3,133,109ff3d419ad,1c9d3fee9f48,p2,2,1,True
rbet-vienna-1,3,134,a19996a00472,b9b0e2ea147a,p2,2,1,True
rbet-vienna-1,3,135,27091c0a636a,52f86cc4e4f8,p1,2,0,True
rbet-vienna-1,3,136,ecb85aac5646,070417c97489,draw,,,True
rbet-vienna-1,3,137,7ef5a13abc0d,d3725478a6cb,p1,2,1,True
rbet-vienna-1,3,138,a4caacb698cf,f412dbe66622,p1,2,1,True
rbet-vienna-1,3,139,cc5823d72fec,211b35d7d2d6,p1,2,0,True
rbet-vienna-1,3,140,350722cc5a02,da84447cc94a,p1,2,0,True
rbet-vienna-1,3,141,5414eaf31e10,fb0cc61ae038,p2,2,1,True
rbet-vienna-1,3,142,cc3cd59443ac,9658fdda24b8,p1,2,0,True
rbet-vienna-1,3,143,980266b66408,b818f6705c79,p1,2,0,True
rbet-vienna-1,3,144,e83151fa166f,a259b4ca95e5,p2,2,0,True
rbet-vienna-1,3,145,f9d0bfd42f07,731fef4d02d9,p2,2,1,True
rbet-vienna-1,3,146,785d0a0e9b80,c657dcf0c540,p1,2,0,True
rbet-vienna-1,3,147,7332dc978902,58690bafcbab,p2,2,1,True
rbet-vienna-1,3,148,a07905caa25f,cfd2727dc5df,p2,2,0,True
rbet-vienna-1,3,149,e1b41d8bafb8,a5f44ad47af9,p2,2,1,True
rbet-vienna-1,3,150,c4b9622eacd9,4cbc2b3d6356,p2,2,0,True
rbet-vienna-1,3,151,d94a9165a620,bdbf385d7a29,p2,2,1,True
rbet-vienna-1,3,152,0df23738ed1b,4a5e84963cf5,p2,2,1,True
rbet-vienna-1,3,153,a5d81114e2bb,d562801cbc3d,p2,2,1,True
rbet-vienna-1,3,154,60bbf02f862d,cd8698840a20,p2,2,0,True
rbet-vienna-1,3,155,2d183617a55f,b310940705c0,p2,2,0,True
rbet-vienna-1,3,156,513c36038cc7,a7bfdd297fc8,p1,2,1,True
rbet-vienna-1,3,157,abb031289ce9,b84fbfbdb0a7,p1,2,1,True
rbet-vienna-1,3,158,da7b73e2c0f8,d5976a392e13,p2,2,0,True
rbet-vienna-1,3,159,25a778c30f69,8b0e962cb5f0,p2,2,1,True
rbet-vienna-1,4,1,776e528c3850,4b821a0ab67d,p1,2,1,True
rbet-vienna-1,4,2,8099a8955f70,1faf406f428c,p2,2,1,True
rbet-vienna-1,4,3,fba1dde0636b,73a9f707352a,p2,2,1,True
rbet-vienna-1,4,4,fd5db927f527,261d3569f320,p1,2,0,True
rbet-vienna-1,4,5,56094495e643,aa6d58ed8175,p2,2,1,True
rbet-vienna-1,4,6,702d073009f2,fb1f5da37c90,p1,2,1,True
rbet-vienna-1,4,7,5b9c01705223,031a8c3dbc68,p1,2,1,True
rbet-vienna-1,4,8,93fda5f2aa6e,6cda509c9395,p2,2,1,True
rbet-vienna-1,4,9,fa96bedc0f79,06bccce06a0b,p2,2,0,True
rbet-vienna-1,4,10,adcaa2236e69,e97e896beb85,p2,2,1,True
rbet-vienna-1,4,11,e09b7615e6eb,163332e005b0,p1,2,1,True
rbet-vienna-1,4,12,1be1c05d7bbc,3a20d351fe0d,p1,2,1,True
rbet-vienna-1,4,13,34eb88ac6400,3f9893177825,p2,2,1,True
rbet-vienna-1,4,14,7876e0489e0f,a8c489666d34,p1,2,1,True
rbet-vienna-1,4,15,ca1a9318efd2,fc172cdd4641,p2,2,1,True
rbet-vienna-1,4,16,f755e63b00a5,0039b75825ae,p2,2,0,True
rbet-vienna-1,4,17,ecd2479ca5fc,de8fcbe321fa,p1,2,1,True
rbet-vienna-1,4,18,9d5075a3669a,c0ea32c1d76c,p2,2,0,True
rbet-vienna-1,4,19,68ab6bd6a9a6,2f52318cc955,p1,2,1,True
rbet-vienna-1,4,20,03d9a24ff9c7,029f09329b0f,p2,2,0,True
rbet-vienna-1,4,21,44066e3040b8,3155369103a4,p2,2,1,True
rbet-vienna-1,4,22,3de8021a10cd,90d2375b4eec,p2,2,0,True
rbet-vienna-1,4,23,cb8e99cc810f,54f12868a61c,p1,2,1,True
rbet-vienna-1,4,24,fbfe5f545aca,058988552757,p1,2,1,True
rbet-vienna-1,4,25,de674c594c38,abb539d20250,p2,2,1,True
rbet-vienna-1,4,26,3eba500f72b1,0f9a665a90f8,p1,2,1,True
rbet-vienna-1,4,27,78351bbe405b,d15094495b12,p2,2,0,True
rbet-vienna-1,4,28,446e07b49f8f,36d607114ce5,p1,2,0,True
rbet-vienna-1,4,29,8d2f7dc8a474,4d00d952219f,p2,2,1,True
rbet-vienna-1,4,30,c7fdbc9b3976,444a8a0e1545,p2,2,0,True
rbet-vienna-1,4,31,a9e9783307b7,4d69943e917b,p1,2,1,True
rbet-vienna-1,4,32,d2654826b4db,f55d28c62be0,p2,2,1,True
rbet-vienna-1,4,33,98f81a820fb4,6f258646a01c,p2,2,0,True
rbet-vienna-1,4,34,e1648153e9cb,29ee5259d0b7,p1,2,1,True
rbet-vienna-1,4,35,1162fe9b1b50,f38198cc7837,p2,2,1,True
rbet-vienna-1,4,36,c3075507cae7,5854528964a3,p1,2,0,True
rbet-vienna-1,4,37,5fad93fcdc5f,64544c3565c6,p2,2,1,True
rbet-vienna-1,4,38,6dd5e956cda6,00b41db48942,p2,2,1,True
rbet-vienna-1,4,39,c378c55213db,0f0121ada247,p1,2,0,True
rbet-vienna-1,4,40,d5978976177c,4adc8dfbc23e,p1,2,1,True
rbet-vienna-1,4,41,356b1d6941f5,2c177cb1fa80,p1,2,0,True
rbet-vienna-1,4,42,bdcfb63c407f,def45cb77947,p1,2,0,True
rbet-vienna-1,4,43,06a4fa2c2dd9,7da5d2101fb9,p1,2,0,True
rbet-vienna-1,4,44,80705bbb4535,1027c26f845f,p2,2,0,True
rbet-vienna-1,4,45,fc485c90177b,d7d27199de9b,p1,2,0,True
rbet-vienna-1,4,46,96958a275f5c,67e2587d3169,p1,2,0,True
rbet-vienna-1,4,47,03a009786fa0,54732ec660af,p2,2,1,True
rbet-vienna-1,4,48,72867248e69b,36a17b35b4d8,p1,2,0,True
rbet-vienna-1,4,49,9a2cf42ca5cc,ede1036668fe,p2,2,0,True
rbet-vienna-1,4,50,21639c8331c7,0c513dd4100d,p2,2,1,True
rbet-vienna-1,4,51,afbcf64aff29,12c953c89c11,p1,2,1,True
rbet-vienna-1,4,52,a486af40e908,456b2f552e39,p1,2,0,True
rbet-vienna-1,4,53,e419b13a156e,03d9037102f1,p1,2,1,True
rbet-vienna-1,4,54,68878617338e,3dd90daa5c7c,p2,2,0,True
rbet-vienna-1,4,55,04949c2b130f,cca7c260492a,p2,2,0,True
rbet-vienna-1,4,56,15c29308f7e7,9fee3a165155,p2,2,0,True
rbet-vienna-1,4,57,a12b17131223,5b059689c633,p1,2,1,True
rbet-vienna-1,4,58,bed067b29a6c,b236ded8fb2f,p2,2,0,True
rbet-vienna-1,4,59,70d1afbc867a,0f896a11737b,p2,2,0,True
rbet-vienna-1,4,60,0c864de9725e,bfeb7b47f237,p2,2,0,True
rbet-vienna-1,4,61,e7bb6a443cd2,25892e3352f3,p2,2,1,True
rbet-vienna-1,4,62,d52bb7c569b7,4fe56f5523df,p1,2,1,True
rbet-vienna-1,4,63,71f246f2cabe,fb93ff757203,p1,2,0,True
rbet-vienna-1,4,64,abe61cca6eba,fd89c37c7bb3,p1,2,1,True
rbet-vienna-1,4,65,1c1e40ac4096,164385628fb4,p2,2,1,True
rbet-vienna-1,4,66,c00083b689cd,3a1d770bcf51,p2,2,1,True
rbet-vienna-1,4,67,1010dd607edd,6c337d3a9375,p2,2,1,True
rbet-vienna-1,4,68,d8460a653c54,74a3548d3250,p1,2,1,True
rbet-vienna-1,4,69,83544f816e4f,0e2ef6bbfbee,p2,2,0,True
rbet-vienna-1,4,70,6322e9b1cb4c,cbd8cd21c08b,p1,2,0,True
rbet-vienna-1,4,71,c8c82befea9a,b673e524b6f0,p2,2,0,True
rbet-vienna-1,4,72,0c052bfaf333,b0f7903d545f,p1,2,1,True
rbet-vienna-1,4,73,d8423ad19b42,3dbdd51cb2e7,p2,2,1,True
rbet-vienna-1,4,74,c93910489696,4ad9da52d20d,p1,2,1,True
rbet-vienna-1,4,75,ec7c406dfcbe,b50af2d79c99,p1,2,1,True
rbet-vienna-1,4,76,92be30bec7f3,628d670a8f67,p2,2,0,True
rbet-vienna-1,4,77,dab2c005ebfe,eb39a13b2724,p2,2,1,True
rbet-vienna-1,4,78,dba38c8398c0,d89da181655e,p2,2,1,True
rbet-vienna-1,4,79,640c91eb3589,61708b77018b,p1,2,0,True
rbet-vienna-1,4,80,ee83826281e3,b88b423ca0e3,p1,2,1,True
rbet-vienna-1,4,81,79a86e610aea,788f54800466,p2,2,0,True
rbet-vienna-1,4,82,bc35a3f45435,70316adba3c3,p1,2,0,True
rbet-vienna-1,4,83,af4985687e77,276cb6d5374f,p2,2,0,True
rbet-vienna-1,4,84,fd4be8f58410,14083c9bcd71,p1,2,1,True
rbet-vienna-1,4,85,7f33603053c4,7d2217367d10,p1,2,1,True
rbet-vienna-1,4,86,48101cac39e3,7343137960bc,p1,2,1,True
rbet-vienna-1,4,87,d203c158aa8d,35f65da8f042,p1,2,1,True
rbet-vienna-1,4,88,b310940705c0,c7b82bb472ec,p1,2,0,True
rbet-vienna-1,4,89,0948a1377278,5a11a889b54c,p1,2,0,True
rbet-vienna-1,4,90,759acc7a70ef,e75e28f101c2,p1,2,0,True
rbet-vienna-1,4,91,d562801cbc3d,2183486515cc,p2,2,0,True
rbet-vienna-1,4,92,dc681bc3c99d,ac15f65d5cde,p2,2,0,True
rbet-vienna-1,4,93,dc2f9b056f11,c0b446d843d2,p2,2,1,True
rbet-vienna-1,4,94,d82f53e10c4f,fa5397d2ac67,p1,2,1,True
rbet-vienna-1,4,95,291a56f29adf,d0a33e7af827,p1,2,1,True
rbet-vienna-1,4,96,a5f44ad47af9,3463c1df726e,p1,2,0,True
rbet-vienna-1,4,97,e2b6cbd1227a,d1a3545f75e9,p2,2,1,True
rbet-vienna-1,4,98,fb0cc61ae038,c19abe176892,p1,2,1,True
rbet-vienna-1,4,99,d5976a392e13,731fef4d02d9,p1,2,0,True
rbet-vienna-1,4,100,fc8dd99ca3c7,ab00134a9e2d,p1,2,0,True
rbet-vienna-1,4,101,b78dbe9d0057,a259b4ca95e5,p2,2,0,True
rbet-vienna-1,4,102,1c9d3fee9f48,71bc1254d96a,p1,2,1,True
rbet-vienna-1,4,103,7150883c5b5d,4ed9ec445ae1,p2,2,0,True
rbet-vienna-1,4,104,8b0e962cb5f0,9cb2fa4ba24e,p1,2,0,True
rbet-vienna-1,4,105,041dd152a7e8,608f7b8c61f6,p1,2,1,True
rbet-vienna-1,4,106,8e60b9b12ac4,5b8760261c4a,p1,2,0,True
rbet-vienna-1,4,107,27091c0a636a,bdbf385d7a29,p2,2,1,True
rbet-vienna-1,4,108,993c81cb40bc,c964371ca748,p2,2,1,True
rbet-vienna-1,4,109,bfc07ff61cd8,844e04ad4fe9,p1,2,0,True
rbet-vienna-1,4,110,cfd2727dc5df,c7da5035f656,p2,2,0,True
rbet-vienna-1,4,111,1685d282b4f9,bbf16d0ea4bb,p1,2,1,True
rbet-vienna-1,4,112,cc3cd59443ac,abb031289ce9,p1,2,1,True
rbet-vienna-1,4,113,52c72c974e2f,cd8698840a20,p1,2,0,True
rbet-vienna-1,4,114,534047fb6168,cf6e6d0fdfcf,p1,2,0,True
rbet-vienna-1,4,115,2ef9b5c32f4f,980266b66408,p1,2,1,True
rbet-vienna-1,4,116,cbdf03201bd6,ac80edeed8a9,p2,2,0,True
rbet-vienna-1,4,117,ab694886861f,7ef5a13abc0d,p1,2,1,True
rbet-vienna-1,4,118,dfd57273adea,46c3cdf83239,p1,2,0,True
rbet-vienna-1,4,119,20ad837625b0,a4caacb698cf,p1,2,1,True
rbet-vienna-1,4,120,785d0a0e9b80,ce135a0f5c1f,p2,2,1,True
rbet-vienna-1,4,121,61f53f6281c1,505ecf1c7701,p1,2,1,True
rbet-vienna-1,4,122,aab7a1995f6c,e9a82790bf0e,p1,2,0,True
rbet-vienna-1,4,123,c30e66c74ae4,ec3192a6aaed,p1,2,1,True
rbet-vienna-1,4,124,af8983847c7c,cc5823d72fec,p2,2,0,True
rbet-vienna-1,4,125,dacec33c3fe9,368c3dbae883,p1,2,0,True
rbet-vienna-1,4,126,58690bafcbab,fc2a07ec1c4c,p2,2,1,True
rbet-vienna-1,4,127,350722cc5a02,4cbc2b3d6356,p1,2,1,True
rbet-vienna-1,4,128,0153d7bb28e3,b6a2042f7167,p1,2,0,True
rbet-vienna-1,4,129,b9b0e2ea147a,d90661234aed,p1,2,1,True
rbet-vienna-1,4,130,6049f372d64d,4a5e84963cf5,p1,2,0,True
rbet-vienna-1,4,131,fb6a6b376bce,f6f8ffbcc96f,p2,2,0,True
rbet-vienna-1,4,132,513c36038cc7,aa9fa9806f07,p2,2,1,True
rbet-vienna-1,4,133,ecb85aac5646,0ec07587ac30,p1,2,0,True
rbet-vienna-1,4,134,a19996a00472,60bbf02f862d,p2,2,0,True
rbet-vienna-1,4,135,8f0a482775f2,5414eaf31e10,p1,2,1,True
rbet-vienna-1,4,136,d94a9165a620,0df23738ed1b,draw,,,True
rbet-vienna-1,4,137,b818f6705c79,a07905caa25f,p2,2,0,True
rbet-vienna-1,4,138,109ff3d419ad,9658fdda24b8,p1,2,1,True
rbet-vienna-1,4,139,da84447cc94a,c657dcf0c540,p2,2,0,True
rbet-vienna-1,4,140,b84fbfbdb0a7,a5d81114e2bb,p2,2,0,True
rbet-vienna-1,4,141,52f86cc4e4f8,7332dc978902,p1,2,0,True
rbet-vienna-1,5,1,1faf406f428c,1be1c05d7bbc,p2,2,1,True
rbet-vienna-1,5,2,e97e896beb85,68ab6bd6a9a6,p1,2,0,True
rbet-vienna-1,5,3,06bccce06a0b,73a9f707352a,p1,2,1,True
rbet-vienna-1,5,4,5b9c01705223,c0ea32c1d76c,p2,2,1,True
rbet-vienna-1,5,5,ecd2479ca5fc,3f9893177825,p1,2,0,True
rbet-vienna-1,5,6,fd5db927f527,702d073009f2,p1,2,1,True
rbet-vienna-1,5,7,776e528c3850,3155369103a4,p2,2,1,True
rbet-vienna-1,5,8,0039b75825ae,e09b7615e6eb,p2,2,1,True
rbet-vienna-1,5,9,029f09329b0f,aa6d58ed8175,p2,2,1,True
rbet-vienna-1,5,10,fc172cdd4641,7876e0489e0f,p1,2,1,True
rbet-vienna-1,5,11,6cda509c9395,90d2375b4eec,p2,2,1,True
rbet-vienna-1,5,12,628d670a8f67,276cb6d5374f,p2,2,1,True
rbet-vienna-1,5,13,c3075507cae7,a8c489666d34,p1,2,1,True
rbet-vienna-1,5,14,3a20d351fe0d,031a8c3dbc68,p1,2,1,True
rbet-vienna-1,5,15,9fee3a165155,ee83826281e3,p1,2,0,True
rbet-vienna-1,5,16,de8fcbe321fa,f55d28c62be0,p1,2,0,True
rbet-vienna-1,5,17,6322e9b1cb4c,25892e3352f3,p2,2,0,True
rbet-vienna-1,5,18,f38198cc7837,72867248e69b,p1,2,0,True
rbet-vienna-1,5,19,afbcf64aff29,64544c3565c6,p2,2,1,True
rbet-vienna-1,5,20,abe61cca6eba,3dd90daa5c7c,p2,2,1,True
rbet-vienna-1,5,21,34eb88ac6400,ede1036668fe,p1,2,1,True
rbet-vienna-1,5,22,bc35a3f45435,3dbdd51cb2e7,p1,2,1,True
rbet-vienna-1,5,23,bdcfb63c407f,abb539d20250,p2,2,0,True
rbet-vienna-1,5,24,261d3569f320,adcaa2236e69,p1,2,0,True
rbet-vienna-1,5,25,1027c26f845f,3eba500f72b1,p2,2,1,True
rbet-vienna-1,5,26,356b1d6941f5,b236ded8fb2f,p1,2,1,True
rbet-vienna-1,5,27,fd4be8f58410,0c513dd4100d,p2,2,0,True
rbet-vienna-1,5,28,cca7c260492a,0e2ef6bbfbee,p1,2,0,True
rbet-vienna-1,5,29,c93910489696,ec7c406dfcbe,p2,2,0,True
rbet-vienna-1,5,30,0f896a11737b,fa96bedc0f79,p1,2,0,True
rbet-vienna-1,5,31,4d00d952219f,8099a8955f70,p2,2,1,True
rbet-vienna-1,5,32,d8460a653c54,bfeb7b47f237,p2,2,1,True
rbet-vienna-1,5,33,fba1dde0636b,d5978976177c,p2,2,0,True
rbet-vienna-1,5,34,d89da181655e,a486af40e908,p1,2,0,True
rbet-vienna-1,5,35,c378c55213db,fb1f5da37c90,p1,2,1,True
rbet-vienna-1,5,36,e419b13a156e,2f52318cc955,p2,2,0,True
rbet-vienna-1,5,37,93fda5f2aa6e,ca1a9318efd2,p2,2,0,True
rbet-vienna-1,5,38,fbfe5f545aca,71f246f2cabe,p1,2,0,True
rbet-vienna-1,5,39,cb8e99cc810f,d52bb7c569b7,p1,2,0,True
rbet-vienna-1,5,40,a9e9783307b7,446e07b49f8f,draw,,,True
rbet-vienna-1,5,41,788f54800466,06a4fa2c2dd9,p2,2,0,True
rbet-vienna-1,5,42,e1648153e9cb,d15094495b12,p2,2,1,True
rbet-vienna-1,5,43,6c337d3a9375,fc485c90177b,p1,2,1,True
rbet-vienna-1,5,44,f755e63b00a5,96958a275f5c,p1,2,0,True
rbet-vienna-1,5,45,3a1d770bcf51,4b821a0ab67d,p2,2,0,True
rbet-vienna-1,5,46,00b41db48942,6f258646a01c,p2,2,1,True
rbet-vienna-1,5,47,164385628fb4,44066e3040b8,draw,,,True
rbet-vienna-1,5,48,163332e005b0,7f33603053c4,p1,2,1,True
rbet-vienna-1,5,49,444a8a0e1545,0c052bfaf333,p2,2,1,True
rbet-vienna-1,5,50,a12b17131223,640c91eb3589,p1,2,1,True
rbet-vienna-1,5,51,eb39a13b2724,b673e524b6f0,p2,2,1,True
rbet-vienna-1,5,52,56094495e643,54732ec660af,p2,2,0,True
rbet-vienna-1,5,53,03d9a24ff9c7,9d5075a3669a,p1,2,0,True
rbet-vienna-1,5,54,48101cac39e3,a5f44ad47af9,p1,2,1,True
rbet-vienna-1,5,55,3de8021a10cd,36d607114ce5,p1,2,0,True
rbet-vienna-1,5,56,c30e66c74ae4,d5976a392e13,p1,2,1,True
rbet-vienna-1,5,57,36a17b35b4d8,d8423ad19b42,p2,2,0,True
rbet-vienna-1,5,58,e7bb6a443cd2,5854528964a3,p1,2,1,True
rbet-vienna-1,5,59,b310940705c0,b9b0e2ea147a,p2,2,0,True
rbet-vienna-1,5,60,29ee5259d0b7,8d2f7dc8a474,p2,2,0,True
rbet-vienna-1,5,61,dba38c8398c0,aab7a1995f6c,p1,2,1,True
rbet-vienna-1,5,62,98f81a820fb4,c7da5035f656,p1,2,1,True
rbet-vienna-1,5,63,f6f8ffbcc96f,9a2cf42ca5cc,p1,2,0,True
rbet-vienna-1,5,64,d82f53e10c4f,fc2a07ec1c4c,p2,2,1,True
rbet-vienna-1,5,65,bed067b29a6c,1010dd607edd,p2,2,1,True
rbet-vienna-1,5,66,61f53f6281c1,cc5823d72fec,p1,2,1,True
rbet-vienna-1,5,67,de674c594c38,2c177cb1fa80,p2,2,1,True
rbet-vienna-1,5,68,6049f372d64d,0f0121ada247,p1,2,1,True
rbet-vienna-1,5,69,5b059689c633,dacec33c3fe9,p2,2,0,True
rbet-vienna-1,5,70,bdbf385d7a29,058988552757,p1,2,1,True
rbet-vienna-1,5,71,21639c8331c7,61708b77018b,p1,2,1,True
rbet-vienna-1,5,72,8b0e962cb5f0,bfc07ff61cd8,p2,2,0,True
rbet-vienna-1,5,73,20ad837625b0,4fe56f5523df,p2,2,0,True
rbet-vienna-1,5,74,a259b4ca95e5,68878617338e,p2,2,1,True
rbet-vienna-1,5,75,c7fdbc9b3976,0c864de9725e,p2,2,0,True
rbet-vienna-1,5,76,d7d27199de9b,14083c9bcd71,p2,2,1,True
rbet-vienna-1,5,77,0948a1377278,03a009786fa0,p2,2,1,True
rbet-vienna-1,5,78,4d69943e917b,c8c82befea9a,p2,2,1,True
rbet-vienna-1,5,79,1162fe9b1b50,759acc7a70ef,p1,2,0,True
rbet-vienna-1,5,80,534047fb6168,1c1e40ac4096,p1,2,0,True
rbet-vienna-1,5,81,83544f816e4f,dfd57273adea,p2,2,0,True
rbet-vienna-1,5,82,ac15f65d5cde,fb93ff757203,p1,2,0,True
rbet-vienna-1,5,83,ce135a0f5c1f,aa9fa9806f07,p1,2,1,True
rbet-vienna-1,5,84,c964371ca748,52c72c974e2f,p2,2,0,True
rbet-vienna-1,5,85,2ef9b5c32f4f,041dd152a7e8,p2,2,1,True
rbet-vienna-1,5,86,15c29308f7e7,350722cc5a02,p1,2,0,True
rbet-vienna-1,5,87,70d1afbc867a,12c953c89c11,p1,2,0,True
rbet-vienna-1,5,88,6dd5e956cda6,c0b446d843d2,p1,2,0,True
rbet-vienna-1,5,89,b50af2d79c99,ac80edeed8a9,p2,2,0,True
rbet-vienna-1,5,90,4adc8dfbc23e,0153d7bb28e3,p2,2,0,True
rbet-vienna-1,5,91,d1a3545f75e9,4ed9ec445ae1,p2,2,0,True
rbet-vienna-1,5,92,1c9d3fee9f48,291a56f29adf,p2,2,1,True
rbet-vienna-1,5,93,2183486515cc,74a3548d3250,p1,2,1,True
rbet-vienna-1,5,94,cbd8cd21c08b,1685d282b4f9,p2,2,0,True
rbet-vienna-1,5,95,fc8dd99ca3c7,79a86e610aea,p1,2,1,True
rbet-vienna-1,5,96,fb0cc61ae038,7d2217367d10,p1,2,1,True
rbet-vienna-1,5,97,4ad9da52d20d,5fad93fcdc5f,p1,2,0,True
rbet-vienna-1,5,98,03d9037102f1,ab694886861f,p2,2,0,True
rbet-vienna-1,5,99,b88b423ca0e3,cc3cd59443ac,p1,2,0,True
rbet-vienna-1,5,100,8e60b9b12ac4,0f9a665a90f8,p2,2,1,True
rbet-vienna-1,5,101,ecb85aac5646,7343137960bc,p1,2,0,True
rbet-vienna-1,5,102,109ff3d419ad,d3725478a6cb,p2,2,1,True
rbet-vienna-1,5,103,fb6a6b376bce,e9a82790bf0e,p1,2,0,True
rbet-vienna-1,5,104,60bbf02f862d,785d0a0e9b80,p2,2,0,True
rbet-vienna-1,5,105,844e04ad4fe9,a07905caa25f,p2,2,0,True
rbet-vienna-1,5,106,8f0a482775f2,368c3dbae883,p1,2,0,True
rbet-vienna-1,5,107,52f86cc4e4f8,731fef4d02d9,p1,2,0,True
rbet-vienna-1,5,108,993c81cb40bc,505ecf1c7701,p2,2,0,True
rbet-vienna-1,5,109,513c36038cc7,c19abe176892,p1,2,1,True
rbet-vienna-1,5,110,5a11a889b54c,35f65da8f042,p2,2,0,True
rbet-vienna-1,5,111,46c3cdf83239,3463c1df726e,p2,2,0,True
rbet-vienna-1,5,112,abb031289ce9,a5d81114e2bb,p2,2,0,True
rbet-vienna-1,5,113,9cb2fa4ba24e,af8983847c7c,p1,2,0,True
rbet-vienna-1,5,114,bbf16d0ea4bb,5b8760261c4a,p1,2,0,True
rbet-vienna-1,5,115,7150883c5b5d,980266b66408,p2,2,0,True
rbet-vienna-1,5,116,c657dcf0c540,71bc1254d96a,p2,2,1,True
rbet-vienna-1,5,117,a4caacb698cf,7ef5a13abc0d,p1,2,0,True
rbet-vienna-1,5,118,b6a2042f7167,cbdf03201bd6,draw,,,True
rbet-vienna-1,5,119,cf6e6d0fdfcf,cfd2727dc5df,p2,2,1,True
rbet-vienna-1,5,120,ec3192a6aaed,27091c0a636a,p2,2,0,True
rbet-vienna-1,5,121,d94a9165a620,0ec07587ac30,p2,2,0,True
rbet-vienna-1,5,122,0df23738ed1b,b84fbfbdb0a7,p2,2,0,True
rbet-vienna-1,5,123,7332dc978902,9658fdda24b8,p2,2,0,True
rbet-vienna-1,6,1,fd5db927f527,3155369103a4,p2,2,1,True
rbet-vienna-1,6,2,c0ea32c1d76c,06bccce06a0b,p2,2,0,True
rbet-vienna-1,6,3,1be1c05d7bbc,fc172cdd4641,p1,2,1,True
rbet-vienna-1,6,4,e09b7615e6eb,e97e896beb85,p1,2,0,True
rbet-vienna-1,6,5,aa6d58ed8175,ecd2479ca5fc,p1,2,0,True
rbet-vienna-1,6,6,90d2375b4eec,0c513dd4100d,p1,2,1,True
rbet-vienna-1,6,7,261d3569f320,776e528c3850,p2,2,1,True
rbet-vienna-1,6,8,25892e3352f3,d89da181655e,p1,2,0,True
rbet-vienna-1,6,9,abb539d20250,bc35a3f45435,p1,2,1,True
rbet-vienna-1,6,10,2f52318cc955,4b821a0ab67d,p2,2,1,True
rbet-vienna-1,6,11,029f09329b0f,64544c3565c6,p2,2,0,True
rbet-vienna-1,6,12,34eb88ac6400,ca1a9318efd2,p2,2,1,True
rbet-vienna-1,6,13,73a9f707352a,163332e005b0,p1,2,1,True
rbet-vienna-1,6,14,0c052bfaf333,03d9a24ff9c7,p1,2,1,True
rbet-vienna-1,6,15,3f9893177825,de8fcbe321fa,p1,2,1,True
rbet-vienna-1,6,16,7876e0489e0f,8099a8955f70,p1,2,1,True
rbet-vienna-1,6,17,c3075507cae7,3a20d351fe0d,p1,2,1,True
rbet-vienna-1,6,18,0f896a11737b,3eba500f72b1,p1,2,1,True
rbet-vienna-1,6,19,6f258646a01c,1faf406f428c,p1,2,1,True
rbet-vienna-1,6,20,fbfe5f545aca,d15094495b12,p2,2,1,True
rbet-vienna-1,6,21,cb8e99cc810f,a12b17131223,p1,2,1,True
rbet-vienna-1,6,22,5b9c01705223,bfeb7b47f237,p1,2,0,True
rbet-vienna-1,6,23,6cda509c9395,3dd90daa5c7c,p1,2,0,True
rbet-vienna-1,6,24,ec7c406dfcbe,702d073009f2,p1,2,1,True
rbet-vienna-1,6,25,b673e524b6f0,9fee3a165155,p1,2,1,True
rbet-vienna-1,6,26,276cb6d5374f,06a4fa2c2dd9,p2,2,1,True
rbet-vienna-1,6,27,356b1d6941f5,54732ec660af,p2,2,0,True
rbet-vienna-1,6,28,68ab6bd6a9a6,f755e63b00a5,p2,2,0,True
rbet-vienna-1,6,29,0039b75825ae,6c337d3a9375,p1,2,0,True
rbet-vienna-1,6,30,d5978976177c,cca7c260492a,p2,2,1,True
rbet-vienna-1,6,31,f38198cc7837,c378c55213db,p2,2,1,True
rbet-vienna-1,6,32,44066e3040b8,48101cac39e3,p1,2,1,True
rbet-vienna-1,6,33,164385628fb4,a9e9783307b7,p2,2,1,True
rbet-vienna-1,6,34,446e07b49f8f,3de8021a10cd,p1,2,1,True
rbet-vienna-1,6,35,788f54800466,0153d7bb28e3,p2,2,1,True
rbet-vienna-1,6,36,4fe56f5523df,15c29308f7e7,p2,2,0,True
rbet-vienna-1,6,37,2183486515cc,0e2ef6bbfbee,p2,2,1,True
rbet-vienna-1,6,38,eb39a13b2724,abe61cca6eba,p2,2,1,True
rbet-vienna-1,6,39,dacec33c3fe9,fa96bedc0f79,p2,2,1,True
rbet-vienna-1,6,40,c30e66c74ae4,fba1dde0636b,p2,2,0,True
rbet-vienna-1,6,41,fc2a07ec1c4c,ede1036668fe,p2,2,1,True
rbet-vienna-1,6,42,bdcfb63c407f,dba38c8398c0,p1,2,0,True
rbet-vienna-1,6,43,4ad9da52d20d,14083c9bcd71,p1,2,1,True
rbet-vienna-1,6,44,1685d282b4f9,b9b0e2ea147a,p1,2,1,True
rbet-vienna-1,6,45,f55d28c62be0,d8423ad19b42,p2,2,1,True
rbet-vienna-1,6,46,ce135a0f5c1f,e419b13a156e,p1,2,1,True
rbet-vienna-1,6,47,8d2f7dc8a474,041dd152a7e8,p2,2,0,True
rbet-vienna-1,6,48,6049f372d64d,fd4be8f58410,p2,2,0,True
rbet-vienna-1,6,49,21639c8331c7,9d5075a3669a,p2,2,1,True
rbet-vienna-1,6,50,d52bb7c569b7,4ed9ec445ae1,p2,2,0,True
rbet-vienna-1,6,51,b236ded8fb2f,c93910489696,p1,2,0,True
rbet-vienna-1,6,52,444a8a0e1545,534047fb6168,p1,2,0,True
rbet-vienna-1,6,53,3a1d770bcf51,dfd57273adea,p2,2,1,True
rbet-vienna-1,6,54,61f53f6281c1,ee83826281e3,p1,2,0,True
rbet-vienna-1,6,55,b88b423ca0e3,03a009786fa0,p1,2,1,True
rbet-vienna-1,6,56,d8460a653c54,a486af40e908,p2,2,0,True
rbet-vienna-1,6,57,71f246f2cabe,c8c82befea9a,p1,2,0,True
rbet-vienna-1,6,58,fb1f5da37c90,ac15f65d5cde,p2,2,0,True
rbet-vienna-1,6,59,f6f8ffbcc96f,e7bb6a443cd2,p1,2,1,True
rbet-vienna-1,6,60,1162fe9b1b50,2c177cb1fa80,p2,2,0,True
rbet-vienna-1,6,61,291a56f29adf,68878617338e,p1,2,1,True
rbet-vienna-1,6,62,1027c26f845f,70d1afbc867a,p2,2,1,True
rbet-vienna-1,6,63,0c864de9725e,0f9a665a90f8,p2,2,0,True
rbet-vienna-1,6,64,e1648153e9cb,6dd5e956cda6,p2,2,0,True
rbet-vienna-1,6,65,bfc07ff61cd8,031a8c3dbc68,p2,2,1,True
rbet-vienna-1,6,66,98f81a820fb4,3dbdd51cb2e7,p2,2,0,True
rbet-vienna-1,6,67,ab694886861f,93fda5f2aa6e,p2,2,1,True
rbet-vienna-1,6,68,4d00d952219f,ac80edeed8a9,p2,2,0,True
rbet-vienna-1,6,69,afbcf64aff29,640c91eb3589,p1,2,0,True
rbet-vienna-1,6,70,fb0cc61ae038,52c72c974e2f,p2,2,0,True
rbet-vienna-1,6,71,a8c489666d34,bdbf385d7a29,p2,2,1,True
rbet-vienna-1,6,72,fc485c90177b,fc8dd99ca3c7,p2,2,0,True
rbet-vienna-1,6,73,1010dd607edd,ecb85aac5646,p1,2,0,True
rbet-vienna-1,6,74,27091c0a636a,36d607114ce5,p1,2,0,True
rbet-vienna-1,6,75,980266b66408,cc5823d72fec,p1,2,0,True
rbet-vienna-1,6,76,d3725478a6cb,52f86cc4e4f8,p1,2,0,True
rbet-vienna-1,6,77,4adc8dfbc23e,71bc1254d96a,p1,2,0,True
rbet-vienna-1,6,78,fb6a6b376bce,350722cc5a02,p2,2,0,True
rbet-vienna-1,6,79,36a17b35b4d8,a07905caa25f,p2,2,0,True
rbet-vienna-1,6,80,bbf16d0ea4bb,cfd2727dc5df,p1,2,0,True
rbet-vienna-1,6,81,35f65da8f042,61708b77018b,p1,2,1,True
rbet-vienna-1,6,82,9cb2fa4ba24e,c7da5035f656,p1,2,0,True
rbet-vienna-1,6,83,4d69943e917b,de674c594c38,p2,2,0,True
rbet-vienna-1,6,84,cc3cd59443ac,20ad837625b0,p1,2,1,True
rbet-vienna-1,6,85,d1a3545f75e9,3463c1df726e,p1,2,1,True
rbet-vienna-1,6,86,8b0e962cb5f0,8e60b9b12ac4,p2,2,1,True
rbet-vienna-1,6,87,8f0a482775f2,505ecf1c7701,p2,2,0,True
rbet-vienna-1,6,88,7d2217367d10,785d0a0e9b80,p2,2,0,True
rbet-vienna-1,6,89,1c9d3fee9f48,a5f44ad47af9,p2,2,0,True
rbet-vienna-1,6,90,bed067b29a6c,d82f53e10c4f,p1,2,0,True
rbet-vienna-1,6,91,c0b446d843d2,d5976a392e13,p1,2,0,True
rbet-vienna-1,6,92,a4caacb698cf,b6a2042f7167,p1,2,0,True
rbet-vienna-1,6,93,0ec07587ac30,cbdf03201bd6,p1,2,0,True
rbet-vienna-1,6,94,60bbf02f862d,993c81cb40bc,p2,2,0,True
rbet-vienna-1,6,95,5b8760261c4a,b84fbfbdb0a7,p2,2,0,True
rbet-vienna-1,6,96,731fef4d02d9,46c3cdf83239,p2,2,0,True
rbet-vienna-1,6,97,c657dcf0c540,9658fdda24b8,p2,2,0,True
rbet-vienna-1,6,98,e9a82790bf0e,368c3dbae883,draw,,,True
rbet-vienna-1,7,1,aa6d58ed8175,e09b7615e6eb,p1,2,0,True
rbet-vienna-1,7,2,3155369103a4,1be1c05d7bbc,p1,2,1,True
rbet-vienna-1,7,3,06bccce06a0b,90d2375b4eec,p2,2,1,True
rbet-vienna-1,7,4,cb8e99cc810f,0039b75825ae,p1,2,0,True
rbet-vienna-1,7,5,ec7c406dfcbe,ecd2479ca5fc,p1,2,1,True
rbet-vienna-1,7,6,e97e896beb85,5b9c01705223,p1,2,0,True
rbet-vienna-1,7,7,776e528c3850,6f258646a01c,p2,2,1,True
rbet-vienna-1,7,8,3f9893177825,d15094495b12,p2,2,0,True
rbet-vienna-1,7,9,fc172cdd4641,c378c55213db,p1,2,0,True
rbet-vienna-1,7,10,0c052bfaf333,54732ec660af,p2,2,0,True
rbet-vienna-1,7,11,4b821a0ab67d,64544c3565c6,p1,2,0,True
rbet-vienna-1,7,12,73a9f707352a,c0ea32c1d76c,p2,2,0,True
rbet-vienna-1,7,13,0f896a11737b,f755e63b00a5,p1,2,1,True
rbet-vienna-1,7,14,cca7c260492a,6cda509c9395,p2,2,0,True
rbet-vienna-1,7,15,c3075507cae7,7876e0489e0f,p2,2,1,True
rbet-vienna-1,7,16,abb539d20250,25892e3352f3,p1,2,1,True
rbet-vienna-1,7,17,b673e524b6f0,ca1a9318efd2,p1,2,1,True
rbet-vienna-1,7,18,fd5db927f527,06a4fa2c2dd9,p1,2,1,True
rbet-vienna-1,7,19,44066e3040b8,446e07b49f8f,p2,2,0,True
rbet-vienna-1,7,20,a9e9783307b7,3dd90daa5c7c,p1,2,1,True
rbet-vienna-1,7,21,ce135a0f5c1f,3eba500f72b1,p2,2,1,True
rbet-vienna-1,7,22,1010dd607edd,d8423ad19b42,p2,2,0,True
rbet-vienna-1,7,23,52c72c974e2f,15c29308f7e7,p2,2,0,True
rbet-vienna-1,7,24,6c337d3a9375,68ab6bd6a9a6,p2,2,1,True
rbet-vienna-1,7,25,0e2ef6bbfbee,444a8a0e1545,p2,2,0,True
rbet-vienna-1,7,26,ac15f65d5cde,163332e005b0,p1,2,0,True
rbet-vienna-1,7,27,03d9a24ff9c7,fd4be8f58410,p2,2,1,True
rbet-vienna-1,7,28,71f246f2cabe,dfd57273adea,p1,2,0,True
rbet-vienna-1,7,29,356b1d6941f5,1faf406f428c,p1,2,1,True
rbet-vienna-1,7,30,70d1afbc867a,029f09329b0f,p2,2,1,True
rbet-vienna-1,7,31,f6f8ffbcc96f,3a20d351fe0d,p2,2,0,True
rbet-vienna-1,7,32,ac80edeed8a9,ede1036668fe,p2,2,0,True
rbet-vienna-1,7,33,bc35a3f45435,bdcfb63c407f,p1,2,0,True
rbet-vienna-1,7,34,a12b17131223,b236ded8fb2f,p1,2,1,True
rbet-vienna-1,7,35,4ed9ec445ae1,1685d282b4f9,p1,2,0,True
rbet-vienna-1,7,36,a486af40e908,2c177cb1fa80,p2,2,0,True
rbet-vienna-1,7,37,bfeb7b47f237,6dd5e956cda6,p1,2,0,True
rbet-vienna-1,7,38,8099a8955f70,93fda5f2aa6e,p2,2,1,True
rbet-vienna-1,7,39,fba1dde0636b,61f53f6281c1,p2,2,1,True
rbet-vienna-1,7,40,031a8c3dbc68,041dd152a7e8,p1,2,1,True
rbet-vienna-1,7,41,fc8dd99ca3c7,34eb88ac6400,p1,2,1,True
rbet-vienna-1,7,42,fbfe5f545aca,d5978976177c,p1,2,0,True
rbet-vienna-1,7,43,0153d7bb28e3,3dbdd51cb2e7,p1,2,0,True
rbet-vienna-1,7,44,291a56f29adf,276cb6d5374f,p2,2,1,True
rbet-vienna-1,7,45,afbcf64aff29,de8fcbe321fa,p2,2,1,True
rbet-vienna-1,7,46,2f52318cc955,abe61cca6eba,p2,2,0,True
rbet-vienna-1,7,47,4ad9da52d20d,bdbf385d7a29,p2,2,1,True
rbet-vienna-1,7,48,fa96bedc0f79,0f9a665a90f8,p1,2,1,True
rbet-vienna-1,7,49,702d073009f2,261d3569f320,p1,2,1,True
rbet-vienna-1,7,50,0c513dd4100d,b88b423ca0e3,p2,2,0,True
rbet-vienna-1,7,51,9fee3a165155,9d5075a3669a,p1,2,0,True
rbet-vienna-1,7,52,d89da181655e,f38198cc7837,p1,2,0,True
rbet-vienna-1,7,53,48101cac39e3,d1a3545f75e9,p2,2,1,True
rbet-vienna-1,7,54,3de8021a10cd,bbf16d0ea4bb,p1,2,0,True
rbet-vienna-1,7,55,68878617338e,de674c594c38,p1,2,0,True
rbet-vienna-1,7,56,0c864de9725e,a4caacb698cf,p2,2,0,True
rbet-vienna-1,7,57,2183486515cc,e7bb6a443cd2,p1,2,1,True
rbet-vienna-1,7,58,9cb2fa4ba24e,14083c9bcd71,p1,2,0,True
rbet-vienna-1,7,59,cc3cd59443ac,640c91eb3589,p1,2,1,True
rbet-vienna-1,7,60,a07905caa25f,980266b66408,p2,2,0,True
rbet-vienna-1,7,61,b9b0e2ea147a,8e60b9b12ac4,p1,2,0,True
rbet-vienna-1,7,62,fc485c90177b,fb1f5da37c90,p2,2,0,True
rbet-vienna-1,7,63,1027c26f845f,4adc8dfbc23e,p1,2,0,True
rbet-vienna-1,7,64,35f65da8f042,03a009786fa0,p2,2,0,True
rbet-vienna-1,7,65,27091c0a636a,4fe56f5523df,p1,2,0,True
rbet-vienna-1,7,66,c30e66c74ae4,e419b13a156e,p1,2,1,True
rbet-vienna-1,7,67,d3725478a6cb,bfc07ff61cd8,p1,2,0,True
rbet-vienna-1,7,68,788f54800466,dacec33c3fe9,p2,2,0,True
rbet-vienna-1,7,69,a5f44ad47af9,fc2a07ec1c4c,p1,2,0,True
rbet-vienna-1,7,70,505ecf1c7701,c0b446d843d2,p1,2,0,True
rbet-vienna-1,7,71,e1648153e9cb,bed067b29a6c,p2,2,1,True
rbet-vienna-1,7,72,0ec07587ac30,20ad837625b0,p2,2,0,True
rbet-vienna-1,7,73,993c81cb40bc,9658fdda24b8,p2,2,1,True
rbet-vienna-1,7,74,36a17b35b4d8,3463c1df726e,p2,2,0,True
rbet-vienna-1,7,75,8f0a482775f2,b84fbfbdb0a7,draw,,,True
rbet-vienna-1,7,76,7d2217367d10,8b0e962cb5f0,p2,2,0,True
rbet-vienna-1,7,77,fb6a6b376bce,368c3dbae883,draw,,,True
rbet-vienna-1,7,78,e9a82790bf0e,b6a2042f7167,draw,,,True
rbet-vienna-1,8,1,3155369103a4,aa6d58ed8175,p2,2,0,True
rbet-vienna-1,8,2,90d2375b4eec,abb539d20250,p2,2,1,True
rbet-vienna-1,8,3,b673e524b6f0,c0ea32c1d76c,p2,2,1,True
rbet-vienna-1,8,4,cb8e99cc810f,ec7c406dfcbe,p2,2,0,True
rbet-vienna-1,8,5,6f258646a01c,fd5db927f527,p2,2,0,True
rbet-vienna-1,8,6,fc172cdd4641,0f896a11737b,p1,2,0,True
rbet-vienna-1,8,7,d15094495b12,06bccce06a0b,p1,2,1,True
rbet-vienna-1,8,8,e09b7615e6eb,6cda509c9395,p2,2,1,True
rbet-vienna-1,8,9,7876e0489e0f,54732ec660af,p2,2,1,True
rbet-vienna-1,8,10,1be1c05d7bbc,4b821a0ab67d,p2,2,1,True
rbet-vienna-1,8,11,e97e896beb85,446e07b49f8f,p2,2,0,True
rbet-vienna-1,8,12,a9e9783307b7,0039b75825ae,p1,2,0,True
rbet-vienna-1,8,13,0c052bfaf333,64544c3565c6,p1,2,0,True
rbet-vienna-1,8,14,bfeb7b47f237,06a4fa2c2dd9,p1,2,0,True
rbet-vienna-1,8,15,3eba500f72b1,702d073009f2,p1,2,0,True
rbet-vienna-1,8,16,a12b17131223,b88b423ca0e3,p1,2,0,True
rbet-vienna-1,8,17,356b1d6941f5,f755e63b00a5,p1,2,1,True
rbet-vienna-1,8,18,25892e3352f3,444a8a0e1545,p2,2,0,True
rbet-vienna-1,8,19,bc35a3f45435,c3075507cae7,p2,2,0,True
rbet-vienna-1,8,20,fbfe5f545aca,fa96bedc0f79,p2,2,1,True
rbet-vienna-1,8,21,cca7c260492a,776e528c3850,p1,2,0,True
rbet-vienna-1,8,22,4ed9ec445ae1,61f53f6281c1,p2,2,0,True
rbet-vienna-1,8,23,fc8dd99ca3c7,0153d7bb28e3,p2,2,1,True
rbet-vienna-1,8,24,d8423ad19b42,ecd2479ca5fc,p2,2,0,True
rbet-vienna-1,8,25,c378c55213db,5b9c01705223,p2,2,0,True
rbet-vienna-1,8,26,fd4be8f58410,68ab6bd6a9a6,p2,2,0,True
rbet-vienna-1,8,27,031a8c3dbc68,abe61cca6eba,p1,2,1,True
rbet-vienna-1,8,28,2c177cb1fa80,d89da181655e,p1,2,0,True
rbet-vienna-1,8,29,ac15f65d5cde,3a20d351fe0d,p1,2,0,True
rbet-vienna-1,8,30,73a9f707352a,276cb6d5374f,p1,2,0,True
rbet-vienna-1,8,31,029f09329b0f,71f246f2cabe,p2,2,1,True
rbet-vienna-1,8,32,ede1036668fe,3f9893177825,p2,2,0,True
rbet-vienna-1,8,33,15c29308f7e7,ca1a9318efd2,p2,2,0,True
rbet-vienna-1,8,34,9fee3a165155,93fda5f2aa6e,p1,2,0,True
rbet-vienna-1,8,35,de8fcbe321fa,bdbf385d7a29,p2,2,0,True
rbet-vienna-1,8,36,44066e3040b8,3de8021a10cd,p2,2,0,True
rbet-vienna-1,8,37,fba1dde0636b,d3725478a6cb,p1,2,1,True
rbet-vienna-1,8,38,d5978976177c,ce135a0f5c1f,draw,,,True
rbet-vienna-1,8,39,b236ded8fb2f,9d5075a3669a,p1,2,0,True
rbet-vienna-1,8,40,a486af40e908,1685d282b4f9,p2,2,0,True
rbet-vienna-1,8,41,afbcf64aff29,cc3cd59443ac,p1,2,0,True
rbet-vienna-1,8,42,fb1f5da37c90,1010dd607edd,p1,2,0,True
rbet-vienna-1,8,43,2183486515cc,1027c26f845f,p2,2,0,True
rbet-vienna-1,8,44,505ecf1c7701,27091c0a636a,p2,2,0,True
rbet-vienna-1,8,45,ac80edeed8a9,163332e005b0,p2,2,0,True
rbet-vienna-1,8,46,291a56f29adf,3dd90daa5c7c,p1,2,0,True
rbet-vienna-1,8,47,041dd152a7e8,f6f8ffbcc96f,p1,2,1,True
rbet-vienna-1,8,48,0f9a665a90f8,8099a8955f70,p1,2,1,True
rbet-vienna-1,8,49,0e2ef6bbfbee,0c513dd4100d,p2,2,0,True
rbet-vienna-1,8,50,b9b0e2ea147a,bed067b29a6c,p1,2,0,True
rbet-vienna-1,8,51,9cb2fa4ba24e,261d3569f320,p2,2,0,True
rbet-vienna-1,8,52,68878617338e,a5f44ad47af9,p1,2,0,True
rbet-vienna-1,8,53,a4caacb698cf,980266b66408,p2,2,1,True
rbet-vienna-1,8,54,c30e66c74ae4,d1a3545f75e9,draw,,,True
rbet-vienna-1,8,55,48101cac39e3,de674c594c38,p2,2,1,True
rbet-vienna-1,8,56,8e60b9b12ac4,c0b446d843d2,p2,2,1,True
rbet-vienna-1,8,57,a07905caa25f,3463c1df726e,p2,2,0,True
rbet-vienna-1,8,58,4fe56f5523df,bbf16d0ea4bb,p1,2,0,True
rbet-vienna-1,8,59,9658fdda24b8,14083c9bcd71,p1,2,0,True
rbet-vienna-1,8,60,35f65da8f042,640c91eb3589,p2,2,0,True
rbet-vienna-1,8,61,fc485c90177b,20ad837625b0,draw,,,True
rbet-vienna-1,8,62,8b0e962cb5f0,e1648153e9cb,p2,2,1,True
rbet-vienna-1,8,63,e419b13a156e,bfc07ff61cd8,p2,2,0,True
rbet-vienna-1,8,64,0ec07587ac30,b84fbfbdb0a7,p1,2,0,True
rbet-vienna-1,8,65,fb6a6b376bce,8f0a482775f2,draw,,,True
rbet-vienna-1,8,66,993c81cb40bc,36a17b35b4d8,draw,,,True
rbet-vienna-1,8,67,7d2217367d10,e9a82790bf0e,draw,,,True
rbet-vienna-1,8,68,b6a2042f7167,368c3dbae883,draw,,,True
rbet-vienna-1,9,1,aa6d58ed8175,d15094495b12,p1,2,0,True
rbet-vienna-1,9,2,3155369103a4,54732ec660af,p2,2,1,True
rbet-vienna-1,9,3,6cda509c9395,abb539d20250,p1,2,1,True
rbet-vienna-1,9,4,c0ea32c1d76c,ec7c406dfcbe,p2,2,0,True
rbet-vienna-1,9,5,4b821a0ab67d,fc172cdd4641,p2,2,1,True
rbet-vienna-1,9,6,fd5db927f527,a9e9783307b7,p1,2,1,True
rbet-vienna-1,9,7,446e07b49f8f,90d2375b4eec,p2,2,1,True
rbet-vienna-1,9,8,9fee3a165155,6f258646a01c,p2,2,1,True
rbet-vienna-1,9,9,e97e896beb85,2c177cb1fa80,p1,2,0,True
rbet-vienna-1,9,10,bfeb7b47f237,356b1d6941f5,p2,2,0,True
rbet-vienna-1,9,11,031a8c3dbc68,fa96bedc0f79,p2,2,1,True
rbet-vienna-1,9,12,ca1a9318efd2,68ab6bd6a9a6,p1,2,1,True
rbet-vienna-1,9,13,0c052bfaf333,ac15f65d5cde,p1,2,1,True
rbet-vienna-1,9,14,e09b7615e6eb,3eba500f72b1,p2,2,1,True
rbet-vienna-1,9,15,a12b17131223,0153d7bb28e3,p2,2,0,True
rbet-vienna-1,9,16,ecd2479ca5fc,c3075507cae7,p2,2,0,True
rbet-vienna-1,9,17,444a8a0e1545,bdbf385d7a29,p1,2,0,True
rbet-vienna-1,9,18,06bccce06a0b,0f896a11737b,p2,2,0,True
rbet-vienna-1,9,19,b673e524b6f0,cb8e99cc810f,p1,2,1,True
rbet-vienna-1,9,20,1be1c05d7bbc,61f53f6281c1,p2,2,1,True
rbet-vienna-1,9,21,7876e0489e0f,3f9893177825,p2,2,0,True
rbet-vienna-1,9,22,cca7c260492a,71f246f2cabe,p2,2,0,True
rbet-vienna-1,9,23,73a9f707352a,5b9c01705223,p2,2,0,True
rbet-vienna-1,9,24,3de8021a10cd,b236ded8fb2f,p1,2,1,True
rbet-vienna-1,9,25,291a56f29adf,afbcf64aff29,p2,2,0,True
rbet-vienna-1,9,26,1027c26f845f,fbfe5f545aca,draw,,,True
rbet-vienna-1,9,27,fb1f5da37c90,0c513dd4100d,p1,2,0,True
rbet-vienna-1,9,28,68878617338e,776e528c3850,p1,2,1,True
rbet-vienna-1,9,29,1685d282b4f9,276cb6d5374f,p1,2,1,True
rbet-vienna-1,9,30,980266b66408,fba1dde0636b,p2,2,1,True
rbet-vienna-1,9,31,0039b75825ae,64544c3565c6,p1,2,1,True
rbet-vienna-1,9,32,fc8dd99ca3c7,93fda5f2aa6e,p2,2,0,True
rbet-vienna-1,9,33,f755e63b00a5,3a20d351fe0d,p2,2,0,True
rbet-vienna-1,9,34,163332e005b0,041dd152a7e8,p2,2,0,True
rbet-vienna-1,9,35,029f09329b0f,27091c0a636a,p2,2,0,True
rbet-vienna-1,9,36,06a4fa2c2dd9,ede1036668fe,p1,2,0,True
rbet-vienna-1,9,37,0f9a665a90f8,4ed9ec445ae1,p1,2,0,True
rbet-vienna-1,9,38,d1a3545f75e9,cc3cd59443ac,p2,2,1,True
rbet-vienna-1,9,39,c30e66c74ae4,ac80edeed8a9,p1,2,0,True
rbet-vienna-1,9,40,bfc07ff61cd8,a5f44ad47af9,p1,2,0,True
rbet-vienna-1,9,41,f6f8ffbcc96f,4fe56f5523df,p2,2,0,True
rbet-vienna-1,9,42,505ecf1c7701,de674c594c38,draw,,,True
rbet-vienna-1,9,43,e1648153e9cb,c0b446d843d2,p2,2,1,True
rbet-vienna-1,9,44,640c91eb3589,d3725478a6cb,p2,2,1,True
rbet-vienna-1,9,45,2183486515cc,3463c1df726e,p1,2,0,True
rbet-vienna-1,9,46,9658fdda24b8,9d5075a3669a,p1,2,0,True
rbet-vienna-1,9,47,a4caacb698cf,0ec07587ac30,p1,2,0,True
rbet-vienna-1,9,48,20ad837625b0,48101cac39e3,p2,2,0,True
rbet-vienna-1,9,49,fc485c90177b,a07905caa25f,draw,,,True
rbet-vienna-1,9,50,8e60b9b12ac4,bbf16d0ea4bb,p1,2,1,True
rbet-vienna-1,9,51,8b0e962cb5f0,35f65da8f042,p2,2,0,True
rbet-vienna-1,9,52,fb6a6b376bce,7d2217367d10,draw,,,True
rbet-vienna-1,9,53,8f0a482775f2,b6a2042f7167,draw,,,True
rbet-vienna-1,9,54,36a17b35b4d8,368c3dbae883,draw,,,True
rbet-vienna-1,9,55,993c81cb40bc,e9a82790bf0e,p1,2,0,True
rbet-vienna-1,Finals,1,aa6d58ed8175,90d2375b4eec,p2,2,1,True
rbet-vienna-1,Top 16,1,aa6d58ed8175,d15094495b12,p1,2,1,True
rbet-vienna-1,Top 16,2,3155369103a4,356b1d6941f5,p1,2,0,True
rbet-vienna-1,Top 16,3,fd5db927f527,0f896a11737b,p2,2,0,True
rbet-vienna-1,Top 16,4,54732ec660af,c0ea32c1d76c,p1,2,0,True
rbet-vienna-1,Top 16,5,ec7c406dfcbe,5b9c01705223,p2,2,0,True
rbet-vienna-1,Top 16,6,fc172cdd4641,fa96bedc0f79,p2,2,0,True
rbet-vienna-1,Top 16,7,90d2375b4eec,ca1a9318efd2,p1,2,0,True
rbet-vienna-1,Top 16,8,6cda509c9395,e97e896beb85,p2,2,0,True
rbet-vienna-1,Top 4,1,aa6d58ed8175,54732ec660af,p1,2,0,True
rbet-vienna-1,Top 4,2,90d2375b4eec,fa96bedc0f79,p1,2,1,True
rbet-vienna-1,Top 8,1,aa6d58ed8175,3155369103a4,p1,2,0,True
rbet-vienna-1,Top 8,2,0f896a11737b,54732ec660af,p2,2,0,True
rbet-vienna-1,Top 8,3,fa96bedc0f79,5b9c01705223,p1,2,1,True
rbet-vienna-1,Top 8,4,e97e896beb85,90d2375b4eec,p2,2,0,True
edison-league-locals,1,1,69d3e00878ed,1ba99f02ad4e,p1,2,0,False
edison-league-locals,1,2,6fc913d51d98,2da8de829966,p2,2,1,False
edison-league-locals,1,3,c3f37e3750fe,0a72ad698f9b,p1,2,1,False
edison-league-locals,1,4,7c69072ad0cb,8dfb26fdaad4,p2,2,1,False
edison-league-locals,1,5,f7e42b2639ee,05a4361ea1e8,p2,2,1,False
edison-league-locals,1,6,9f34671a13f2,be2f9b4f46b2,p2,2,1,False
edison-league-locals,1,7,906b825905ad,3122bed3c204,p2,2,0,False
edison-league-locals,2,1,2da8de829966,05a4361ea1e8,p1,2,0,False
edison-league-locals,2,2,be2f9b4f46b2,c3f37e3750fe,p1,2,0,False
edison-league-locals,2,3,8dfb26fdaad4,69d3e00878ed,p2,2,1,False
edison-league-locals,2,4,864e24e48f1d,3122bed3c204,p1,2,0,False
edison-league-locals,2,5,f7e42b2639ee,7c69072ad0cb,p2,2,0,False
edison-league-locals,2,6,906b825905ad,9f34671a13f2,p2,2,1,False
edison-league-locals,2,7,6fc913d51d98,0a72ad698f9b,p2,2,1,False
edison-league-locals,3,1,be2f9b4f46b2,69d3e00878ed,p2,2,0,False
edison-league-locals,3,2,2da8de829966,864e24e48f1d,p1,2,0,False
edison-league-locals,3,3,c3f37e3750fe,7c69072ad0cb,p2,2,0,False
edison-league-locals,3,4,3122bed3c204,9f34671a13f2,p2,2,1,False
edison-league-locals,3,5,0a72ad698f9b,05a4361ea1e8,p1,2,0,False
edison-league-locals,3,6,1ba99f02ad4e,8dfb26fdaad4,p2,2,0,False
edison-league-locals,3,7,906b825905ad,f7e42b2639ee,p2,2,0,False
edison-league-locals,4,1,2da8de829966,69d3e00878ed,p2,2,0,False
edison-league-locals,4,2,8dfb26fdaad4,be2f9b4f46b2,p2,2,1,False
edison-league-locals,4,3,9f34671a13f2,0a72ad698f9b,p1,2,1,False
edison-league-locals,4,4,7c69072ad0cb,864e24e48f1d,p1,2,0,False
edison-league-locals,4,5,c3f37e3750fe,1ba99f02ad4e,p1,2,1,False
edison-locals-8,1,1,0a72ad698f9b,3122bed3c204,p2,2,0,False
edison-locals-8,1,2,7c69072ad0cb,69d3e00878ed,p1,2,1,False
edison-locals-8,1,3,695fc2a1553b,c3f37e3750fe,p1,2,1,False
edison-locals-8,1,4,1878d6cb3e7c,906b825905ad,p1,2,0,False
edison-locals-8,1,5,8dfb26fdaad4,de085f8c4ebc,p1,2,0,False
edison-locals-8,1,6,a2ecb51ae12e,9f34671a13f2,p1,2,1,False
edison-locals-8,1,7,0b0e9f275c1f,be2f9b4f46b2,p1,2,1,False
edison-locals-8,1,8,1c367a65ef5a,8883c67b7383,p1,2,0,False
edison-locals-8,1,9,1ba99f02ad4e,27da43677430,p2,2,1,False
edison-locals-8,1,10,e3a1babfbd7f,3d836e6c7fb0,p1,2,0,False
edison-locals-8,2,1,e3a1babfbd7f,8dfb26fdaad4,p2,2,0,False
edison-locals-8,2,2,7c69072ad0cb,1878d6cb3e7c,p1,2,0,False
edison-locals-8,2,3,3122bed3c204,0b0e9f275c1f,p1,2,0,False
edison-locals-8,2,4,8484496d6ad6,27da43677430,p2,2,0,False
edison-locals-8,2,5,a2ecb51ae12e,1c367a65ef5a,p1,2,1,False
edison-locals-8,2,6,695fc2a1553b,3d836e6c7fb0,p1,2,1,False
edison-locals-8,2,7,9f34671a13f2,1ba99f02ad4e,p1,2,1,False
edison-locals-8,2,8,8883c67b7383,de085f8c4ebc,p2,2,0,False
edison-locals-8,2,9,be2f9b4f46b2,f95f328b5db2,p1,2,0,False
edison-locals-8,2,10,69d3e00878ed,906b825905ad,p1,2,0,False
edison-locals-8,3,1,a2ecb51ae12e,8dfb26fdaad4,p2,2,1,False
edison-locals-8,3,2,695fc2a1553b,3122bed3c204,p2,2,0,False
edison-locals-8,3,3,7c69072ad0cb,27da43677430,p2,2,1,False
edison-locals-8,3,4,1878d6cb3e7c,de085f8c4ebc,p1,2,0,False
edison-locals-8,3,5,0a72ad698f9b,8484496d6ad6,p1,2,0,False
edison-locals-8,3,6,e3a1babfbd7f,0b0e9f275c1f,p2,2,0,False
edison-locals-8,3,7,69d3e00878ed,be2f9b4f46b2,p1,2,1,False
edison-locals-8,3,8,9f34671a13f2,3d836e6c7fb0,p2,2,1,False
edison-locals-8,3,9,906b825905ad,f95f328b5db2,p2,2,0,False
edison-locals-8,3,10,1ba99f02ad4e,8883c67b7383,p2,2,1,False
edison-locals-8,4,1,3122bed3c204,8dfb26fdaad4,p2,2,0,False
edison-locals-8,4,2,27da43677430,a2ecb51ae12e,p1,2,1,False
edison-locals-8,4,3,695fc2a1553b,69d3e00878ed,p2,2,0,False
edison-locals-8,4,4,1878d6cb3e7c,0b0e9f275c1f,p1,2,0,False
edison-locals-8,4,5,0a72ad698f9b,7c69072ad0cb,p2,2,1,False
edison-locals-8,4,6,f95f328b5db2,de085f8c4ebc,p2,2,0,False
edison-locals-8,4,7,e3a1babfbd7f,9f34671a13f2,p2,2,0,False
edison-locals-8,4,8,3d836e6c7fb0,be2f9b4f46b2,p2,2,0,False
edison-locals-8,4,9,906b825905ad,1ba99f02ad4e,p2,2,0,False
poyo-weekly-2,1,1,5a92e077d22d,9ae145ec9fc5,p2,2,0,False
poyo-weekly-2,1,2,e82d7d02189d,9da56f40a898,p2,2,0,False
poyo-weekly-2,1,3,6b20d6889c27,8712b3365d85,p2,2,0,False
poyo-weekly-2,2,1,8712b3365d85,9ae145ec9fc5,p2,2,0,False
poyo-weekly-2,2,2,9da56f40a898,6b20d6889c27,p1,2,0,False
poyo-weekly-2,2,3,e82d7d02189d,5a92e077d22d,p1,2,1,False
poyo-weekly-2,3,1,9ae145ec9fc5,9da56f40a898,p2,2,0,False
poyo-weekly-2,3,2,e82d7d02189d,8712b3365d85,p2,2,1,False
poyo-weekly-2,3,3,5a92e077d22d,6b20d6889c27,p1,2,1,False
poyo-weekly-1,1,1,104ed1396046,9da56f40a898,p2,2,1,False
poyo-weekly-1,1,2,9ae145ec9fc5,8712b3365d85,p2,2,0,False
poyo-weekly-1,1,3,e82d7d02189d,6b20d6889c27,p1,2,1,False
poyo-weekly-1,2,1,e82d7d02189d,9da56f40a898,p2,2,1,False
poyo-weekly-1,2,2,8712b3365d85,5a92e077d22d,p2,2,1,False
poyo-weekly-1,2,3,6b20d6889c27,104ed1396046,p2,2,1,False
poyo-weekly-1,3,1,9da56f40a898,5a92e077d22d,p2,2,1,False
poyo-weekly-1,3,2,e82d7d02189d,9ae145ec9fc5,p1,2,1,False
poyo-weekly-1,3,3,8712b3365d85,104ed1396046,p2,2,0,False
angels-bday-freak-fest,1,1,6b20d6889c27,35f9379205a2,p2,2,1,False
angels-bday-freak-fest,1,2,1fc54e68a899,3d4bd7052415,p1,2,0,False
angels-bday-freak-fest,1,3,9ae145ec9fc5,5a92e077d22d,p2,2,1,False
angels-bday-freak-fest,1,4,9da56f40a898,e36ee64542d7,p2,2,0,False
angels-bday-freak-fest,1,5,e82d7d02189d,104ed1396046,draw,,,False
angels-bday-freak-fest,2,1,8712b3365d85,e36ee64542d7,p2,2,1,False
angels-bday-freak-fest,2,2,1fc54e68a899,35f9379205a2,p2,2,1,False
angels-bday-freak-fest,2,3,5a92e077d22d,e82d7d02189d,p2,2,1,False
angels-bday-freak-fest,2,4,104ed1396046,9ae145ec9fc5,p1,2,1,False
angels-bday-freak-fest,2,5,6b20d6889c27,9da56f40a898,p2,2,1,False
angels-bday-freak-fest,3,1,35f9379205a2,e36ee64542d7,p1,2,1,False
angels-bday-freak-fest,3,2,e82d7d02189d,9da56f40a898,p2,2,1,True
angels-bday-freak-fest,3,3,104ed1396046,3d4bd7052415,p1,2,0,False
angels-bday-freak-fest,3,4,5a92e077d22d,1fc54e68a899,p1,2,1,False
angels-bday-freak-fest,3,5,8712b3365d85,9ae145ec9fc5,p2,2,1,False
angels-bday-freak-fest,4,1,35f9379205a2,104ed1396046,p1,2,1,False
angels-bday-freak-fest,4,2,9da56f40a898,5a92e077d22d,p2,2,1,False
angels-bday-freak-fest,4,3,e36ee64542d7,e82d7d02189d,p2,2,1,False
angels-bday-freak-fest,4,4,1fc54e68a899,6b20d6889c27,p1,2,0,False
angels-bday-freak-fest,4,5,3d4bd7052415,8712b3365d85,p2,2,0,False
angels-bday-freak-fest,Finals,1,9da56f40a898,5a92e077d22d,p1,2,1,False
angels-bday-freak-fest,Top 4,1,9da56f40a898,e36ee64542d7,p1,2,1,False
angels-bday-freak-fest,Top 4,2,5a92e077d22d,104ed1396046,p1,2,1,False
angels-bday-freak-fest,Top 8,1,35f9379205a2,9da56f40a898,p2,2,0,False
angels-bday-freak-fest,Top 8,2,e82d7d02189d,e36ee64542d7,p2,2,0,False
angels-bday-freak-fest,Top 8,3,104ed1396046,9ae145ec9fc5,p1,2,1,False
angels-bday-freak-fest,Top 8,4,5a92e077d22d,1fc54e68a899,p1,2,0,False
edison-locals-7,1,1,8dfb26fdaad4,a2ecb51ae12e,p1,2,0,False
edison-locals-7,1,2,906b825905ad,316a6bca60d2,p2,2,1,False
edison-locals-7,1,3,908bd2962706,1878d6cb3e7c,p1,2,1,False
edison-locals-7,1,4,9528a924f71b,3122bed3c204,draw,,,False
edison-locals-7,1,5,8ddd1fa88803,de83aa3cbb2c,p1,2,1,False
edison-locals-7,1,6,69d3e00878ed,0b0e9f275c1f,p1,2,1,False
edison-locals-7,1,7,10d9231c6a68,7c69072ad0cb,p2,2,0,False
edison-locals-7,1,8,be2f9b4f46b2,c142d3dd3ca2,p1,2,1,False
edison-locals-7,1,9,695fc2a1553b,6fc913d51d98,p1,2,1,False
edison-locals-7,1,10,9f34671a13f2,c3f37e3750fe,p2,2,1,False
edison-locals-7,1,11,50f28c3c0afd,0a72ad698f9b,p2,2,0,False
edison-locals-7,2,1,8ddd1fa88803,c3f37e3750fe,p2,2,0,False
edison-locals-7,2,2,695fc2a1553b,be2f9b4f46b2,p2,2,1,False
edison-locals-7,2,3,908bd2962706,316a6bca60d2,p1,2,0,False
edison-locals-7,2,4,69d3e00878ed,7c69072ad0cb,p2,2,0,False
edison-locals-7,2,5,8dfb26fdaad4,0a72ad698f9b,p1,2,1,False
edison-locals-7,2,6,9528a924f71b,50f28c3c0afd,p1,2,1,False
edison-locals-7,2,7,3122bed3c204,9f34671a13f2,p1,2,1,False
edison-locals-7,2,8,6fc913d51d98,1878d6cb3e7c,p1,2,0,False
edison-locals-7,2,9,0b0e9f275c1f,10d9231c6a68,p1,2,1,False
edison-locals-7,2,10,0a2a1c975ae7,a2ecb51ae12e,p2,2,0,False
edison-locals-7,2,11,c142d3dd3ca2,906b825905ad,p2,2,0,False
edison-locals-7,3,1,8dfb26fdaad4,be2f9b4f46b2,p2,2,0,False
edison-locals-7,3,2,908bd2962706,7c69072ad0cb,p1,2,0,False
edison-locals-7,3,3,c3f37e3750fe,3122bed3c204,p2,2,1,False
edison-locals-7,3,4,9528a924f71b,695fc2a1553b,p2,2,1,False
edison-locals-7,3,5,69d3e00878ed,8ddd1fa88803,p2,2,1,False
edison-locals-7,3,6,316a6bca60d2,0b0e9f275c1f,p2,2,0,False
edison-locals-7,3,7,6fc913d51d98,de83aa3cbb2c,p2,2,0,False
edison-locals-7,3,8,0a72ad698f9b,a2ecb51ae12e,p2,2,0,False
edison-locals-7,3,9,906b825905ad,0a2a1c975ae7,p2,2,1,False
edison-locals-7,3,10,1878d6cb3e7c,10d9231c6a68,p2,2,0,False
edison-locals-7,3,11,9f34671a13f2,c142d3dd3ca2,p1,2,1,False
edison-locals-7,4,1,be2f9b4f46b2,908bd2962706,p2,2,0,False
edison-locals-7,4,2,3122bed3c204,8dfb26fdaad4,p2,2,0,False
edison-locals-7,4,3,de83aa3cbb2c,0b0e9f275c1f,p2,2,0,False
edison-locals-7,4,4,7c69072ad0cb,a2ecb51ae12e,p2,2,0,False
edison-locals-7,4,5,c3f37e3750fe,695fc2a1553b,p1,2,0,False
edison-locals-7,4,6,8ddd1fa88803,9528a924f71b,p1,2,0,False
edison-locals-7,4,7,0a2a1c975ae7,69d3e00878ed,p1,2,0,False
edison-locals-7,4,8,906b825905ad,10d9231c6a68,p2,2,0,False
edison-locals-7,4,9,0a72ad698f9b,9f34671a13f2,p2,2,1,False
edison-locals-7,4,10,316a6bca60d2,c142d3dd3ca2,p1,2,0,False
nxt-legaci-edison-2,1,1,51a68e5d47ed,7fbeb5891447,p2,2,0,False
nxt-legaci-edison-2,1,2,fe004fbe6577,3ae41c2ec82e,p2,2,0,False
nxt-legaci-edison-2,1,3,773819efd6e7,5e05cd99c84c,p1,2,0,False
nxt-legaci-edison-2,1,4,a1647ac8840c,784cac4ee8bd,p2,2,0,False
nxt-legaci-edison-2,2,1,512cf8d7f489,773819efd6e7,p2,2,0,False
nxt-legaci-edison-2,2,2,784cac4ee8bd,7fbeb5891447,p1,2,0,False
nxt-legaci-edison-2,2,3,3ae41c2ec82e,a1647ac8840c,p2,2,0,False
nxt-legaci-edison-2,2,4,5e05cd99c84c,fe004fbe6577,p2,2,0,False
nxt-legaci-edison-2,3,1,773819efd6e7,784cac4ee8bd,p2,2,0,False
nxt-legaci-edison-2,3,2,fe004fbe6577,512cf8d7f489,p1,2,0,False
nxt-legaci-edison-2,3,3,a1647ac8840c,51a68e5d47ed,p2,2,0,False
nxt-legaci-edison-2,3,4,3ae41c2ec82e,7fbeb5891447,p1,2,0,False
totogons-switch-edison-tournament-tset,1,1,77c944feb600,cf3f78a00149,p1,2,0,True
totogons-switch-edison-tournament-tset,1,2,97aab0c63c1e,a00f96a26c2c,p1,2,0,True
totogons-switch-edison-tournament-tset,1,3,08d06e7ccdc8,393bdae85223,p2,2,0,True
totogons-switch-edison-tournament-tset,1,4,8485430591c8,37083ad4c984,p1,2,0,False
totogons-switch-edison-tournament-tset,1,5,9df587203aa4,a1a8924dd436,p1,2,1,True
totogons-switch-edison-tournament-tset,1,6,622349ab41d2,5d0421b090eb,p1,2,1,True
totogons-switch-edison-tournament-tset,1,7,8d0f18c2c065,dc5222c6170c,p2,2,1,True
totogons-switch-edison-tournament-tset,1,8,8f497d5785bd,917b9610fb4f,p2,2,1,False
totogons-switch-edison-tournament-tset,1,9,6ce436430145,56e59d3771ae,p2,2,1,True
totogons-switch-edison-tournament-tset,1,10,34403efaf017,8d39e0991500,p1,2,0,True
totogons-switch-edison-tournament-tset,1,11,8aebda5474d1,13c321eede8a,p1,2,0,True
totogons-switch-edison-tournament-tset,1,12,73e9c13fabde,71d157cebb14,p2,2,1,True
totogons-switch-edison-tournament-tset,1,13,2af6b8cbb029,b101c6a5b5d5,p2,2,0,True
totogons-switch-edison-tournament-tset,1,14,89e57c3ed1a5,3588f9c1bd60,p1,2,1,True
totogons-switch-edison-tournament-tset,1,15,e35129ff56c5,e7bf05afff56,p1,2,0,True
totogons-switch-edison-tournament-tset,1,16,d81076d66721,ca269d283701,p2,2,1,True
totogons-switch-edison-tournament-tset,1,17,22313a925783,b79ebc3a48cc,p1,2,0,True
totogons-switch-edison-tournament-tset,1,18,ac8f80f01305,5e765469ef89,p2,2,1,True
totogons-switch-edison-tournament-tset,1,19,df73d0c114a3,8ecccde3ee8b,p1,2,1,False
totogons-switch-edison-tournament-tset,1,20,0fe6e5865ca1,85ecb426be61,p2,2,0,True
totogons-switch-edison-tournament-tset,1,21,0613c8c7b015,34928b94ad97,p1,2,0,True
totogons-switch-edison-tournament-tset,1,22,061e08da2b83,d4b5d724694f,p2,2,1,False
totogons-switch-edison-tournament-tset,1,23,8962f958f7a8,01a8b405c102,p1,2,0,True
totogons-switch-edison-tournament-tset,1,24,897dc06dbad1,b53ab5bdb6ee,p1,2,1,True
totogons-switch-edison-tournament-tset,1,25,b30b212eaa41,96eb9edc372b,p1,2,1,True
totogons-switch-edison-tournament-tset,1,26,c1d4cc03e5fb,aaa356b8a7a6,p2,2,1,True
totogons-switch-edison-tournament-tset,1,27,aa412bd49dd0,803519189b65,p2,2,0,True
totogons-switch-edison-tournament-tset,1,28,1e35c0e5c05e,8e2112365a50,p1,2,0,True
totogons-switch-edison-tournament-tset,1,29,efebc47a61ed,004717499daa,p1,2,1,True
totogons-switch-edison-tournament-tset,1,30,8ffaeed69be7,1100d00d4ff0,p1,2,1,False
totogons-switch-edison-tournament-tset,1,31,d669b7acaa82,d1e6f5f74d1d,p2,2,0,True
totogons-switch-edison-tournament-tset,1,32,e14f050a1da5,f3ee963b9ec1,p1,2,1,True
totogons-switch-edison-tournament-tset,2,1,71d157cebb14,22313a925783,p2,2,1,True
totogons-switch-edison-tournament-tset,2,2,9df587203aa4,34403efaf017,p2,2,0,True
totogons-switch-edison-tournament-tset,2,3,df73d0c114a3,917b9610fb4f,p2,2,0,False
totogons-switch-edison-tournament-tset,2,4,8962f958f7a8,b101c6a5b5d5,p2,2,1,True
totogons-switch-edison-tournament-tset,2,5,0613c8c7b015,393bdae85223,p1,2,0,True
totogons-switch-edison-tournament-tset,2,6,efebc47a61ed,622349ab41d2,p2,2,1,True
totogons-switch-edison-tournament-tset,2,7,e35129ff56c5,b30b212eaa41,p1,2,1,True
totogons-switch-edison-tournament-tset,2,8,56e59d3771ae,e14f050a1da5,p2,2,0,True
totogons-switch-edison-tournament-tset,2,9,897dc06dbad1,1e35c0e5c05e,p1,2,1,True
totogons-switch-edison-tournament-tset,2,10,d1e6f5f74d1d,d4b5d724694f,p1,2,0,False
totogons-switch-edison-tournament-tset,2,11,8485430591c8,97aab0c63c1e,p2,2,1,False
totogons-switch-edison-tournament-tset,2,12,803519189b65,8aebda5474d1,p1,2,0,True
totogons-switch-edison-tournament-tset,2,13,ca269d283701,aaa356b8a7a6,p1,2,0,True
totogons-switch-edison-tournament-tset,2,14,89e57c3ed1a5,8ffaeed69be7,p1,2,0,True
totogons-switch-edison-tournament-tset,2,15,77c944feb600,85ecb426be61,p2,2,0,True
totogons-switch-edison-tournament-tset,2,16,dc5222c6170c,5e765469ef89,p2,2,0,True
totogons-switch-edison-tournament-tset,2,17,08d06e7ccdc8,01a8b405c102,p1,2,0,True
totogons-switch-edison-tournament-tset,2,18,37083ad4c984,a1a8924dd436,p2,2,1,True
totogons-switch-edison-tournament-tset,2,19,b53ab5bdb6ee,0fe6e5865ca1,p2,2,1,True
totogons-switch-edison-tournament-tset,2,20,cf3f78a00149,aa412bd49dd0,p2,2,0,True
totogons-switch-edison-tournament-tset,2,21,13c321eede8a,8d0f18c2c065,p1,2,0,True
totogons-switch-edison-tournament-tset,2,22,8e2112365a50,73e9c13fabde,p2,2,0,True
totogons-switch-edison-tournament-tset,2,23,1100d00d4ff0,2af6b8cbb029,p2,2,1,False
totogons-switch-edison-tournament-tset,2,24,d81076d66721,e7bf05afff56,p1,2,1,True
totogons-switch-edison-tournament-tset,2,25,061e08da2b83,f3ee963b9ec1,p2,2,0,True
totogons-switch-edison-tournament-tset,2,26,8d39e0991500,3588f9c1bd60,p2,2,0,True
totogons-switch-edison-tournament-tset,2,27,6ce436430145,d669b7acaa82,p2,2,0,True
totogons-switch-edison-tournament-tset,2,28,5d0421b090eb,004717499daa,p1,2,1,True
totogons-switch-edison-tournament-tset,2,29,34928b94ad97,a00f96a26c2c,p1,2,1,True
totogons-switch-edison-tournament-tset,2,30,8f497d5785bd,ac8f80f01305,p1,2,1,False
totogons-switch-edison-tournament-tset,2,31,96eb9edc372b,c1d4cc03e5fb,p1,2,0,True
totogons-switch-edison-tournament-tset,3,1,97aab0c63c1e,85ecb426be61,p1,2,0,True
totogons-switch-edison-tournament-tset,3,2,b101c6a5b5d5,897dc06dbad1,p2,2,1,True
totogons-switch-edison-tournament-tset,3,3,89e57c3ed1a5,803519189b65,p1,2,0,True
totogons-switch-edison-tournament-tset,3,4,5e765469ef89,22313a925783,p2,2,0,True
totogons-switch-edison-tournament-tset,3,5,ca269d283701,622349ab41d2,p1,2,1,True
totogons-switch-edison-tournament-tset,3,6,0613c8c7b015,e35129ff56c5,p2,2,1,True
totogons-switch-edison-tournament-tset,3,7,917b9610fb4f,34403efaf017,p2,2,1,True
totogons-switch-edison-tournament-tset,3,8,e14f050a1da5,d1e6f5f74d1d,p1,2,1,True
totogons-switch-edison-tournament-tset,3,9,8962f958f7a8,8485430591c8,p1,2,1,False
totogons-switch-edison-tournament-tset,3,10,0fe6e5865ca1,56e59d3771ae,p1,2,0,True
totogons-switch-edison-tournament-tset,3,11,efebc47a61ed,8aebda5474d1,p2,2,1,True
totogons-switch-edison-tournament-tset,3,12,9df587203aa4,aa412bd49dd0,p1,2,1,True
totogons-switch-edison-tournament-tset,3,13,d4b5d724694f,71d157cebb14,p2,2,1,False
totogons-switch-edison-tournament-tset,3,14,d669b7acaa82,f3ee963b9ec1,p1,2,1,True
totogons-switch-edison-tournament-tset,3,15,1e35c0e5c05e,2af6b8cbb029,p1,2,1,True
totogons-switch-edison-tournament-tset,3,16,08d06e7ccdc8,3588f9c1bd60,p2,2,0,True
totogons-switch-edison-tournament-tset,3,17,393bdae85223,d81076d66721,p1,2,1,True
totogons-switch-edison-tournament-tset,3,18,df73d0c114a3,73e9c13fabde,p2,2,1,False
totogons-switch-edison-tournament-tset,3,19,96eb9edc372b,8ffaeed69be7,p2,2,1,True
totogons-switch-edison-tournament-tset,3,20,5d0421b090eb,8ecccde3ee8b,p2,2,1,True
totogons-switch-edison-tournament-tset,3,21,dc5222c6170c,b30b212eaa41,p2,2,1,True
totogons-switch-edison-tournament-tset,3,22,77c944feb600,8f497d5785bd,p1,2,0,False
totogons-switch-edison-tournament-tset,3,23,34928b94ad97,a1a8924dd436,p1,2,0,True
totogons-switch-edison-tournament-tset,3,24,13c321eede8a,aaa356b8a7a6,p2,2,1,True
totogons-switch-edison-tournament-tset,3,25,c1d4cc03e5fb,b53ab5bdb6ee,p1,2,0,True
totogons-switch-edison-tournament-tset,3,26,e7bf05afff56,061e08da2b83,p2,2,0,True
totogons-switch-edison-tournament-tset,3,27,01a8b405c102,8e2112365a50,p2,2,0,True
totogons-switch-edison-tournament-tset,3,28,6ce436430145,cf3f78a00149,p2,2,1,True
totogons-switch-edison-tournament-tset,3,29,004717499daa,37083ad4c984,p1,2,1,True
totogons-switch-edison-tournament-tset,3,30,ac8f80f01305,a00f96a26c2c,p2,2,0,True
totogons-switch-edison-tournament-tset,4,1,e35129ff56c5,34403efaf017,p2,2,1,True
totogons-switch-edison-tournament-tset,4,2,97aab0c63c1e,22313a925783,p1,2,0,True
totogons-switch-edison-tournament-tset,4,3,e14f050a1da5,ca269d283701,p1,2,0,True
totogons-switch-edison-tournament-tset,4,4,89e57c3ed1a5,897dc06dbad1,p2,2,1,True
totogons-switch-edison-tournament-tset,4,5,34928b94ad97,8962f958f7a8,p2,2,1,True
totogons-switch-edison-tournament-tset,4,6,0fe6e5865ca1,b30b212eaa41,p2,2,1,True
totogons-switch-edison-tournament-tset,4,7,5e765469ef89,917b9610fb4f,p1,2,1,True
totogons-switch-edison-tournament-tset,4,8,8ffaeed69be7,1e35c0e5c05e,p2,2,1,True
totogons-switch-edison-tournament-tset,4,9,393bdae85223,85ecb426be61,p1,2,1,True
totogons-switch-edison-tournament-tset,4,10,9df587203aa4,803519189b65,p2,2,1,True
totogons-switch-edison-tournament-tset,4,11,d669b7acaa82,0613c8c7b015,p2,2,0,True
totogons-switch-edison-tournament-tset,4,12,77c944feb600,d1e6f5f74d1d,p2,2,1,True
totogons-switch-edison-tournament-tset,4,13,b101c6a5b5d5,8aebda5474d1,p1,2,1,True
totogons-switch-edison-tournament-tset,4,14,73e9c13fabde,aaa356b8a7a6,p2,2,0,True
totogons-switch-edison-tournament-tset,4,15,71d157cebb14,8ecccde3ee8b,p2,2,0,True
totogons-switch-edison-tournament-tset,4,16,622349ab41d2,3588f9c1bd60,p2,2,1,True
totogons-switch-edison-tournament-tset,4,17,56e59d3771ae,061e08da2b83,p1,2,0,True
totogons-switch-edison-tournament-tset,4,18,a1a8924dd436,df73d0c114a3,p2,2,1,False
totogons-switch-edison-tournament-tset,4,19,96eb9edc372b,004717499daa,p2,2,1,True
totogons-switch-edison-tournament-tset,4,20,cf3f78a00149,efebc47a61ed,p1,2,1,True
totogons-switch-edison-tournament-tset,4,21,5d0421b090eb,dc5222c6170c,p2,2,1,True
totogons-switch-edison-tournament-tset,4,22,8485430591c8,d4b5d724694f,p2,2,1,False
totogons-switch-edison-tournament-tset,4,23,8e2112365a50,08d06e7ccdc8,p2,2,0,True
totogons-switch-edison-tournament-tset,4,24,2af6b8cbb029,c1d4cc03e5fb,p2,2,0,True
totogons-switch-edison-tournament-tset,4,25,8f497d5785bd,a00f96a26c2c,p1,2,0,False
totogons-switch-edison-tournament-tset,4,26,13c321eede8a,01a8b405c102,p2,2,0,True
totogons-switch-edison-tournament-tset,4,27,ac8f80f01305,37083ad4c984,p1,2,0,True
totogons-switch-edison-tournament-tset,5,1,e14f050a1da5,34403efaf017,p2,2,0,True
totogons-switch-edison-tournament-tset,5,2,897dc06dbad1,97aab0c63c1e,p2,2,1,True
totogons-switch-edison-tournament-tset,5,3,8ecccde3ee8b,393bdae85223,p2,2,1,True
totogons-switch-edison-tournament-tset,5,4,3588f9c1bd60,22313a925783,p1,2,0,True
totogons-switch-edison-tournament-tset,5,5,ca269d283701,1e35c0e5c05e,p1,2,0,True
totogons-switch-edison-tournament-tset,5,6,8962f958f7a8,89e57c3ed1a5,p2,2,1,True
totogons-switch-edison-tournament-tset,5,7,b101c6a5b5d5,5e765469ef89,p1,2,1,True
totogons-switch-edison-tournament-tset,5,8,d1e6f5f74d1d,b30b212eaa41,p1,2,1,True
totogons-switch-edison-tournament-tset,5,9,0613c8c7b015,803519189b65,p1,2,1,True
totogons-switch-edison-tournament-tset,5,10,aaa356b8a7a6,e35129ff56c5,p2,2,0,True
totogons-switch-edison-tournament-tset,5,11,8aebda5474d1,cf3f78a00149,p2,2,0,True
totogons-switch-edison-tournament-tset,5,12,08d06e7ccdc8,622349ab41d2,p2,2,0,True
totogons-switch-edison-tournament-tset,5,13,d669b7acaa82,917b9610fb4f,p1,2,0,True
totogons-switch-edison-tournament-tset,5,14,c1d4cc03e5fb,85ecb426be61,p2,2,1,True
totogons-switch-edison-tournament-tset,5,15,8ffaeed69be7,34928b94ad97,p2,2,0,True
totogons-switch-edison-tournament-tset,5,16,9df587203aa4,73e9c13fabde,p2,2,1,True
totogons-switch-edison-tournament-tset,5,17,8f497d5785bd,df73d0c114a3,p2,2,1,False
totogons-switch-edison-tournament-tset,5,18,77c944feb600,dc5222c6170c,p2,2,1,True
totogons-switch-edison-tournament-tset,5,19,004717499daa,71d157cebb14,p1,2,1,True
totogons-switch-edison-tournament-tset,5,20,56e59d3771ae,d4b5d724694f,p1,2,1,False
totogons-switch-edison-tournament-tset,5,21,0fe6e5865ca1,a00f96a26c2c,p1,2,1,True
totogons-switch-edison-tournament-tset,5,22,6ce436430145,2af6b8cbb029,p1,2,0,True
totogons-switch-edison-tournament-tset,5,23,96eb9edc372b,a1a8924dd436,p2,2,0,True
totogons-switch-edison-tournament-tset,5,24,061e08da2b83,ac8f80f01305,p1,2,1,True
totogons-switch-edison-tournament-tset,5,25,01a8b405c102,37083ad4c984,p1,2,0,True
totogons-switch-edison-tournament-tset,6,1,97aab0c63c1e,34403efaf017,p1,2,1,True
totogons-switch-edison-tournament-tset,6,2,ca269d283701,e35129ff56c5,p1,2,0,True
totogons-switch-edison-tournament-tset,6,3,b101c6a5b5d5,e14f050a1da5,p1,2,0,True
totogons-switch-edison-tournament-tset,6,4,393bdae85223,3588f9c1bd60,p1,2,1,True
totogons-switch-edison-tournament-tset,6,5,d1e6f5f74d1d,89e57c3ed1a5,p1,2,1,True
totogons-switch-edison-tournament-tset,6,6,0613c8c7b015,897dc06dbad1,p2,2,1,True
totogons-switch-edison-tournament-tset,6,7,803519189b65,dc5222c6170c,p2,2,0,True
totogons-switch-edison-tournament-tset,6,8,cf3f78a00149,1e35c0e5c05e,p2,2,1,True
totogons-switch-edison-tournament-tset,6,9,df73d0c114a3,0fe6e5865ca1,p1,2,1,False
totogons-switch-edison-tournament-tset,6,10,5e765469ef89,85ecb426be61,p1,2,1,True
totogons-switch-edison-tournament-tset,6,11,8ecccde3ee8b,22313a925783,p1,2,0,True
totogons-switch-edison-tournament-tset,6,12,34928b94ad97,73e9c13fabde,p1,2,0,True
totogons-switch-edison-tournament-tset,6,13,56e59d3771ae,004717499daa,p2,2,1,True
totogons-switch-edison-tournament-tset,6,14,d669b7acaa82,b30b212eaa41,p2,2,1,True
totogons-switch-edison-tournament-tset,6,15,622349ab41d2,aaa356b8a7a6,p1,2,0,True
totogons-switch-edison-tournament-tset,6,16,8962f958f7a8,9df587203aa4,p2,2,1,True
totogons-switch-edison-tournament-tset,6,17,6ce436430145,08d06e7ccdc8,p2,2,0,True
totogons-switch-edison-tournament-tset,6,18,71d157cebb14,01a8b405c102,p2,2,0,True
totogons-switch-edison-tournament-tset,6,19,d4b5d724694f,8aebda5474d1,p2,2,1,False
totogons-switch-edison-tournament-tset,6,20,a1a8924dd436,77c944feb600,p2,2,0,True
totogons-switch-edison-tournament-tset,6,21,061e08da2b83,37083ad4c984,p1,2,0,True
totogons-switch-edison-tournament-tset,Finals,1,ca269d283701,34403efaf017,p2,2,1,True
totogons-switch-edison-tournament-tset,Top 16,1,97aab0c63c1e,8ecccde3ee8b,p1,2,0,True
totogons-switch-edison-tournament-tset,Top 16,2,e14f050a1da5,0613c8c7b015,p1,2,1,True
totogons-switch-edison-tournament-tset,Top 16,3,ca269d283701,b30b212eaa41,p1,2,0,True
totogons-switch-edison-tournament-tset,Top 16,4,b101c6a5b5d5,3588f9c1bd60,p1,2,0,True
totogons-switch-edison-tournament-tset,Top 16,5,d1e6f5f74d1d,89e57c3ed1a5,p2,2,1,True
totogons-switch-edison-tournament-tset,Top 16,6,34403efaf017,5e765469ef89,p1,2,0,True
totogons-switch-edison-tournament-tset,Top 16,7,393bdae85223,e35129ff56c5,p2,2,1,True
totogons-switch-edison-tournament-tset,Top 16,8,897dc06dbad1,1e35c0e5c05e,p1,2,0,True
totogons-switch-edison-tournament-tset,Top 4,1,97aab0c63c1e,ca269d283701,p2,2,1,True
totogons-switch-edison-tournament-tset,Top 4,2,897dc06dbad1,34403efaf017,p2,2,0,True
totogons-switch-edison-tournament-tset,Top 8,1,97aab0c63c1e,e14f050a1da5,p1,2,1,True
totogons-switch-edison-tournament-tset,Top 8,2,ca269d283701,b101c6a5b5d5,p1,2,1,True
totogons-switch-edison-tournament-tset,Top 8,3,34403efaf017,89e57c3ed1a5,p1,2,1,True
totogons-switch-edison-tournament-tset,Top 8,4,897dc06dbad1,e35129ff56c5,p1,2,0,True
test-2-10,1,1,cfe1e266712a,67329ee27554,p1,2,0,False
test-2-10,1,2,ee8b84b1e815,22c323ebba13,p2,2,0,False
test-2-10,2,1,cfe1e266712a,22c323ebba13,p2,2,0,False
test-2-10,2,2,0be95bb0d868,67329ee27554,p2,2,0,False
test-2-10,3,1,22c323ebba13,0be95bb0d868,p2,2,0,False
test-2-10,3,2,cfe1e266712a,ee8b84b1e815,p2,2,0,False
nxt-legaci-edison-week,1,1,f84a654e4280,2577adbb8362,p1,2,0,False
nxt-legaci-edison-week,1,2,ad06ca9e364d,fa4af767c198,p2,2,0,False
nxt-legaci-edison-week,1,3,ae510f6d09f5,f7fb34d3f298,p1,2,0,False
nxt-legaci-edison-week,1,4,c9dc28e35bf2,1777215a6fe8,p1,2,0,False
nxt-legaci-edison-week,1,5,2faa6474a3de,3e1bad3018f4,p1,2,0,False
nxt-legaci-edison-week,2,1,2faa6474a3de,8c85efb5c3a9,p2,2,0,False
nxt-legaci-edison-week,2,2,fa4af767c198,ae510f6d09f5,p2,2,0,False
nxt-legaci-edison-week,2,3,f84a654e4280,c9dc28e35bf2,p2,2,0,False
nxt-legaci-edison-week,2,4,f7fb34d3f298,2577adbb8362,p1,2,0,False
nxt-legaci-edison-week,2,5,1777215a6fe8,3e1bad3018f4,p1,2,0,False
nxt-legaci-edison-week,3,1,c9dc28e35bf2,ae510f6d09f5,p1,2,0,False
nxt-legaci-edison-week,3,2,8c85efb5c3a9,f84a654e4280,p1,2,0,False
nxt-legaci-edison-week,3,3,2faa6474a3de,1777215a6fe8,p2,2,0,False
nxt-legaci-edison-week,3,4,f7fb34d3f298,fa4af767c198,p1,2,0,False
nxt-legaci-edison-week,3,5,ad06ca9e364d,2577adbb8362,p1,2,0,False
nxt-legaci-edison-week,4,1,c9dc28e35bf2,8c85efb5c3a9,p2,2,0,False
nxt-legaci-edison-week,4,2,ae510f6d09f5,1777215a6fe8,p1,2,0,False
nxt-legaci-edison-week,4,3,f7fb34d3f298,ad06ca9e364d,p2,2,0,False
nxt-legaci-edison-week,4,4,3e1bad3018f4,f84a654e4280,p1,2,0,False
nxt-legaci-edison-week,4,5,fa4af767c198,2faa6474a3de,draw,,,False
edison-locals-5,1,1,c3f37e3750fe,1ba99f02ad4e,p1,2,1,False
edison-locals-5,1,2,8883c67b7383,3122bed3c204,p1,2,1,False
edison-locals-5,1,3,0a72ad698f9b,9f34671a13f2,p1,2,1,False
edison-locals-5,1,4,35b87827fc56,60316c2b9f19,p2,2,1,False
edison-locals-5,1,5,2da8de829966,695fc2a1553b,p1,2,1,False
edison-locals-5,1,6,be2f9b4f46b2,c04d9ae8301b,p1,2,0,False
edison-locals-5,1,7,906b825905ad,7c69072ad0cb,p2,2,0,False
edison-locals-5,2,1,60316c2b9f19,8883c67b7383,p1,2,0,False
edison-locals-5,2,2,0a72ad698f9b,7c69072ad0cb,p1,2,1,False
edison-locals-5,2,3,c3f37e3750fe,be2f9b4f46b2,p1,2,1,False
edison-locals-5,2,4,2da8de829966,8dfb26fdaad4,p2,2,1,False
edison-locals-5,2,5,c04d9ae8301b,3122bed3c204,p2,2,0,False
edison-locals-5,2,6,695fc2a1553b,9f34671a13f2,p2,2,1,False
edison-locals-5,2,7,906b825905ad,35b87827fc56,p2,2,0,False
edison-locals-5,3,1,8dfb26fdaad4,c3f37e3750fe,p1,2,1,False
edison-locals-5,3,2,0a72ad698f9b,60316c2b9f19,p1,2,1,False
edison-locals-5,3,3,35b87827fc56,2da8de829966,p2,2,0,False
edison-locals-5,3,4,be2f9b4f46b2,7c69072ad0cb,p1,2,1,False
edison-locals-5,3,5,9f34671a13f2,8883c67b7383,p2,2,0,False
edison-locals-5,3,6,1ba99f02ad4e,3122bed3c204,p1,2,1,False
edison-locals-5,3,7,906b825905ad,695fc2a1553b,p2,2,1,False
edison-locals-5,4,1,0a72ad698f9b,8dfb26fdaad4,p2,2,1,False
edison-locals-5,4,2,2da8de829966,1ba99f02ad4e,p1,2,1,False
edison-locals-5,4,3,8883c67b7383,c3f37e3750fe,p2,2,0,False
edison-locals-5,4,4,60316c2b9f19,be2f9b4f46b2,p2,2,0,False
edison-locals-5,4,5,7c69072ad0cb,695fc2a1553b,p2,2,0,False
edison-locals-5,4,6,3122bed3c204,906b825905ad,p1,2,0,False
poyo-weekly-2-1129,1,1,9ae145ec9fc5,1fc54e68a899,p2,2,0,False
poyo-weekly-2-1129,1,2,8712b3365d85,104ed1396046,p1,2,0,False
poyo-weekly-2-1129,1,3,5a92e077d22d,6b20d6889c27,p1,2,0,False
poyo-weekly-2-1129,2,1,8712b3365d85,9da56f40a898,p1,2,0,False
poyo-weekly-2-1129,2,2,5a92e077d22d,1fc54e68a899,p2,2,0,False
poyo-weekly-2-1129,2,3,9ae145ec9fc5,104ed1396046,p2,2,1,False
poyo-weekly-2-1129,3,1,8712b3365d85,1fc54e68a899,p1,2,0,False
poyo-weekly-2-1129,3,2,104ed1396046,6b20d6889c27,p2,2,1,False
poyo-weekly-2-1129,3,3,9da56f40a898,5a92e077d22d,p2,2,1,False
poyo-weekly-2-1129,Finals,1,6b20d6889c27,5a92e077d22d,p2,2,1,False
poyo-weekly-2-1129,Top 4,1,8712b3365d85,6b20d6889c27,p2,2,0,False
poyo-weekly-2-1129,Top 4,2,1fc54e68a899,5a92e077d22d,p2,2,0,False
poyo-weekly-1129,1,1,1fc54e68a899,9ae145ec9fc5,p1,2,0,False
poyo-weekly-1129,1,2,5a92e077d22d,8712b3365d85,p2,2,0,False
poyo-weekly-1129,1,3,104ed1396046,6b20d6889c27,draw,,,False
poyo-weekly-1129,2,1,9da56f40a898,1fc54e68a899,p2,2,1,False
poyo-weekly-1129,2,2,8712b3365d85,6b20d6889c27,p1,2,0,False
poyo-weekly-1129,2,3,104ed1396046,9ae145ec9fc5,p1,2,0,False
poyo-weekly-1129,3,1,8712b3365d85,1fc54e68a899,p2,2,0,False
poyo-weekly-1129,3,2,104ed1396046,5a92e077d22d,p1,2,1,False
poyo-weekly-1129,3,3,9da56f40a898,6b20d6889c27,p2,2,1,False
poyo-weekly-1129,Finals,1,1fc54e68a899,8712b3365d85,p1,2,0,False
poyo-weekly-1129,Top 4,1,1fc54e68a899,6b20d6889c27,p1,2,0,False
poyo-weekly-1129,Top 4,2,104ed1396046,8712b3365d85,p2,2,0,False
nxt-legaci-edison-1,1,1,a55985a18265,15b5cb71989a,p1,2,0,False
nxt-legaci-edison-1,1,2,461ddffa60d7,091f31b0e73a,p1,2,0,False
nxt-legaci-edison-1,1,3,6e74a0f554e1,27d70ea0dd87,p1,2,0,False
nxt-legaci-edison-1,1,4,dcffc6e42191,d62a4eee9c12,p1,2,0,False
nxt-legaci-edison-1,2,1,461ddffa60d7,6e74a0f554e1,p1,2,0,False
nxt-legaci-edison-1,2,2,a55985a18265,dcffc6e42191,p2,2,0,False
nxt-legaci-edison-1,2,3,e070028b0835,15b5cb71989a,p1,2,0,False
nxt-legaci-edison-1,2,4,27d70ea0dd87,091f31b0e73a,p2,2,0,False
nxt-legaci-edison-1,3,1,dcffc6e42191,e070028b0835,p2,2,0,False
nxt-legaci-edison-1,3,2,461ddffa60d7,d62a4eee9c12,p1,2,0,False
nxt-legaci-edison-1,3,3,091f31b0e73a,a55985a18265,p1,2,0,False
nxt-legaci-edison-1,3,4,6e74a0f554e1,15b5cb71989a,draw,,,False
nxt-legaci-edison-1,4,1,461ddffa60d7,e070028b0835,p2,2,0,False
nxt-legaci-edison-1,4,2,dcffc6e42191,091f31b0e73a,p1,2,0,False
nxt-legaci-edison-1,4,3,6e74a0f554e1,a55985a18265,p1,2,0,False
nxt-legaci-edison-1,4,4,27d70ea0dd87,15b5cb71989a,p1,2,0,False
edison-locals-4,1,1,8dfb26fdaad4,8883c67b7383,p2,2,0,False
edison-locals-4,1,2,0a72ad698f9b,6fc913d51d98,p2,2,1,False
edison-locals-4,1,3,906b825905ad,d3009b737c13,p1,2,0,False
edison-locals-4,1,4,3122bed3c204,cebcb0d914f1,p2,2,1,False
edison-locals-4,1,5,342d6502e981,7c69072ad0cb,p2,2,0,False
edison-locals-4,1,6,0b0e9f275c1f,de83aa3cbb2c,p1,2,0,False
edison-locals-4,1,7,c3f37e3750fe,27da43677430,p2,2,1,False
edison-locals-4,2,1,906b825905ad,cebcb0d914f1,p1,2,0,False
edison-locals-4,2,2,8883c67b7383,27da43677430,p1,2,0,False
edison-locals-4,2,3,7c69072ad0cb,6fc913d51d98,p1,2,1,False
edison-locals-4,2,4,0b0e9f275c1f,8dfb26fdaad4,p2,2,1,False
edison-locals-4,2,5,d3009b737c13,de83aa3cbb2c,p2,2,0,False
edison-locals-4,2,6,342d6502e981,c3f37e3750fe,p2,2,0,False
edison-locals-4,3,1,7c69072ad0cb,8883c67b7383,p1,2,1,False
edison-locals-4,3,2,906b825905ad,c3f37e3750fe,p1,2,0,False
edison-locals-4,3,3,27da43677430,6fc913d51d98,p2,2,0,False
edison-locals-4,3,4,de83aa3cbb2c,3122bed3c204,p1,2,1,False
edison-locals-4,3,5,8dfb26fdaad4,cebcb0d914f1,p1,2,0,False
edison-locals-4,3,6,0b0e9f275c1f,d3009b737c13,p1,2,1,False
edison-locals-4,4,1,7c69072ad0cb,906b825905ad,p1,2,1,False
edison-locals-4,4,2,6fc913d51d98,8883c67b7383,p1,2,0,False
edison-locals-4,4,3,de83aa3cbb2c,8dfb26fdaad4,p2,2,0,False
edison-locals-4,4,4,0b0e9f275c1f,3122bed3c204,p1,2,0,False
edison-locals-4,4,5,342d6502e981,cebcb0d914f1,p1,2,1,False
edison-locals-4,4,6,27da43677430,d3009b737c13,p2,2,0,False
yugioh-edison,1,1,7ae8cafe9caf,27524b3f1def,p2,2,0,False
yugioh-edison,1,2,518b29ca4fc5,6849431db243,p2,2,0,False
yugioh-edison,1,3,2338eba83610,03019b882d1f,p2,2,0,False
yugioh-edison,1,4,1cd81be07df3,7c1fe5d1bb8b,p2,2,0,False
yugioh-edison,1,5,61a2e7e7c068,c70634eafb72,p1,2,0,False
yugioh-edison,1,6,c6abc3dd58f2,7236eecaf3de,p1,2,0,False
yugioh-edison,1,7,6061729c493f,224a70b0b448,p2,2,0,False
yugioh-edison,1,8,d91fe466f47b,c086414d8f36,p1,2,0,False
yugioh-edison,2,1,224a70b0b448,03019b882d1f,p2,2,0,False
yugioh-edison,2,2,7c1fe5d1bb8b,d91fe466f47b,p1,2,0,False
yugioh-edison,2,3,c6abc3dd58f2,27524b3f1def,p2,2,0,False
yugioh-edison,2,4,61a2e7e7c068,6849431db243,p1,2,0,False
yugioh-edison,2,5,6061729c493f,c70634eafb72,p2,2,0,False
yugioh-edison,2,6,518b29ca4fc5,1cd81be07df3,p1,2,0,False
yugioh-edison,2,7,c086414d8f36,7ae8cafe9caf,p1,2,0,False
yugioh-edison,3,1,7c1fe5d1bb8b,03019b882d1f,p2,2,0,False
yugioh-edison,3,2,61a2e7e7c068,27524b3f1def,p2,2,0,False
yugioh-edison,3,3,224a70b0b448,c70634eafb72,p2,2,0,False
yugioh-edison,3,4,d91fe466f47b,2338eba83610,p2,2,0,False
yugioh-edison,3,5,c6abc3dd58f2,6849431db243,p2,2,0,False
yugioh-edison,3,6,c086414d8f36,518b29ca4fc5,p2,2,0,False
yugioh-edison,4,1,27524b3f1def,03019b882d1f,p2,2,0,False
yugioh-edison,4,2,7c1fe5d1bb8b,6849431db243,p1,2,0,False
yugioh-edison,4,3,c70634eafb72,518b29ca4fc5,p2,2,0,False
yugioh-edison,4,4,61a2e7e7c068,2338eba83610,p1,2,0,False
yugioh-edison,4,5,c6abc3dd58f2,7ae8cafe9caf,p1,2,0,False
poyo-weekly-2-1113,1,1,35f9379205a2,1fc54e68a899,p2,2,1,False
poyo-weekly-2-1113,1,2,8712b3365d85,9da56f40a898,p1,2,0,False
poyo-weekly-2-1113,1,3,e82d7d02189d,6b20d6889c27,p2,2,1,False
poyo-weekly-2-1113,2,1,6b20d6889c27,1fc54e68a899,p2,2,1,False
poyo-weekly-2-1113,2,2,8712b3365d85,e82d7d02189d,draw,,,False
poyo-weekly-2-1113,2,3,9da56f40a898,35f9379205a2,p1,2,1,False
poyo-weekly-2-1113,3,1,1fc54e68a899,8712b3365d85,p1,2,0,False
poyo-weekly-2-1113,3,2,9da56f40a898,6b20d6889c27,draw,,,False
poyo-weekly-2-1113,3,3,e82d7d02189d,35f9379205a2,p1,2,1,False
poyo-weekly-1113,1,1,6b20d6889c27,35f9379205a2,p1,2,0,False
poyo-weekly-1113,1,2,1fc54e68a899,8712b3365d85,p2,2,1,False
poyo-weekly-1113,1,3,9da56f40a898,e82d7d02189d,p2,2,0,False
poyo-weekly-1113,2,1,8712b3365d85,6b20d6889c27,draw,,,False
poyo-weekly-1113,2,2,e82d7d02189d,1fc54e68a899,p1,2,0,False
poyo-weekly-1113,2,3,35f9379205a2,9da56f40a898,p1,2,1,False
poyo-weekly-1113,3,1,e82d7d02189d,6b20d6889c27,draw,,,False
poyo-weekly-1113,3,2,8712b3365d85,35f9379205a2,p1,2,0,False
poyo-weekly-1113,3,3,1fc54e68a899,9da56f40a898,p2,2,0,False
edison-locals-3,1,1,8883c67b7383,69d3e00878ed,p2,2,0,False
edison-locals-3,1,2,88e5f76bd304,9f34671a13f2,p1,2,1,False
edison-locals-3,1,3,be2f9b4f46b2,906b825905ad,p1,2,1,False
edison-locals-3,1,4,1878d6cb3e7c,27da43677430,p2,2,0,False
edison-locals-3,1,5,3122bed3c204,7c69072ad0cb,p2,2,0,False
edison-locals-3,1,6,1ba99f02ad4e,0a72ad698f9b,p2,2,1,False
edison-locals-3,1,7,02118816704a,60316c2b9f19,p2,2,1,False
edison-locals-3,2,1,60316c2b9f19,27da43677430,p2,2,0,False
edison-locals-3,2,2,88e5f76bd304,be2f9b4f46b2,p2,2,1,False
edison-locals-3,2,3,7c69072ad0cb,69d3e00878ed,p2,2,0,False
edison-locals-3,2,4,0a72ad698f9b,3122bed3c204,p2,2,1,False
edison-locals-3,2,5,906b825905ad,9f34671a13f2,p2,2,0,False
edison-locals-3,2,6,1ba99f02ad4e,8883c67b7383,p1,2,0,False
edison-locals-3,2,7,02118816704a,1878d6cb3e7c,p1,2,1,False
edison-locals-3,3,1,69d3e00878ed,27da43677430,p1,2,1,False
edison-locals-3,3,2,be2f9b4f46b2,0a72ad698f9b,p2,2,1,False
edison-locals-3,3,3,9f34671a13f2,60316c2b9f19,p1,2,0,False
edison-locals-3,3,4,02118816704a,7c69072ad0cb,p1,2,0,False
edison-locals-3,3,5,3122bed3c204,88e5f76bd304,p2,2,1,False
edison-locals-3,3,6,1ba99f02ad4e,906b825905ad,p1,2,0,False
edison-locals-3,3,7,1878d6cb3e7c,8883c67b7383,p1,2,0,False
nxt-legaci-edison,1,1,b23ce95952e8,a9d6b3e1acf3,p2,2,0,False
nxt-legaci-edison,1,2,e4d100c4a328,c714325638a5,p1,2,0,False
nxt-legaci-edison,1,3,1a3689c5e231,ebd8a9fb30af,p2,2,0,False
nxt-legaci-edison,1,4,baa2ab2ea70e,168d8522d72b,p1,2,0,False
nxt-legaci-edison,2,1,ebd8a9fb30af,df74f8949e15,p1,2,0,False
nxt-legaci-edison,2,2,a9d6b3e1acf3,baa2ab2ea70e,p1,2,0,False
nxt-legaci-edison,2,3,e4d100c4a328,168d8522d72b,p1,2,0,False
nxt-legaci-edison,2,4,c714325638a5,1a3689c5e231,p1,2,0,False
nxt-legaci-edison,3,1,a9d6b3e1acf3,e4d100c4a328,p1,1,0,False
nxt-legaci-edison,3,2,ebd8a9fb30af,c714325638a5,p1,1,0,False
nxt-legaci-edison,3,3,df74f8949e15,baa2ab2ea70e,p2,2,0,False
nxt-legaci-edison,3,4,b23ce95952e8,168d8522d72b,p1,2,0,False
nxt-legaci-edison,4,1,a9d6b3e1acf3,ebd8a9fb30af,p2,2,0,False
nxt-legaci-edison,4,2,baa2ab2ea70e,b23ce95952e8,p2,2,0,False
nxt-legaci-edison,4,3,e4d100c4a328,df74f8949e15,p1,2,0,False
nxt-legaci-edison,4,4,c714325638a5,168d8522d72b,p2,1,0,False
edison-locals-2,1,1,3122bed3c204,7c69072ad0cb,p2,2,0,False
edison-locals-2,1,2,1ba99f02ad4e,906b825905ad,p2,2,1,False
edison-locals-2,1,3,c3f37e3750fe,8dfb26fdaad4,p1,2,1,False
edison-locals-2,1,4,8883c67b7383,60316c2b9f19,p2,2,1,False
edison-locals-2,1,5,9f34671a13f2,be2f9b4f46b2,p2,2,1,False
edison-locals-2,2,1,be2f9b4f46b2,c3f37e3750fe,p1,2,0,False
edison-locals-2,2,2,0a72ad698f9b,906b825905ad,p1,2,1,False
edison-locals-2,2,3,7c69072ad0cb,60316c2b9f19,p2,2,1,False
edison-locals-2,2,4,8dfb26fdaad4,9f34671a13f2,p2,2,1,False
edison-locals-2,2,5,1ba99f02ad4e,3122bed3c204,p2,2,0,False
edison-locals-2,3,1,0a72ad698f9b,be2f9b4f46b2,p2,2,1,False
edison-locals-2,3,2,60316c2b9f19,3122bed3c204,p1,2,1,False
edison-locals-2,3,3,9f34671a13f2,7c69072ad0cb,p2,2,1,False
edison-locals-2,3,4,906b825905ad,c3f37e3750fe,p2,2,0,False
edison-locals-2,3,5,1ba99f02ad4e,8dfb26fdaad4,p2,2,1,False
yugioh-time-wizz,1,1,f748d6454ea2,549f1fe34e5c,p1,2,0,False
yugioh-time-wizz,1,2,1b4fc781002a,69d3e00878ed,p1,2,1,False
yugioh-time-wizz,1,3,47ddbb220e92,2b720ce67282,p1,2,1,False
yugioh-time-wizz,1,4,1ae2a2861283,1878d6cb3e7c,p2,2,0,False
yugioh-time-wizz,1,5,b6712ce9efbc,d0459af35417,p2,2,0,False
yugioh-time-wizz,1,6,abd42cebd217,9f34671a13f2,p2,2,0,False
yugioh-time-wizz,1,7,36c3dc057846,9e6987241bf3,p2,2,0,False
yugioh-time-wizz,1,8,1095e69979d4,27da43677430,p2,2,1,False
yugioh-time-wizz,1,9,0beafbe0b94d,be2f9b4f46b2,p2,2,0,False
yugioh-time-wizz,1,10,7c69072ad0cb,cc7b949dae3f,p1,2,1,False
yugioh-time-wizz,1,11,43ea31f5b4db,f663252e1e61,p2,2,1,False
yugioh-time-wizz,2,1,d0459af35417,2e53c9d0facc,p1,2,0,False
yugioh-time-wizz,2,2,be2f9b4f46b2,1b4fc781002a,p1,2,0,False
yugioh-time-wizz,2,3,f663252e1e61,9f34671a13f2,p1,2,1,False
yugioh-time-wizz,2,4,9e6987241bf3,1878d6cb3e7c,p2,2,1,False
yugioh-time-wizz,2,5,7c69072ad0cb,f748d6454ea2,p2,2,1,False
yugioh-time-wizz,2,6,27da43677430,47ddbb220e92,p1,2,1,False
yugioh-time-wizz,2,7,b6712ce9efbc,1095e69979d4,p1,2,0,False
yugioh-time-wizz,2,8,0beafbe0b94d,36c3dc057846,p2,2,0,False
yugioh-time-wizz,2,9,abd42cebd217,cc7b949dae3f,p2,2,0,False
yugioh-time-wizz,2,10,549f1fe34e5c,1ae2a2861283,p1,2,0,False
yugioh-time-wizz,2,11,2b720ce67282,69d3e00878ed,p1,2,1,False
yugioh-time-wizz,3,1,be2f9b4f46b2,d0459af35417,p1,2,1,False
yugioh-time-wizz,3,2,f748d6454ea2,f663252e1e61,p2,2,1,False
yugioh-time-wizz,3,3,1878d6cb3e7c,27da43677430,p2,2,0,False
yugioh-time-wizz,3,4,43ea31f5b4db,1b4fc781002a,p1,2,1,False
yugioh-time-wizz,3,5,2e53c9d0facc,9e6987241bf3,p2,2,1,False
yugioh-time-wizz,3,6,7c69072ad0cb,b6712ce9efbc,p2,2,1,False
yugioh-time-wizz,3,7,2b720ce67282,549f1fe34e5c,p2,2,1,False
yugioh-time-wizz,3,8,47ddbb220e92,9f34671a13f2,p2,2,0,False
yugioh-time-wizz,3,9,36c3dc057846,cc7b949dae3f,p2,2,0,False
yugioh-time-wizz,3,10,abd42cebd217,0beafbe0b94d,p1,2,1,False
yugioh-time-wizz,3,11,1ae2a2861283,69d3e00878ed,p2,2,0,False
yugioh-time-wizz,4,1,27da43677430,be2f9b4f46b2,p1,2,1,False
yugioh-time-wizz,4,2,f663252e1e61,1878d6cb3e7c,p1,2,1,False
yugioh-time-wizz,4,3,549f1fe34e5c,43ea31f5b4db,p2,2,1,False
yugioh-time-wizz,4,4,f748d6454ea2,9e6987241bf3,p2,2,1,False
yugioh-time-wizz,4,5,cc7b949dae3f,b6712ce9efbc,p2,2,1,False
yugioh-time-wizz,4,6,d0459af35417,9f34671a13f2,p2,2,0,False
yugioh-time-wizz,4,7,2b720ce67282,1b4fc781002a,p2,2,0,False
yugioh-time-wizz,4,8,47ddbb220e92,69d3e00878ed,p1,2,1,False
yugioh-time-wizz,4,9,2e53c9d0facc,abd42cebd217,p1,2,1,False
yugioh-time-wizz,4,10,7c69072ad0cb,36c3dc057846,p2,2,0,False
yugioh-time-wizz,4,11,1ae2a2861283,0beafbe0b94d,p2,2,1,False
yugioh-time-wizz,5,1,f663252e1e61,27da43677430,p2,2,1,False
yugioh-time-wizz,5,2,be2f9b4f46b2,9f34671a13f2,p2,2,1,False
yugioh-time-wizz,5,3,b6712ce9efbc,43ea31f5b4db,p1,2,1,False
yugioh-time-wizz,5,4,9e6987241bf3,1b4fc781002a,p1,2,0,False
yugioh-time-wizz,5,5,f748d6454ea2,2e53c9d0facc,p1,2,0,False
yugioh-time-wizz,5,6,d0459af35417,cc7b949dae3f,p1,2,1,False
yugioh-time-wizz,5,7,47ddbb220e92,36c3dc057846,p2,2,0,False
yugioh-time-wizz,5,8,1878d6cb3e7c,549f1fe34e5c,p2,2,0,False
yugioh-time-wizz,5,9,0beafbe0b94d,69d3e00878ed,p2,2,1,False
yugioh-time-wizz,5,10,abd42cebd217,2b720ce67282,p2,2,1,False
yugioh-time-wizz,Finals,1,d0459af35417,be2f9b4f46b2,p1,2,0,False
yugioh-time-wizz,Top 4,1,d0459af35417,b6712ce9efbc,p1,2,0,False
yugioh-time-wizz,Top 4,2,be2f9b4f46b2,43ea31f5b4db,p1,2,0,False
yugioh-time-wizz,Top 8,1,27da43677430,d0459af35417,p2,2,0,False
yugioh-time-wizz,Top 8,2,9e6987241bf3,b6712ce9efbc,p2,2,1,False
yugioh-time-wizz,Top 8,3,9f34671a13f2,43ea31f5b4db,p2,2,1,False
yugioh-time-wizz,Top 8,4,f663252e1e61,be2f9b4f46b2,p2,2,0,False
edison-locals,1,1,9f34671a13f2,61e50368deeb,p1,2,0,False
edison-locals,1,2,0a72ad698f9b,3390d221009e,p2,2,0,False
edison-locals,1,3,906b825905ad,8883c67b7383,p1,2,0,False
edison-locals,1,4,de83aa3cbb2c,fe3abf1a74e8,p1,2,1,False
edison-locals,1,5,be2f9b4f46b2,908bd2962706,p2,2,1,False
edison-locals,1,6,1ba99f02ad4e,8dfb26fdaad4,p2,2,0,False
edison-locals,1,7,27da43677430,c3f37e3750fe,p1,2,1,False
edison-locals,1,8,7c69072ad0cb,c7f497159d08,p1,2,1,False
edison-locals,2,1,3390d221009e,de83aa3cbb2c,p1,2,0,False
edison-locals,2,2,906b825905ad,9f34671a13f2,p2,2,0,False
edison-locals,2,3,8dfb26fdaad4,7c69072ad0cb,p2,2,1,False
edison-locals,2,4,27da43677430,908bd2962706,p1,2,1,False
edison-locals,2,5,c3f37e3750fe,be2f9b4f46b2,p2,2,1,False
edison-locals,2,6,61e50368deeb,1ba99f02ad4e,p1,2,1,False
edison-locals,2,7,fe3abf1a74e8,c7f497159d08,p1,2,0,False
edison-locals,2,8,8883c67b7383,0a72ad698f9b,p2,2,0,False
edison-locals,3,1,7c69072ad0cb,9f34671a13f2,p2,2,0,False
edison-locals,3,2,27da43677430,3390d221009e,p2,2,1,False
edison-locals,3,3,8dfb26fdaad4,fe3abf1a74e8,p1,2,0,False
edison-locals,3,4,906b825905ad,be2f9b4f46b2,p2,2,0,False
edison-locals,3,5,61e50368deeb,908bd2962706,p2,2,0,False
edison-locals,3,6,de83aa3cbb2c,0a72ad698f9b,p2,2,1,False
edison-locals,3,7,8883c67b7383,1ba99f02ad4e,p1,2,1,False
edison-locals,4,1,9f34671a13f2,3390d221009e,p1,2,1,False
edison-locals,4,2,8dfb26fdaad4,27da43677430,p1,2,0,False
edison-locals,4,3,be2f9b4f46b2,7c69072ad0cb,p2,2,1,False
edison-locals,4,4,0a72ad698f9b,908bd2962706,p1,2,1,False
edison-locals,4,5,906b825905ad,fe3abf1a74e8,p1,2,0,False
edison-locals,4,6,8883c67b7383,c7f497159d08,p2,2,0,False
edison-locals,4,7,de83aa3cbb2c,61e50368deeb,p1,2,0,False
weekly-edison-locals-10,1,1,1c367a65ef5a,60316c2b9f19,p1,2,1,False
weekly-edison-locals-10,1,2,c142d3dd3ca2,69d3e00878ed,p1,2,1,False
weekly-edison-locals-10,1,3,0b0e9f275c1f,27da43677430,p2,2,1,False
weekly-edison-locals-10,1,4,3122bed3c204,1ba99f02ad4e,p1,2,1,False
weekly-edison-locals-10,1,5,8883c67b7383,b40f7f609206,p2,2,0,False
weekly-edison-locals-10,2,1,3122bed3c204,27da43677430,p2,2,0,False
weekly-edison-locals-10,2,2,c142d3dd3ca2,b40f7f609206,p1,2,0,False
weekly-edison-locals-10,2,3,b33396526264,1c367a65ef5a,p1,2,1,False
weekly-edison-locals-10,2,4,0b0e9f275c1f,60316c2b9f19,p1,2,1,False
weekly-edison-locals-10,3,1,27da43677430,b33396526264,p1,2,0,False
weekly-edison-locals-10,3,2,c142d3dd3ca2,3122bed3c204,p2,2,0,False
weekly-edison-locals-10,3,3,b40f7f609206,1c367a65ef5a,p2,2,1,False
weekly-edison-locals-10,3,4,1ba99f02ad4e,0b0e9f275c1f,p1,2,1,False
poyo-monthly-2-1017-morningstar,1,1,e82d7d02189d,6b20d6889c27,p2,2,1,False
poyo-monthly-2-1017-morningstar,1,2,9ae145ec9fc5,8712b3365d85,p2,2,1,False
poyo-monthly-2-1017-morningstar,1,3,e36ee64542d7,1fc54e68a899,p1,2,0,False
poyo-monthly-2-1017-morningstar,2,1,9da56f40a898,e36ee64542d7,p2,2,0,False
poyo-monthly-2-1017-morningstar,2,2,6b20d6889c27,8712b3365d85,p2,2,1,False
poyo-monthly-2-1017-morningstar,2,3,9ae145ec9fc5,e82d7d02189d,p1,2,0,False
poyo-monthly-2-1017-morningstar,3,1,8712b3365d85,e36ee64542d7,p1,2,1,False
poyo-monthly-2-1017-morningstar,3,2,6b20d6889c27,9ae145ec9fc5,p2,2,0,False
poyo-monthly-2-1017-morningstar,3,3,9da56f40a898,e82d7d02189d,p2,2,0,False
poyo-monthly-2-1017-morningstar,Finals,1,8712b3365d85,9ae145ec9fc5,p1,2,1,False
poyo-monthly-2-1017-morningstar,Top 4,1,8712b3365d85,6b20d6889c27,p1,2,1,False
poyo-monthly-2-1017-morningstar,Top 4,2,e36ee64542d7,9ae145ec9fc5,p2,2,1,False
poyo-monthly,1,1,8712b3365d85,9da56f40a898,p1,2,1,False
poyo-monthly,1,2,1fc54e68a899,e82d7d02189d,p1,2,1,False
poyo-monthly,1,3,9ae145ec9fc5,5a92e077d22d,p2,2,0,False
poyo-monthly,2,1,8712b3365d85,5a92e077d22d,p1,2,1,False
poyo-monthly,2,2,1fc54e68a899,e36ee64542d7,p1,2,1,False
poyo-monthly,2,3,9da56f40a898,9ae145ec9fc5,p2,2,1,False
poyo-monthly,3,1,1fc54e68a899,8712b3365d85,p1,2,1,False
poyo-monthly,3,2,9ae145ec9fc5,e82d7d02189d,p2,2,0,False
poyo-monthly,3,3,e36ee64542d7,5a92e077d22d,p2,2,1,False
poyo-monthly,Finals,1,1fc54e68a899,e82d7d02189d,p2,2,1,False
poyo-monthly,Top 4,1,1fc54e68a899,5a92e077d22d,p1,2,1,False
poyo-monthly,Top 4,2,e82d7d02189d,8712b3365d85,p1,2,1,False
weekly-edison-locals-9,1,1,1878d6cb3e7c,a2ecb51ae12e,p1,2,0,False
weekly-edison-locals-9,1,2,27da43677430,8883c67b7383,p1,2,0,False
weekly-edison-locals-9,1,3,7c69072ad0cb,dc26f495d5ea,p1,2,1,False
weekly-edison-locals-9,1,4,3347ff831a6d,de83aa3cbb2c,p2,2,0,False
weekly-edison-locals-9,1,5,8dfb26fdaad4,69d3e00878ed,p1,2,0,False
weekly-edison-locals-9,1,6,be2f9b4f46b2,d3009b737c13,p1,2,0,False
weekly-edison-locals-9,1,7,535c6f6c1de4,c3f37e3750fe,p2,2,0,False
weekly-edison-locals-9,1,8,6edbeb4ffbd8,0a72ad698f9b,p1,2,1,False
weekly-edison-locals-9,1,9,c142d3dd3ca2,50f28c3c0afd,p2,2,0,False
weekly-edison-locals-9,2,1,c3f37e3750fe,7c69072ad0cb,p2,2,1,False
weekly-edison-locals-9,2,2,be2f9b4f46b2,6edbeb4ffbd8,p1,2,1,False
weekly-edison-locals-9,2,3,1ba99f02ad4e,1878d6cb3e7c,p2,2,0,False
weekly-edison-locals-9,2,4,de83aa3cbb2c,27da43677430,p2,2,0,False
weekly-edison-locals-9,2,5,8dfb26fdaad4,50f28c3c0afd,p2,2,0,False
weekly-edison-locals-9,2,6,a2ecb51ae12e,535c6f6c1de4,p1,2,0,False
weekly-edison-locals-9,2,7,8883c67b7383,69d3e00878ed,p2,2,1,False
weekly-edison-locals-9,2,8,0a72ad698f9b,dc26f495d5ea,p2,2,0,False
weekly-edison-locals-9,2,9,c142d3dd3ca2,d3009b737c13,p1,2,0,False
weekly-edison-locals-9,3,1,be2f9b4f46b2,50f28c3c0afd,p1,2,1,False
weekly-edison-locals-9,3,2,27da43677430,1878d6cb3e7c,p1,2,0,False
weekly-edison-locals-9,3,3,7c69072ad0cb,8dfb26fdaad4,p2,2,1,False
weekly-edison-locals-9,3,4,c3f37e3750fe,de83aa3cbb2c,p2,2,1,False
weekly-edison-locals-9,3,5,6edbeb4ffbd8,c142d3dd3ca2,p1,2,0,False
weekly-edison-locals-9,3,6,1ba99f02ad4e,dc26f495d5ea,p2,2,1,False
weekly-edison-locals-9,3,7,a2ecb51ae12e,69d3e00878ed,p1,2,1,False
weekly-edison-locals-9,3,8,8883c67b7383,535c6f6c1de4,p1,2,0,False
weekly-edison-locals-9,3,9,d3009b737c13,0a72ad698f9b,p2,2,1,False
weekly-edison-locals-9,4,1,27da43677430,be2f9b4f46b2,p1,2,0,False
weekly-edison-locals-9,4,2,1878d6cb3e7c,6edbeb4ffbd8,p2,2,1,False
weekly-edison-locals-9,4,3,de83aa3cbb2c,8dfb26fdaad4,p2,2,1,False
weekly-edison-locals-9,4,4,a2ecb51ae12e,dc26f495d5ea,p1,2,1,False
weekly-edison-locals-9,4,5,50f28c3c0afd,7c69072ad0cb,p2,2,1,False
weekly-edison-locals-9,4,6,1ba99f02ad4e,0a72ad698f9b,p2,2,1,False
weekly-edison-locals-9,4,7,8883c67b7383,c142d3dd3ca2,p1,2,0,False
weekly-edison-locals-9,4,8,69d3e00878ed,d3009b737c13,p1,2,0,False
win-a-stardust-fhl,1,1,14ac312ea72b,9118b97e3e84,p1,1,0,False
win-a-stardust-fhl,1,2,9e9ec0546946,feb378f752e0,p1,1,0,False
win-a-stardust-fhl,1,3,0ec76ed5d367,194d02fa294a,p1,1,0,False
win-a-stardust-fhl,1,4,72b9e8564b92,1237276878d6,p1,1,0,False
win-a-stardust-fhl,2,1,9e9ec0546946,8f7ccb5b9352,p1,1,0,False
win-a-stardust-fhl,2,2,0ec76ed5d367,14ac312ea72b,p1,1,0,False
win-a-stardust-fhl,2,3,72b9e8564b92,9118b97e3e84,p1,1,0,False
win-a-stardust-fhl,2,4,feb378f752e0,1237276878d6,p1,1,0,False
win-a-stardust-fhl,3,1,72b9e8564b92,9e9ec0546946,p1,1,0,False
win-a-stardust-fhl,3,2,0ec76ed5d367,feb378f752e0,p1,1,0,False
win-a-stardust-fhl,3,3,14ac312ea72b,8f7ccb5b9352,p2,1,0,False
win-a-stardust-fhl,3,4,194d02fa294a,1237276878d6,p1,1,0,False
win-a-stardust-fhl,4,1,72b9e8564b92,0ec76ed5d367,p1,1,0,False
win-a-stardust-fhl,4,2,8f7ccb5b9352,194d02fa294a,p1,1,0,False
win-a-stardust-fhl,4,3,9e9ec0546946,9118b97e3e84,p2,1,0,False
win-a-stardust-fhl,4,4,feb378f752e0,14ac312ea72b,p1,1,0,False
win-a-stardust-fhl,Finals,1,72b9e8564b92,8f7ccb5b9352,p1,1,0,False
win-a-stardust-fhl,Top 4,1,72b9e8564b92,9e9ec0546946,p1,1,0,False
win-a-stardust-fhl,Top 4,2,0ec76ed5d367,8f7ccb5b9352,p2,1,0,False
win-a-stardust-fhl-events,1,1,79d844fdcc45,f363db2c431f,p1,1,0,False
win-a-stardust-fhl-events,1,2,2eb58207493d,f67960134a1a,p1,1,0,False
win-a-stardust-fhl-events,1,3,3b5a47983086,c1efc05af325,p1,1,0,False
win-a-stardust-fhl-events,1,4,5406b202dc15,3f0387f1dfe0,p2,1,0,False
win-a-stardust-fhl-events,1,5,16dafc668103,ff5f2ccf2c38,p2,1,0,False
win-a-stardust-fhl-events,1,6,fb0dd3d50dba,cee678d2dff2,p2,1,0,False
win-a-stardust-fhl-events,1,7,8ece8322be65,323a4df32f83,p2,1,0,False
win-a-stardust-fhl-events,1,8,7708178f04fb,28b2325c80d4,p1,1,0,False
win-a-stardust-fhl-events,1,9,9943d82746a8,7e07e7febc07,p2,1,0,False
win-a-stardust-fhl-events,1,10,1d2d217e6fde,52f7cfc1687b,p2,1,0,False
win-a-stardust-fhl-events,1,11,a496ebe4ed86,06e28825c3b2,p2,1,0,False
win-a-stardust-fhl-events,1,12,5307890af669,e8c67159cf03,p1,1,0,False
win-a-stardust-fhl-events,1,13,117a49d689e3,03e7c1c5dd87,p1,1,0,False
win-a-stardust-fhl-events,1,14,35cb47da97e6,dc576213e41c,p2,1,0,False
win-a-stardust-fhl-events,1,15,14a69b666fa8,3de87695c328,p1,1,0,False
win-a-stardust-fhl-events,1,16,b9eeece6ccde,11ed8973613b,p2,1,0,False
win-a-stardust-fhl-events,1,17,c8cad80a7191,2b88a71a2fdc,p1,1,0,False
win-a-stardust-fhl-events,1,18,3e51d65e7bd6,1f4bdfb1bc4e,p2,1,0,False
win-a-stardust-fhl-events,1,19,06de87240d4a,234410f9768b,p2,1,0,False
win-a-stardust-fhl-events,2,1,dc576213e41c,06e28825c3b2,p2,1,0,False
win-a-stardust-fhl-events,2,2,14a69b666fa8,ff5f2ccf2c38,p2,1,0,False
win-a-stardust-fhl-events,2,3,3f0387f1dfe0,cee678d2dff2,p1,1,0,False
win-a-stardust-fhl-events,2,4,5307890af669,323a4df32f83,p1,1,0,False
win-a-stardust-fhl-events,2,5,52f7cfc1687b,7e07e7febc07,p1,1,0,False
win-a-stardust-fhl-events,2,6,11ed8973613b,234410f9768b,p1,1,0,False
win-a-stardust-fhl-events,2,7,117a49d689e3,1f4bdfb1bc4e,p1,1,0,False
win-a-stardust-fhl-events,2,8,c8cad80a7191,3b5a47983086,p1,1,0,False
win-a-stardust-fhl-events,2,9,79d844fdcc45,2eb58207493d,p1,1,0,False
win-a-stardust-fhl-events,2,10,7708178f04fb,5406b202dc15,p1,1,0,False
win-a-stardust-fhl-events,2,11,3de87695c328,a496ebe4ed86,p2,1,0,False
win-a-stardust-fhl-events,2,12,9943d82746a8,c1efc05af325,p1,1,0,False
win-a-stardust-fhl-events,2,13,8ece8322be65,06de87240d4a,p1,1,0,False
win-a-stardust-fhl-events,2,14,2b88a71a2fdc,f67960134a1a,p1,1,0,False
win-a-stardust-fhl-events,2,15,28b2325c80d4,e8c67159cf03,p2,1,0,False
win-a-stardust-fhl-events,2,16,b9eeece6ccde,f363db2c431f,p1,1,0,False
win-a-stardust-fhl-events,2,17,1d2d217e6fde,16dafc668103,p1,1,0,False
win-a-stardust-fhl-events,2,18,03e7c1c5dd87,35cb47da97e6,p1,1,0,False
win-a-stardust-fhl-events,2,19,3e51d65e7bd6,fb0dd3d50dba,p2,1,0,False
win-a-stardust-fhl-events,3,1,06e28825c3b2,3f0387f1dfe0,p1,1,0,False
win-a-stardust-fhl-events,3,2,5307890af669,ff5f2ccf2c38,p1,1,0,False
win-a-stardust-fhl-events,3,3,117a49d689e3,79d844fdcc45,p1,1,0,False
win-a-stardust-fhl-events,3,4,11ed8973613b,52f7cfc1687b,p1,1,0,False
win-a-stardust-fhl-events,3,5,c8cad80a7191,7708178f04fb,p1,1,0,False
win-a-stardust-fhl-events,3,6,a496ebe4ed86,234410f9768b,p2,1,0,False
win-a-stardust-fhl-events,3,7,2b88a71a2fdc,cee678d2dff2,p1,1,0,False
win-a-stardust-fhl-events,3,8,3b5a47983086,2eb58207493d,p2,1,0,False
win-a-stardust-fhl-events,3,9,e8c67159cf03,9943d82746a8,p1,1,0,False
win-a-stardust-fhl-events,3,10,323a4df32f83,7e07e7febc07,p2,1,0,False
win-a-stardust-fhl-events,3,11,14a69b666fa8,dc576213e41c,p2,1,0,False
win-a-stardust-fhl-events,3,12,b9eeece6ccde,03e7c1c5dd87,p1,1,0,False
win-a-stardust-fhl-events,3,13,8ece8322be65,fb0dd3d50dba,p2,1,0,False
win-a-stardust-fhl-events,3,14,1f4bdfb1bc4e,1d2d217e6fde,p2,1,0,False
win-a-stardust-fhl-events,3,15,f363db2c431f,5406b202dc15,p2,1,0,False
win-a-stardust-fhl-events,3,16,06de87240d4a,16dafc668103,p1,1,0,False
win-a-stardust-fhl-events,3,17,f67960134a1a,35cb47da97e6,p2,1,0,False
win-a-stardust-fhl-events,3,18,3e51d65e7bd6,c1efc05af325,p1,1,0,False
win-a-stardust-fhl-events,3,19,28b2325c80d4,3de87695c328,p1,1,0,False
win-a-stardust-fhl-events,4,1,06e28825c3b2,117a49d689e3,p1,1,0,False
win-a-stardust-fhl-events,4,2,c8cad80a7191,5307890af669,p1,1,0,False
win-a-stardust-fhl-events,4,3,11ed8973613b,fb0dd3d50dba,p1,1,0,False
win-a-stardust-fhl-events,4,4,52f7cfc1687b,7708178f04fb,p2,1,0,False
win-a-stardust-fhl-events,4,5,79d844fdcc45,1d2d217e6fde,p2,1,0,False
win-a-stardust-fhl-events,4,6,234410f9768b,2eb58207493d,p1,1,0,False
win-a-stardust-fhl-events,4,7,e8c67159cf03,dc576213e41c,p2,1,0,False
win-a-stardust-fhl-events,4,8,7e07e7febc07,3f0387f1dfe0,p2,1,0,False
win-a-stardust-fhl-events,4,9,b9eeece6ccde,2b88a71a2fdc,p1,1,0,False
win-a-stardust-fhl-events,4,10,ff5f2ccf2c38,3b5a47983086,p2,1,0,False
win-a-stardust-fhl-events,4,11,3e51d65e7bd6,cee678d2dff2,p2,1,0,False
win-a-stardust-fhl-events,4,12,03e7c1c5dd87,a496ebe4ed86,p2,1,0,False
win-a-stardust-fhl-events,4,13,06de87240d4a,35cb47da97e6,p1,1,0,False
win-a-stardust-fhl-events,4,14,28b2325c80d4,14a69b666fa8,p1,1,0,False
win-a-stardust-fhl-events,4,15,323a4df32f83,1f4bdfb1bc4e,p1,1,0,False
win-a-stardust-fhl-events,4,16,5406b202dc15,8ece8322be65,p1,1,0,False
win-a-stardust-fhl-events,4,17,9943d82746a8,3de87695c328,p2,1,0,False
win-a-stardust-fhl-events,4,18,f363db2c431f,16dafc668103,p2,1,0,False
win-a-stardust-fhl-events,5,1,11ed8973613b,06e28825c3b2,p2,1,0,False
win-a-stardust-fhl-events,5,2,c8cad80a7191,3f0387f1dfe0,p1,1,0,False
win-a-stardust-fhl-events,5,3,5307890af669,7708178f04fb,p1,1,0,False
win-a-stardust-fhl-events,5,4,117a49d689e3,dc576213e41c,p2,1,0,False
win-a-stardust-fhl-events,5,5,234410f9768b,b9eeece6ccde,p2,1,0,False
win-a-stardust-fhl-events,5,6,1d2d217e6fde,cee678d2dff2,p2,1,0,False
win-a-stardust-fhl-events,5,7,2eb58207493d,5406b202dc15,p1,1,0,False
win-a-stardust-fhl-events,5,8,323a4df32f83,3b5a47983086,p2,1,0,False
win-a-stardust-fhl-events,5,9,ff5f2ccf2c38,e8c67159cf03,p1,1,0,False
win-a-stardust-fhl-events,5,10,79d844fdcc45,52f7cfc1687b,p1,1,0,False
win-a-stardust-fhl-events,5,11,06de87240d4a,2b88a71a2fdc,p2,1,0,False
win-a-stardust-fhl-events,5,12,7e07e7febc07,a496ebe4ed86,p1,1,0,False
win-a-stardust-fhl-events,5,13,28b2325c80d4,fb0dd3d50dba,p2,1,0,False
win-a-stardust-fhl-events,5,14,3de87695c328,3e51d65e7bd6,p2,1,0,False
win-a-stardust-fhl-events,5,15,1f4bdfb1bc4e,16dafc668103,p2,1,0,False
win-a-stardust-fhl-events,5,16,f67960134a1a,9943d82746a8,p1,1,0,False
win-a-stardust-fhl-events,5,17,35cb47da97e6,8ece8322be65,p2,1,0,False
win-a-stardust-fhl-events,5,18,03e7c1c5dd87,14a69b666fa8,p1,1,0,False
win-a-stardust-fhl-events,6,1,06e28825c3b2,c8cad80a7191,p2,1,0,False
win-a-stardust-fhl-events,6,2,11ed8973613b,dc576213e41c,p2,1,0,False
win-a-stardust-fhl-events,6,3,b9eeece6ccde,5307890af669,p1,1,0,False
win-a-stardust-fhl-events,6,4,ff5f2ccf2c38,1d2d217e6fde,p1,1,0,False
win-a-stardust-fhl-events,6,5,cee678d2dff2,2eb58207493d,p1,1,0,False
win-a-stardust-fhl-events,6,6,2b88a71a2fdc,7708178f04fb,p2,1,0,False
win-a-stardust-fhl-events,6,7,234410f9768b,79d844fdcc45,p2,1,0,False
win-a-stardust-fhl-events,6,8,117a49d689e3,fb0dd3d50dba,p1,1,0,False
win-a-stardust-fhl-events,6,9,3b5a47983086,3f0387f1dfe0,p1,1,0,False
win-a-stardust-fhl-events,6,10,7e07e7febc07,03e7c1c5dd87,p1,1,0,False
win-a-stardust-fhl-events,6,11,e8c67159cf03,8ece8322be65,p2,1,0,False
win-a-stardust-fhl-events,6,12,52f7cfc1687b,5406b202dc15,p2,1,0,False
win-a-stardust-fhl-events,6,13,28b2325c80d4,a496ebe4ed86,p1,1,0,False
win-a-stardust-fhl-events,6,14,16dafc668103,f67960134a1a,p1,1,0,False
win-a-stardust-fhl-events,6,15,06de87240d4a,3e51d65e7bd6,p1,1,0,False
win-a-stardust-fhl-events,6,16,35cb47da97e6,1f4bdfb1bc4e,p1,1,0,False
win-a-stardust-fhl-events,6,17,f363db2c431f,3de87695c328,p1,1,0,False
win-a-stardust-fhl-events,Finals,1,5307890af669,dc576213e41c,p1,1,0,False
win-a-stardust-fhl-events,Top 4,1,117a49d689e3,5307890af669,p2,1,0,False
win-a-stardust-fhl-events,Top 4,2,06e28825c3b2,dc576213e41c,p2,1,0,False
win-a-stardust-fhl-events,Top 8,1,c8cad80a7191,117a49d689e3,p2,1,0,False
win-a-stardust-fhl-events,Top 8,2,b9eeece6ccde,5307890af669,p2,1,0,False
win-a-stardust-fhl-events,Top 8,3,dc576213e41c,11ed8973613b,p1,1,0,False
win-a-stardust-fhl-events,Top 8,4,06e28825c3b2,7708178f04fb,p1,1,0,False
poyo-weekly-october-11th,1,1,9ae145ec9fc5,5a92e077d22d,p1,2,0,False
poyo-weekly-october-11th,1,2,8712b3365d85,6b20d6889c27,p1,2,0,False
poyo-weekly-october-11th,1,3,35f9379205a2,e82d7d02189d,p1,2,1,False
poyo-weekly-october-11th,2,1,35f9379205a2,9ae145ec9fc5,p2,2,0,False
poyo-weekly-october-11th,2,2,8712b3365d85,104ed1396046,p2,2,0,False
poyo-weekly-october-11th,2,3,5a92e077d22d,6b20d6889c27,p1,2,0,False
poyo-weekly-october-11th,3,1,104ed1396046,9ae145ec9fc5,p2,2,0,False
poyo-weekly-october-11th,3,2,8712b3365d85,35f9379205a2,p1,2,0,False
poyo-weekly-october-11th,3,3,e82d7d02189d,5a92e077d22d,p2,2,0,False
poyo-weekly-october-11th,Finals,1,8712b3365d85,5a92e077d22d,p2,2,0,False
poyo-weekly-october-11th,Top 4,1,9ae145ec9fc5,8712b3365d85,p2,2,1,False
poyo-weekly-october-11th,Top 4,2,104ed1396046,5a92e077d22d,p2,2,1,False
weekly-edison-locals-8,1,1,7c69072ad0cb,9f34671a13f2,p1,2,1,False
weekly-edison-locals-8,1,2,64f096b03cc9,a2ecb51ae12e,p2,2,0,False
weekly-edison-locals-8,1,3,1c367a65ef5a,c142d3dd3ca2,p2,2,0,False
weekly-edison-locals-8,1,4,8dfb26fdaad4,f7e42b2639ee,p1,2,0,False
weekly-edison-locals-8,1,5,1878d6cb3e7c,8883c67b7383,p1,2,0,False
weekly-edison-locals-8,1,6,c3f37e3750fe,0a72ad698f9b,p2,2,0,False
weekly-edison-locals-8,1,7,2fa9591fe99d,3122bed3c204,p1,2,0,False
weekly-edison-locals-8,2,1,2fa9591fe99d,1878d6cb3e7c,p2,2,0,False
weekly-edison-locals-8,2,2,8dfb26fdaad4,7c69072ad0cb,p2,2,1,False
weekly-edison-locals-8,2,3,c142d3dd3ca2,0a72ad698f9b,p2,2,1,False
weekly-edison-locals-8,2,4,a2ecb51ae12e,c3f37e3750fe,p1,2,0,False
weekly-edison-locals-8,2,5,f7e42b2639ee,3122bed3c204,p2,2,1,False
weekly-edison-locals-8,2,6,1c367a65ef5a,64f096b03cc9,p1,2,1,False
weekly-edison-locals-8,2,7,9f34671a13f2,8883c67b7383,p1,2,1,False
weekly-edison-locals-8,3,1,a2ecb51ae12e,7c69072ad0cb,p2,2,1,False
weekly-edison-locals-8,3,2,1878d6cb3e7c,0a72ad698f9b,p2,2,1,False
weekly-edison-locals-8,3,3,8dfb26fdaad4,c142d3dd3ca2,p1,2,1,False
weekly-edison-locals-8,3,4,3122bed3c204,1c367a65ef5a,p2,2,1,False
weekly-edison-locals-8,3,5,2fa9591fe99d,9f34671a13f2,p1,2,0,False
weekly-edison-locals-8,3,6,c3f37e3750fe,64f096b03cc9,p1,2,0,False
weekly-edison-locals-8,4,1,0a72ad698f9b,7c69072ad0cb,p2,2,0,False
weekly-edison-locals-8,4,2,1c367a65ef5a,2fa9591fe99d,p1,2,1,False
weekly-edison-locals-8,4,3,8dfb26fdaad4,1878d6cb3e7c,p1,2,1,False
weekly-edison-locals-8,4,4,a2ecb51ae12e,c142d3dd3ca2,p1,2,0,False
weekly-edison-locals-8,4,5,c3f37e3750fe,8883c67b7383,p1,2,0,False
weekly-edison-locals-8,4,6,3122bed3c204,9f34671a13f2,p2,2,0,False
weekly-edison-locals-7,1,1,0a72ad698f9b,9264b126a9d8,p1,2,0,False
weekly-edison-locals-7,1,2,be2f9b4f46b2,8dfb26fdaad4,p1,2,0,False
weekly-edison-locals-7,1,3,f7e42b2639ee,1c367a65ef5a,p1,2,1,False
weekly-edison-locals-7,1,4,c3f37e3750fe,de83aa3cbb2c,p1,2,1,False
weekly-edison-locals-7,1,5,906b825905ad,908bd2962706,p2,2,0,False
weekly-edison-locals-7,1,6,dd4dbd22187f,7c69072ad0cb,p2,2,0,False
weekly-edison-locals-7,1,7,1878d6cb3e7c,9f34671a13f2,p1,2,1,False
weekly-edison-locals-7,1,8,50f28c3c0afd,8883c67b7383,p1,2,1,False
weekly-edison-locals-7,2,1,c3f37e3750fe,29b386c1c224,p2,2,1,False
weekly-edison-locals-7,2,2,0a72ad698f9b,be2f9b4f46b2,p1,2,1,False
weekly-edison-locals-7,2,3,50f28c3c0afd,1878d6cb3e7c,p1,2,1,False
weekly-edison-locals-7,2,4,7c69072ad0cb,908bd2962706,p2,2,0,False
weekly-edison-locals-7,2,5,f7e42b2639ee,dd4dbd22187f,p2,2,0,False
weekly-edison-locals-7,2,6,9f34671a13f2,de83aa3cbb2c,p1,2,0,False
weekly-edison-locals-7,2,7,9264b126a9d8,8dfb26fdaad4,p2,2,1,False
weekly-edison-locals-7,2,8,1c367a65ef5a,8883c67b7383,p1,2,1,False
weekly-edison-locals-7,3,1,908bd2962706,0a72ad698f9b,p2,2,1,False
weekly-edison-locals-7,3,2,29b386c1c224,50f28c3c0afd,p2,2,0,False
weekly-edison-locals-7,3,3,dd4dbd22187f,c3f37e3750fe,p2,2,0,False
weekly-edison-locals-7,3,4,7c69072ad0cb,906b825905ad,p1,2,0,False
weekly-edison-locals-7,3,5,9f34671a13f2,f7e42b2639ee,p1,2,0,False
weekly-edison-locals-7,3,6,1c367a65ef5a,8dfb26fdaad4,p2,2,0,False
weekly-edison-locals-7,3,7,1878d6cb3e7c,be2f9b4f46b2,p2,2,1,False
weekly-edison-locals-7,3,8,8883c67b7383,de83aa3cbb2c,p2,2,1,False
weekly-edison-locals-7,4,1,50f28c3c0afd,0a72ad698f9b,p2,2,1,False
weekly-edison-locals-7,4,2,7c69072ad0cb,8dfb26fdaad4,p1,2,0,False
weekly-edison-locals-7,4,3,c3f37e3750fe,908bd2962706,p2,2,1,False
weekly-edison-locals-7,4,4,29b386c1c224,be2f9b4f46b2,p2,2,0,False
weekly-edison-locals-7,4,5,9f34671a13f2,dd4dbd22187f,p1,2,0,False
weekly-edison-locals-7,4,6,1878d6cb3e7c,f7e42b2639ee,p1,2,0,False
weekly-edison-locals-7,4,7,de83aa3cbb2c,1c367a65ef5a,p2,2,1,False
poyo-weekly-930-random,1,1,8712b3365d85,35f9379205a2,p1,2,0,False
poyo-weekly-930-random,1,2,e36ee64542d7,6b20d6889c27,p1,2,1,False
poyo-weekly-930-random,2,1,e36ee64542d7,e82d7d02189d,p2,2,0,False
poyo-weekly-930-random,3,1,8712b3365d85,e82d7d02189d,p2,2,0,False
poyo-weekly-930-random,Finals,1,e82d7d02189d,8712b3365d85,p1,2,1,False
poyo-weekly-930-random,Top 4,1,e82d7d02189d,35f9379205a2,p1,2,1,False
poyo-weekly-930-random,Top 4,2,8712b3365d85,e36ee64542d7,p1,2,1,False
poyo-weekly-sep-30,1,1,e82d7d02189d,e36ee64542d7,p1,2,1,False
poyo-weekly-sep-30,1,2,8712b3365d85,6b20d6889c27,p1,2,0,False
poyo-weekly-sep-30,2,1,35f9379205a2,8712b3365d85,p2,2,1,False
poyo-weekly-sep-30,2,2,e82d7d02189d,6b20d6889c27,p1,2,1,False
poyo-weekly-sep-30,3,1,e82d7d02189d,8712b3365d85,draw,,,False
poyo-weekly-sep-30,3,2,e36ee64542d7,35f9379205a2,p1,2,0,False
poyo-weekly-sep-30,Finals,1,e82d7d02189d,e36ee64542d7,p2,2,0,False
poyo-weekly-sep-30,Top 4,1,e82d7d02189d,6b20d6889c27,p1,2,0,False
poyo-weekly-sep-30,Top 4,2,8712b3365d85,e36ee64542d7,p2,2,0,False
