id,name,copies
86988864,3-Hump Lacooda,3
83994646,4-Starred Ladybug of Doom,3
67048711,7,3
23771716,7 Colored Fish,3
86198326,7 Completed,3
14261867,8-Claws Scorpion,3
24140059,A Cat of Ill Omen,3
34541863,A Cell Breeding Device,3
64163367,A Cell Incubator,3
73262676,A Cell Scatter Burst,3
6850209,A Deal with Dark Ruler,3
49140998,A Feather of the Phoenix,3
68170903,A Feint Plan,3
21597117,A Hero Emerges,3
295517,A Legendary Ocean,3
32207100,A Major Upset,3
51351302,A Man with Wdjat,3
5728014,A Rival Appears!,3
28596933,A Wingbeat of Giant Dragon,3
13026402,A-Team: Trap Disposal Unit,3
12694768,Abaki,3
89718302,Abare Ushioni,3
27744077,Absolute End,3
49771608,Absorbing Kid from the Sky,3
18318842,Abyss Soldier,3
89801755,Abyssal Designator,3
44223284,Abyssal Kingshark,3
98444741,Accumulated Fortune,3
21323861,Acid Rain,3
41356845,Acid Trap Hole,3
35956022,Acidic Downpour,3
47372349,Acrobat Monkey,3
62325062,Adhesion Trap Hole,3
53828396,Adhesive Explosive,3
51630558,Advance Draw,3
38589847,Advance Force,3
46052429,Advanced Ritual Art,1
47060347,Aegis of Gaia,3
7935043,Aegis of the Ocean Dragon Lord,3
25345186,After the Struggle,3
64952266,Against the Wind,3
16135253,Agido,3
18036057,Airknight Parshath,3
48202661,Aitsu,3
78121572,Alchemist of Black Spells,3
65384019,Alchemy Cycle,3
652362,Alien Ammonite,3
17490535,Alien Brain,3
15475415,Alien Dog,3
62437709,Alien Grey,3
62315111,Alien Hunter,3
38468214,Alien Hypno,3
76573247,Alien Infiltrator,3
64160836,Alien Kid,3
99532708,Alien Mars,3
24104865,Alien Mother,3
63253763,Alien Overlord,3
58012107,Alien Psychic,3
97127906,Alien Shocktrooper,3
25920413,Alien Skull,3
91070115,Alien Telepath,3
98719226,Alien Warrior,3
30834988,All-Out Attacks,3
87257460,Allure Queen LV3,3
23756165,Allure Queen LV5,3
50140163,Allure Queen LV7,3
1475311,Allure of Darkness,1
26593852,Ally of Justice Catastor,3
89386122,Ally of Justice Clausolas,3
25771826,Ally of Justice Garadholg,3
52265835,Ally of Justice Rudra,3
99785935,Alpha The Magnet Warrior,3
21070956,Altar for Tribute,3
17968114,Amazon of the Seas,3
91869203,Amazoness Archer,3
67987611,Amazoness Archers,3
73574678,Amazoness Blowpiper,3
29654737,Amazoness Chain Master,3
55821894,Amazoness Fighter,3
47480070,Amazoness Paladin,3
81325903,Amazoness Spellcaster,3
94004268,Amazoness Swords Woman,3
10979723,Amazoness Tiger,3
98927491,Ambulance Rescueroid,3
36378213,Ambulanceroid,3
77972406,Ambush Fangs,3
95174353,Ameba,3
67371383,Amphibian Beast,3
40173854,Amphibious Bugroth,3
64342551,Amphibious Bugroth MK-3,3
303660,Amplifier,3
5183693,Amulet of Ambition,3
23927567,An Owl of Luck,3
19763315,An Unfortunate Report,3
42431843,Ancient Brain,3
34487429,Ancient City - Rainbow Ruins,3
50781944,Ancient Crimson Ape,3
93221206,Ancient Elf,3
25862681,Ancient Fairy Dragon,3
87624166,Ancient Forest,3
31557782,Ancient Gear,3
10509340,Ancient Gear Beast,3
80045583,Ancient Gear Cannon,3
92001300,Ancient Gear Castle,3
67829249,Ancient Gear Drill,3
1953925,Ancient Gear Engineer,3
4446672,Ancient Gear Explosive,3
30435145,Ancient Gear Factory,3
40830387,Ancient Gear Fist,3
86321248,Ancient Gear Gadjiltron Chimera,3
50933533,Ancient Gear Gadjiltron Dragon,3
83104731,Ancient Gear Golem,3
39303359,Ancient Gear Knight,3
56094445,Ancient Gear Soldier,3
37457534,Ancient Gear Tank,3
59811955,Ancient Gear Workshop,3
54912977,Ancient Lamp,3
11830996,Ancient Leaf,3
43230671,Ancient Lizard Warrior,3
14015067,Ancient One of the Deep Forest,3
10667321,Ancient Rules,3
25958491,Ancient Sacred Wyvern,3
17092736,Ancient Telescope,3
15013468,Andro Sphinx,3
56784842,Angel O7,3
48365709,Ansatsu,3
34236961,Ante,3
13250922,Anteatereatingant,3
42364257,Anti Raigeki,3
65064143,Anti-Aircraft Flower,3
72150572,Anti-Fusion Device,3
53112492,Anti-Spell,3
58921041,Anti-Spell Fragrance,3
41158734,Apocatequil,3
43262273,Appointer of the Red Lotus,3
9156135,Apprentice Magician,3
48539234,Appropriate,3
95132338,Aqua Chorus,3
86164529,Aqua Dragon,3
85639257,Aqua Madoor,3
40916023,Aqua Spirit,3
22377815,Aquarian Alessa,3
99189322,Arcana Call,3
62892347,Arcana Force 0 - The Fool,3
69831560,Arcana Force EX - The Dark Ruler,3
5861892,Arcana Force EX - The Light Ruler,3
8396952,Arcana Force I - The Magician,3
35781051,Arcana Force III - The Empress,3
61175706,Arcana Force IV - The Emperor,3
97574404,Arcana Force VI - The Lovers,3
34568403,Arcana Force VII - The Chariot,3
60953118,Arcana Force XIV - Temperance,3
97452817,Arcana Force XVIII - The Moon,3
23846921,Arcana Force XXI - The World,3
6150044,Arcana Knight Joker,3
40048324,Arcane Apprentice,3
55001420,Arcane Archer of the Forest,3
17896384,Arcane Barrier,3
31924889,Arcanite Magician,3
14553285,Arcanite Magician Assault Mode,3
48675364,Archfiend General,3
75889523,Archfiend Marmot of Nefariousness,3
49881766,Archfiend Soldier,3
59969392,Archfiend Zombie-Skull,3
50287060,Archfiend of Gilfer,3
22796548,Archfiend's Oath,3
56246017,Archfiend's Roar,3
59509952,Archlord Kristya,3
18378582,Archlord Zerato,3
28985331,Armageddon Knight,3
53153481,Armaill,3
90374791,Armed Changer,3
59464593,Armed Dragon LV10,3
980973,Armed Dragon LV3,3
46384672,Armed Dragon LV5,3
73879377,Armed Dragon LV7,3
9076207,Armed Ninja,3
84430950,Armed Samurai - Ben Kei,3
20470500,Armed Sea Hunter,3
43378048,Armityle the Chaos Phantasm,3
79649195,Armor Break,3
87798440,Armor Breaker,3
7180418,Armor Exe,3
62742651,Armored Axon Kicker,3
67159705,Armored Cybern,3
36868108,Armored Glass,3
15480588,Armored Lizard,3
17535588,Armored Starfish,3
20277860,Armored Zombie,3
73333463,Armoroid,3
29071332,Armory Arm,3
69296555,Array of Revealing Light,3
42364374,Arsenal Bug,3
55348096,Arsenal Robber,3
85489096,Arsenal Summoner,3
88301833,Ascending Soul,3
88190790,Assault Armor,3
3431737,Assault Beast,3
76407432,Assault Counter,3
77036039,Assault Mercenary,3
80280737,Assault Mode Activate,3
93469007,Assault Overload,3
56252810,Assault Revival,3
40012727,Assault Slash,3
29863101,Assault Teleport,3
62633180,Assault on GHQ,3
37053871,Astral Barrier,3
2134346,Asura Priest,3
88236094,Aswan Apparition,3
6112401,At One With the Sword,3
48964966,Athena,3
26976414,Atlantean Pikeman,3
87340664,Atomic Firefly,3
68786330,Attack Pheromones,3
91989718,Attack Reflector Unit,3
63689843,Attack and Receive,3
84389640,Attack of the Cornered Rat,3
7183277,"Aurkus, Lightsworn Druid",3
37970940,Aussa the Earth Charmer,3
58990631,Automatic Laser,3
71453557,Autonomous Action Unit,3
29139104,Avalanching Aussa,3
99284890,Avatar of The Pot,3
69514125,Avenging Knight Parshath,3
48305365,Axe Raider,3
40619825,Axe of Despair (Archfiend),3
75081613,"Aztekipede, the Worm Warrior",3
11901678,B. Skull Dragon (Archfiend),3
14148099,B.E.S. Big Core,3
75937826,B.E.S. Big Core MK-2,3
15317640,B.E.S. Covered Core,3
22790789,B.E.S. Crystal Core,3
44954628,B.E.S. Tetran,3
88819587,Baby Dragon,3
36042004,Babycerasaurus,3
47453433,Back to Square One,3
82705573,Backfire,3
32603633,Backs to the Wall,3
36280194,Backup Soldier,3
40633297,Bad Reaction to Simochi,3
7165085,Bait Doll,3
242146,Ballista of Rampart Smashing,3
39892082,Balloon Lizard,3
28062325,Bamboo Scrap,3
61528025,Banisher of the Light,3
94853057,Banisher of the Radiance,3
10012614,Banner of Courage,3
41925941,Bark of Dark Ruler,3
86325596,Baron of the Fiend Sword,3
78783370,Barrel Behind the Door,3
81480461,Barrel Dragon,3
84478195,Barrier Statue of the Abyss,3
19740112,Barrier Statue of the Drought,3
46145256,Barrier Statue of the Heavens,3
47961808,Barrier Statue of the Inferno,3
73356503,Barrier Statue of the Stormwinds,3
10963799,Barrier Statue of the Torrent,3
89091579,Basic Insect,3
61181383,Battery Charger,3
63142001,Batteryman AA,3
19733961,Batteryman C,3
83446909,Batteryman Charger,3
55401221,Batteryman D,3
19441018,Batteryman Industrial Strength,3
56839613,Batteryman Micro-Cell,3
19665973,Battle Fader,3
48094997,Battle Footballer,3
31245780,Battle Mania,3
5053103,Battle Ox,3
18246479,Battle Steer,3
71652522,Battle Teleportation,3
5052212,Battle Tuned,3
60530944,Battle of the Elements,3
94463200,Battle-Scarred,3
69695704,Battlestorm,3
40133511,Bazoo the Soul-Eater,3
84990171,Bean Soldier,3
46009906,Beast Fangs,3
78651105,Beast King Barbaros,3
19028307,Beast Machine King Barbaros Ür,3
35149085,Beast Soul Swap,3
21362970,Beast Striker,3
11761845,Beast of Talwar (Archfiend),3
83903521,Beast of the Pharaoh,3
99426834,Beastking of the Swamps,3
16899564,Beautiful Headhuntress,3
32452818,Beaver Warrior,3
16255442,Beckoning Light,3
1474910,Bee List Soldier,3
49522489,Beelze Frog,3
20374520,"Begone, Knave!",3
94022093,Behegon,3
22996376,Behemoth the King of All Animals,3
33731070,"Beiige, Vanguard of Dark World",3
33655493,Belial - Marquis of Darkness,3
94662235,Bending Destiny,3
77207191,Berfomet,3
85605684,Berserk Dragon,3
39168895,Berserk Gorilla,3
15471265,Berserker Crush,3
56535497,Berserking,3
39256679,Beta The Magnet Warrior,3
25655502,Bickuribox,3
83392426,Bicular,3
61127349,Big Bang Shot,3
95472621,Big Burn,3
84808313,Big Evolution Pill,3
16768387,Big Eye,3
42129512,Big Koala,3
25247218,Big Piece Golem,3
65240384,Big Shield Gardna,3
51562916,Big Wave Small Wave,3
59380081,Big-Tusked Mammoth,3
58696829,Bio-Mage,3
45547649,Birdface,3
35539880,Birthright,3
50122883,Bite Shoes,3
44702857,Bitelon,3
96029574,Black Brutdrago,3
36262024,Black Dragon's Chick,3
71645242,Black Garden,3
50323155,Black Horn of Heaven,3
41426869,Black Illusion Ritual,3
55761792,Black Luster Ritual,3
5405694,Black Luster Soldier,3
72989439,Black Luster Soldier - Envoy of the Beginning,0
76792184,Black Magic Ritual,3
65169794,Black Pendant,3
76218643,Black Potan,3
90654356,Black Ptera,3
73580471,Black Rose Dragon,1
88671720,Black Salvo,3
79409334,Black Stego,3
38670435,Black Tyranno,3
52319752,Black Veloci,3
91351370,Black Whirlwind,2
87564352,Blackland Fire Dragon,3
22835145,Blackwing - Blizzard the Far North,3
49003716,Blackwing - Bora the Spear,3
11613567,Blackwing - Elphin the Raven,3
9109991,Blackwing - Fane the Steel Chain,3
2009101,Blackwing - Gale the Whirlwind,1
85215458,Blackwing - Kalut the Moon Shadow,3
46710683,Blackwing - Mistral the Silver Shield,3
58820853,Blackwing - Shura the Blue Flame,3
33236860,Blackwing - Silverwind the Ascendant,3
75498415,Blackwing - Sirocco the Dawn,3
72714392,Blackwing - Vayu the Emblem of Honor,3
76913983,Blackwing Armed Wing,3
69031175,Blackwing Armor Master,3
39507162,Blade Knight,3
58268433,Blade Rabbit,3
97023549,Blade Skater,3
28470714,Bladefly,3
11685347,Blast Asmodian,3
89041555,Blast Held by a Tribute,3
70138455,Blast Juggler,3
21051146,Blast Magician,3
26302522,Blast Sphere,3
98239899,Blast with Chain,3
99788587,Blasting Fuse,3
21466326,Blasting the Ruins,3
69537999,Blaze Accelerator,3
16984449,Blazewing Butterfly,3
92518817,Blazing Hiita,3
5464695,Blazing Inpachi,3
30653113,Blessings of the Nile,3
32015116,Blind Destruction,3
35215622,Blindly Loyal Goblin,3
61802346,Blizzard Dragon,3
96565487,Blizzard Warrior,3
60161788,"Blizzed, Defender of the Ice Barrier",3
25880422,Block Attack,3
34743446,Blocker,3
48115277,Blockman,3
25551951,Blowback Dragon,3
20871001,Blue Medicine,3
14089428,Blue Thunder T-45,3
53347303,Blue-Eyes Shining Dragon,3
53183600,Blue-Eyes Toon Dragon,3
23995346,Blue-Eyes Ultimate Dragon,3
89631139,Blue-Eyes White Dragon,3
41396436,Blue-Winged Crown,3
21340051,Boar Soldier,3
8715625,Bokoichi the Freightening Car,3
57409948,Bombardment Beetle,3
45898858,Bonding - H2O,3
37675138,Bone Crusher,3
47778083,Bone Temple Block,3
98456117,Boneheimer,3
35480699,Book of Eclipse,3
2204140,Book of Life,3
14087893,Book of Moon,3
91595718,Book of Secret Arts,3
38699854,Book of Taiyou,3
13316346,Boot-Up Soldier - Dread Dynamo,3
66947414,Boss Rush,3
84824601,Botanical Girl,3
20546916,Botanical Lion,3
81386177,Bottom Dweller,3
76532077,Bottomless Shifting Sand,3
29401950,Bottomless Trap Hole,2
32296881,Bountiful Artemis,3
52090844,Bowganian,3
87910978,Brain Control,1
81919143,Brain Crusher,3
17313545,Brain Golem,3
40267580,Brain Jacker,3
85668449,Brain Research Lab,3
59258334,Brainwashing Beam,3
30548775,Branch!,3
63851864,Break! Draw!,3
71413901,Breaker the Magical Warrior,3
96218085,Breakthrough!,3
20101223,Breath of Light,3
50321796,"Brionac, Dragon of the Ice Barrier",1
41587307,Broken Bamboo Sword,3
60930169,Broken Blocker,3
79126789,"Broww, Huntsman of Dark World",3
6214884,"Brron, Mad King of Dark World",3
30155789,Brutal Potion,3
53586134,Bubble Blaster,3
61622107,Bubble Crash,3
80075749,Bubble Illusion,3
61968753,Bubble Shuffle,3
6104968,Bubonic Vermin,3
44947065,Burden of the Mighty,3
6297941,Burglar,3
48976825,Burial from a Different Dimension,1
41859700,Burning Algae,3
59364406,Burning Beast,3
24294108,Burning Land,3
26293219,Burning Skull Head,3
18937875,Burning Spear,3
80163754,Burst Breath,3
27191436,Burst Return,3
17655904,Burst Stream of Destruction,3
78193831,Buster Blader,3
84740193,Buster Rancher,3
69243953,Butterfly Dagger - Elma,0
35011819,By Order of the Emperor,3
36935434,Byroad Sacrifice,3
17597059,Byser Shock,3
31615285,Cactus Bouncer,3
74440055,Cactus Fighter,3
9748752,Caius the Shadow Monarch,3
78637313,Call of Darkness,3
65743242,Call of the Earthbound,3
16970158,Call of the Grave,3
97077563,Call of the Haunted,1
4861205,Call of the Mummy,3
45133463,Call of the Reaper,3
51773900,Calming Magic,3
11384280,Cannon Soldier,3
14702066,Cannon Soldier MK-2,3
95614612,Cannonball Spear Shellfish,3
28120197,Canyon,3
42256406,Card Blocker,3
72892473,Card Destruction,1
26701483,Card Ejector,3
4694209,Card Guard,3
72767833,Card Rotator,3
12183332,Card Shuffle,3
48712195,Card Trader,3
85087012,Card Trooper,1
57953380,Card of Safe Return,0
42664989,Card of Sanctity,3
39701395,Cards of Consonance,3
46848859,Carrierroid,3
36931229,Castle Gate,3
44209392,Castle Walls,3
62121,Castle of Dark Illusions,3
95841282,Cat's Ear Tribe,3
95727991,Catapult Turtle,3
96501677,Catnipped Kitty,3
54360049,Catoblepas and the Witch of Fate,3
93220472,Cave Dragon,3
36468556,Ceasefire,1
94381039,"Celestia, Lightsworn Angel",3
28890974,Celestial Transformation,3
84491298,Cell Explosion Virus,3
91152256,Celtic Guardian,3
51394546,Cemetary Bomb,3
1801154,Centrifugal Field,3
20228463,Ceremonial Bell,3
28106077,Cestus of Dagla,3
48276469,Chain Burst,3
1248895,Chain Destruction,3
51449743,Chain Detonation,3
57139487,Chain Disappearance,3
79323590,Chain Energy,3
25050038,Chain Healing,3
39980304,Chain Material,3
91623717,Chain Strike,2
9952083,Chain Summoning,3
88190453,Chain Thrasher,3
77252217,Chainsaw Insect,3
44430454,Chamberlain of the Six Samurai,3
4031928,Change of Heart,0
74095602,Change of Hero - Reflector Ray,3
24673894,Changing Destiny,3
4923662,Chaos Burst,3
72630549,Chaos Command Magician,3
82301904,Chaos Emperor Dragon - Envoy of the End,0
61044390,Chaos End,3
97439308,Chaos Greed,3
1434352,Chaos Necromancer,3
9596126,Chaos Sorcerer,1
46609443,Chaos-End Master,3
47829960,Chaosrider Gustaph,3
13179332,Charcoal Inpachi,3
94886282,Charge of the Light Brigade,1
50412166,Charm of Shabti,3
37421579,Charubin the Fire Knight,3
69313735,Checkmate,3
4796100,Chimera the Flying Mythical Beast,3
79229522,Chimeratech Fortress Dragon,3
64599569,Chimeratech Overdragon,3
16956455,Chiron the Mage,3
40884383,Chopman the Desperate Outlaw,3
81380218,Chorus of Sanctuary,3
21888494,Chosen One,3
17363041,Chrysalis Chicky,3
42682609,Chrysalis Dolphin,3
16241441,Chrysalis Larva,3
42239546,Chrysalis Mole,3
43751755,Chrysalis Pantail,3
29246354,Chrysalis Pinny,3
46910446,Chthonian Alliance,3
18271561,Chthonian Blast,3
95888876,Chthonian Emperor Dragon,3
72287557,Chthonian Polymer,3
50916353,Chthonian Soldier,3
8508055,Chu-Ske the Mouse Fighter,3
41218256,Claw Reacher,3
22479888,Clay Charge,3
97811903,Clear Vice Dragon,3
33900648,Clear World,3
8323633,Cloak and Dagger,3
75041269,Clock Tower Prison,3
86871614,Cloning,3
17810268,Cloudian - Acid Cloud,3
79703905,Cloudian - Altus,3
43318266,Cloudian - Cirrostratus,3
57610714,Cloudian - Eye of the Typhoon,3
83604828,Cloudian - Ghost Fog,3
20003527,Cloudian - Nimbusman,3
83982270,Cloudian - Poison Cloud,3
56597272,Cloudian - Sheep Cloud,3
80825553,Cloudian - Smoke Ball,3
13474291,Cloudian - Storm Dragon,3
16197610,Cloudian - Turbulence,3
90135989,Cloudian Squall,3
92667214,Clown Zombie,3
42541548,Coach Goblin,3
86801871,Cobra Jar,3
75109441,Cobraman Sakuzy,3
33413638,Cockroach Knight,3
80368942,Cocoon Party,3
43644025,Cocoon Rebirth,3
56641453,Cocoon Veil,3
40240595,Cocoon of Evolution,3
65496056,Codarus,3
99342953,Code A Ancient Ruins,3
65830223,Coffin Seller,3
24661486,Cold Enchanter,3
60682203,Cold Wave,1
7565547,Collected Power,3
23693634,Colossal Fighter,3
38898779,Colossal Fighter Assault Mode,3
52518793,Colosseum - Cage of the Gladiator Beasts,3
8964854,Combination Attack,3
8806072,Combo Fighter,3
44800181,Combo Master,3
10375182,Command Knight,3
22666164,Commander Covington,3
53388413,"Commander Gottoms, Swordmaster",3
43417563,Commencement Dance,3
40465719,Common Charity,3
14772491,Common Soul,3
94192409,Compulsory Evacuation Device,3
83602069,Comrade Swordsman of Landstar,3
17375316,Confiscation,0
67630339,Confusion Chaff,3
31000575,Conscription,3
2980764,Consecrated Light,3
16616620,Contact,3
69270537,Contact Out,3
68057622,Continuous Destruction Punch,3
33244944,Contract with Exodia,3
69035382,Contract with the Abyss,3
96420087,Contract with the Dark Master,3
82639107,Convert Contact,3
62966332,Convulsion of Nature,3
66457407,Copy Plant,3
26376390,Copycat,3
18517177,Core Blast,3
59385322,Core Blaster,3
13997673,Core Compression,3
8057630,Core Reinforcement,3
30770156,Core Transport Unit,3
34290067,Corroding Shark,3
2561846,Corruption Cell A,3
68319538,Cosmic Fortress Gol'gar,3
51192573,Cosmic Horror Gangi'el,3
38999506,Cosmo Queen,3
23265313,Cost Down,3
5519829,Counselor Lily,3
38834303,Counter Cleaner,3
42309337,Counter Counter,3
11136371,Counter Gem,3
74458486,Covering Fire,3
91782219,Crab Turtle,3
18828179,Cranium Fish,3
93889755,Crass Clown,3
67494157,Crawling Dragon,3
38289717,Crawling Dragon 2,3
15305240,Creature Seizure,3
31036355,Creature Swap,3
52571838,Creeping Doom Manta,3
24566654,Crimson Fire,3
14618326,Crimson Ninja,3
28358902,Crimson Sentry,3
18654201,Criosphinx,3
24082387,Crop Circles,3
37083210,Cross Counter,3
73146473,Cross Porter,3
74976215,Cross-Sword Beetle,3
73853830,Crusader of Endymion,3
57728570,Crush Card Virus,0
39712330,Cry Havoc!,3
23950192,Cryomancer of the Ice Barrier,3
72881007,Crystal Abundance,3
95326659,Crystal Beacon,3
69937550,Crystal Beast Amber Mammoth,3
32933942,Crystal Beast Amethyst Cat,3
21698716,Crystal Beast Cobalt Eagle,3
68215963,Crystal Beast Emerald Tortoise,3
32710364,Crystal Beast Ruby Carbuncle,3
7093411,Crystal Beast Sapphire Pegasus,3
95600067,Crystal Beast Topaz Tiger,3
35486099,Crystal Blessing,3
47121070,Crystal Pair,3
8275702,Crystal Promise,3
96331676,Crystal Raigeki,3
10004783,Crystal Release,3
82099401,Crystal Seer,3
47408488,Crystal Tree,3
10789972,Cu Chulainn the Awakened,3
27178262,Cunning of the Six Samurai,3
37812118,Cup of Ace,3
85802526,Cure Mermaid,3
41398771,Curse of Aging,3
66742250,Curse of Anubis,3
84970821,Curse of Darkness,3
28279543,Curse of Dragon,3
12470447,Curse of Fiend,3
2926176,Curse of Royal,3
94377247,Curse of the Masked Beast,3
18489208,Cursed Fig,3
58851034,Cursed Seal of the Forbidden Spell,3
59907935,Cyber Archfiend,3
68774379,Cyber Barrier Dragon,3
10248389,Cyber Blader,3
39439590,Cyber Dinosaur,3
70095154,Cyber Dragon,2
5373478,Cyber Dragon Zwei,3
33093439,Cyber Eltanin,3
1546123,Cyber End Dragon,3
91663373,Cyber Esper,3
30655537,Cyber Falcon,3
76763417,Cyber Gymnast,3
80316585,Cyber Harpie Lady,3
34124316,Cyber Jar,0
76986005,Cyber Kirin,3
4162088,Cyber Laser Dragon,3
64268668,Cyber Ogre,3
37057012,Cyber Ogre 2,3
30042158,Cyber Ouroboros,3
3370104,Cyber Phoenix,3
2158562,Cyber Prima,3
39978267,Cyber Raider,3
89112729,Cyber Saurus,3
90440725,Cyber Shadow Gardna,3
32393580,Cyber Shark,3
75559356,Cyber Soldier of Darkworld,3
63477921,Cyber Summon Blaster,3
49375719,Cyber Tutu,3
74157028,Cyber Twin Dragon,3
3657444,Cyber Valley,3
69015963,Cyber-Stein,0
48766543,Cyber-Tech Alligator,3
40418351,Cyberdark Dragon,3
77625948,Cyberdark Edge,3
41230939,Cyberdark Horn,3
80033124,Cyberdark Impact!,3
3019642,Cyberdark Keel,3
96428622,Cybernetic Cyclopean,3
92773018,Cybernetic Hidden Technology,3
59023523,Cybernetic Magician,3
47295267,Cybernetic Zone,3
51020079,Cyborg Doctor,3
5494820,Cyclon Laser,3
22147147,Cyclone Blade,3
29612557,Cyclone Boomerang,3
45945685,Cycroid,3
43405287,D - Chain,3
8698851,D - Counter,3
74329404,D - Formation,3
9201964,D - Fortune,3
62868900,D - Shield,3
89899996,D - Spirit,3
99075257,D - Time,3
81057959,D. Human,3
2833249,D. Tribe,3
9910360,D.3.S. Frog,3
70074904,D.D. Assailant,3
60912752,D.D. Borderline,3
48148828,D.D. Crazy Beast,3
24508238,D.D. Crow,3
33423043,D.D. Designator,3
8628798,D.D. Dynamite,3
52702748,D.D. Guide,3
3773196,D.D. Scout Plane,3
48092532,D.D. Survivor,3
86498013,D.D. Trainer,3
5606466,D.D. Trap Hole,3
37043180,D.D. Warrior,3
7572887,D.D. Warrior Lady,3
82112775,D.D.M. - Different Dimension Master,3
9622164,D.D.R. - Different Dimension Reincarnation,3
27340877,DNA Checkup,3
74701381,DNA Surgery,3
56769674,DNA Transplant,3
14506878,DUCKER Mobile Cannon,3
44584775,Damage = Reptile,3
28378427,Damage Condenser,3
46031686,Damage Polarizer,3
35268887,Damage Translation,3
59983499,Dancing Elf,3
90925163,Dancing Fairy,3
15341821,Dandylion,2
76895648,Dangerous Machine Type-6,3
65192027,Dark Armed Dragon,1
41949033,Dark Assailant,3
80071763,Dark Balter the Terrible,3
67049542,Dark Bat,3
11321183,Dark Blade,3
86805855,Dark Blade the Dragon Knight,3
77538567,Dark Bribe,3
44341034,Dark Bug,3
12071500,Dark Calling,3
8634636,Dark Cat with White Tail,3
33875961,Dark Catapulter,3
53527835,Dark City,3
1804528,Dark Coffin,3
70231910,Dark Core,3
91596726,Dark Crusader,3
3701074,Dark Cure,3
65824822,Dark Deal,3
78053598,Dark Designator,3
65287621,Dark Driceratops,3
89111398,Dark Dust Spirit,3
81755371,Dark Effigy,3
21417692,Dark Elf,3
88643579,Dark End Dragon,3
4614116,Dark Energy,3
29436665,Dark Eradicator Warlock,3
674561,Dark Eruption,3
90928333,Dark Factory of Mass Production,3
13722870,Dark Flare Knight,3
94820406,Dark Fusion,3
70676581,Dark General Freed,3
9159938,Dark Gray,3
14536035,Dark Grepher,3
53129443,Dark Hole,0
66214679,Dark Horus,3
19357125,Dark Hunter,3
5562461,Dark Illusion,3
90980792,Dark Jeroid,3
53375573,Dark King of the Abyss,3
85313220,Dark Lucius LV4,3
12817939,Dark Lucius LV6,3
58206034,Dark Lucius LV8,3
2314238,Dark Magic Attack,3
99789342,Dark Magic Curtain,3
46986414,Dark Magician,3
38033121,Dark Magician Girl,3
50725996,Dark Magician Knight,3
40737112,Dark Magician of Chaos,0
97642679,Dark Master - Zorc,3
74713516,Dark Mimic LV1,3
1102515,Dark Mimic LV3,3
20522190,Dark Mirror Force,3
31829185,Dark Necrofear,3
38107923,Dark Nephthys,3
98502113,Dark Paladin,3
99261403,Dark Rabbit,3
45462639,Dark Red Enchanter,3
97021916,Dark Resonator,3
85562745,Dark Room of Nightmare,3
53982768,Dark Ruler Ha Des,3
92377303,Dark Sage,3
61587183,Dark Scorpion - Chick the Yellow,3
6967870,Dark Scorpion - Cliff the Trap Remover,3
48768179,Dark Scorpion - Gorg the Strong,3
74153887,Dark Scorpion - Meanae the Thorn,3
40933924,Dark Scorpion Burglars,3
20858318,Dark Scorpion Combination,3
11366199,Dark Simorgh,3
47233801,Dark Snake Syndrome,3
81759748,Dark Spider,3
38167722,Dark Spirit Art - Greed,3
93599951,Dark Spirit of the Silent,3
32646477,Dark Strike Fighter,0
76614003,Dark Tinker,3
89494469,Dark Titan of Terror,3
83269557,Dark Valkyria,3
50164989,Dark Verger,3
65282484,Dark Voltanis,3
35565537,Dark Witch,3
74117290,Dark World Dealings,3
61623148,Dark World Grimoire,3
93554166,Dark World Lightning,3
59784896,Dark Zebra,3
38247752,Dark-Eyes Illusionist,3
45895206,Dark-Piercing Light,3
35798491,Darkbishop Archfiend,3
39343610,Darkblaze Dragon,3
17881964,Darkfire Dragon,3
5388481,Darkfire Soldier 1,3
78861134,Darkfire Soldier 2,3
57579381,Darklord Marie,3
67316075,Darklord Nurse Reficule,3
40921744,Darklord Zerato,3
80168720,Darkness Approaches,3
93709215,Darkness Destroyer,3
60417395,Darkness Neosphere,3
76925842,Darknight Parshath,3
70054514,Darksea Float,3
34659866,Darksea Rescue,3
43500484,Darkworld Thorns,3
57549932,Dawnbreak Gardna,3
95286165,De-Fusion,3
19159413,De-Spell,3
32441317,De-Synchro,3
69122763,Deal of Phantom,3
14943837,Debris Dragon,3
10209545,Decayed Commander,3
35027493,Deck Devastation Virus,3
1149109,Deck Lockdown,3
2732323,Decoy Dragon,3
25034083,Decoyroid,3
69542930,Dedication through Light and Darkness,3
17559367,Deep Diver,3
78868119,Deep Sea Diva,3
13314457,Deepsea Macrotrema,3
28593363,Deepsea Shark,3
24128274,Deepsea Warrior,3
2525268,"Defender, the Magical Knight",3
24268052,Defense Draw,3
28877100,Defensive Tactics,3
36995273,Degenerate Circuit,3
87621407,Dekoichi the Battlechanted Locomotive,3
44763025,Delinquent Duo,0
39719977,Delta Attacker,3
59839761,Delta Crow - Anti Reverse,3
48934760,Demise of the Land,3
72426662,"Demise, King of Armageddon",2
72575145,Demotion,3
8279188,Depth Amulet,3
39131963,Des Counterblow,3
44883830,Des Croaking,3
12965761,Des Dendle,3
81985784,Des Feral Imp,3
84451804,Des Frog,3
78613627,Des Kangaroo,3
69579761,Des Koala,3
2326738,Des Lacooda,3
33695750,Des Mosquito,3
81059524,Des Volstgalph,3
9637706,Des Wombat,3
42079445,Descending Lost Star,3
38981606,Desert Protector,3
93747864,Desert Sunlight,3
81977953,Desert Twister,3
13409151,Desertapir,3
71200730,Despair from the Dark,3
72192100,Desrook Archfiend,3
94212438,Destiny Board,3
45809008,Destiny Draw,1
76263644,Destiny End Dragoon,3
55461064,Destiny HERO - Blade Master,3
77608643,Destiny HERO - Captain Tenacious,3
81866673,Destiny HERO - Dasher,3
54749427,Destiny HERO - Defender,3
39829561,Destiny HERO - Departed,3
13093792,Destiny HERO - Diamond Dude,3
56570271,Destiny HERO - Disk Commander,0
17132130,Destiny HERO - Dogma,3
41613948,Destiny HERO - Doom Lord,3
28355718,Destiny HERO - Double Dude,3
36625827,Destiny HERO - Dread Servant,3
40591390,Destiny HERO - Dreadmaster,3
93431862,Destiny HERO - Dunker,3
80744121,Destiny HERO - Fear Monger,3
9411399,Destiny HERO - Malicious,2
83965310,Destiny HERO - Plasma,3
15294090,Destiny Mirage,3
35464895,Destiny Signal,3
73481154,Destroyer Golem,3
80186010,Destroyersaurus,3
18739764,Destruct Potion,3
59235795,Destruction Cyclone,3
98956134,Destruction Jammer,3
5616412,Destruction Punch,3
21219755,Destruction Ring,3
62980542,Destruction of Destiny,3
77859858,Destructive Draw,3
11232355,Destructotron,3
89086566,Detonate,3
20985997,Detonator Circle A,3
19327348,Dharc the Dark Charmer,3
96967123,Dharma Cannon,3
29424328,"Diabolos, King of the Abyss",3
19980975,Diamond-Dust Cyclone,3
84257640,Dian Keto the Cure Master,3
3549275,Dice Jar,3
83241722,Dice Re-Roll,3
59905358,Dice Try!,3
11961740,Different Dimension Capsule,3
50939127,Different Dimension Dragon,3
56460688,Different Dimension Gate,3
87880531,Diffusion Wave-Motion,3
29948642,Dig Beak,3
95194279,Dimension Distortion,3
1896112,Dimension Explosion,3
1596508,Dimension Fortress Weapon,3
23557835,Dimension Fusion,0
73414375,Dimension Jar,3
67095270,Dimension Wall,3
36733451,Dimensional Alchemist,3
81674782,Dimensional Fissure,3
98666339,Dimensional Inversion,3
70342110,Dimensional Prison,3
22959079,Dimensionhole,3
24623598,Disappear,3
26834022,Disarm,3
20727787,Disarmament,3
19612721,Disc Fighter,3
15595052,Disciple of the Forbidden Spell,3
46480475,Discord,3
76137614,Disenchanter,3
76446915,Disk Magician,3
41113025,Diskblade Rider,3
40826495,Dissolverock,3
77561728,Disturbance Strategy,3
10032958,Divine Dragon - Excelion,3
67964209,Divine Dragon Aquabizarre,3
62113340,Divine Dragon Ragnarok,3
61757117,Divine Grace - Northwemko,3
57902462,Divine Knight Ishzark,3
31423101,Divine Sword - Phoenix Blade,3
49010598,Divine Wrath,3
77153811,Djinn Cursenchanter of Rituals,3
30492798,Djinn Disserere of Rituals,3
34358408,Djinn Presider of Rituals,3
4141820,Djinn Prognosticator of Rituals,3
8903700,Djinn Releaser of Rituals,3
22171591,Doctor Cranium,3
57062206,Doitsu,3
99721536,Dokurorider,3
30325729,Dokuroyaiba,3
16972957,Doma The Angel of Silence,3
32663969,Domino Effect,3
3493978,Don Turtle,3
76922029,Don Zaloog,3
76039636,Doom Dozer,3
94944637,Doom Shaman,3
78700060,Doomcaliber Knight,3
6021033,Doomkaiser Dragon,3
1764972,Doomkaiser Dragon Assault Mode,3
64379430,Doomsday Horror,3
66395299,Doppelganger,3
67464807,Dora of Fate,3
23965037,Doriado's Blessing,3
34187685,Double Attack,3
44436472,Double Coston,3
3682106,Double Snare,3
24096228,Double Spell,3
43422537,Double Summon,3
67223587,Double Tag Team,3
63730624,Double Tool C&D,3
21007444,Double-Edged Sword Technique,3
16435215,Dragged Down into the Grave,3
50045299,Dragon Capture Jar,3
64262809,Dragon Ice,3
63018132,Dragon Manipulator,3
62873545,Dragon Master Knight,3
55763552,Dragon Piper,3
80513550,Dragon Queen of Tragic Endings,3
28563545,Dragon Seeker,3
1435851,Dragon Treasure,3
66672569,Dragon Zombie,3
55991637,Dragon's Gunfire,3
71490127,Dragon's Mirror,3
54178050,Dragon's Rage,3
70681994,Dragoness the Wicked Knight,3
32437102,Dragonic Attack,3
78009994,Dragonic Guard,3
38109772,Dragonic Knight,3
43250041,Draining Shield,3
80193355,Dramatic Rescue,3
4440873,Drastic Drop Off,3
66973070,Dreadscythe Harvester,3
13215230,Dream Clown,3
8687195,Dreamsprite,3
88733579,Drill Bug,3
56286179,Drill Synchron,3
3429238,Drill Warrior,3
99050989,Drillago,3
71218746,Drillroid,3
473469,Driving Snow,3
16353197,Drooling Lizard,3
55773067,Drop Off,3
13532663,Dummy Golem,3
12493482,Dunames Dark Witch,3
51228280,Dungeon Worm,3
46239604,Dupe Frog,3
31476755,Dust Barrier,3
60082869,Dust Tornado,3
46508640,Dweller in the Depths,3
213326,E - Emergency Call,3
53693416,Eagle Eye,3
59820352,Earth Chant,3
53461122,Earth Effigy,3
10875327,Earthbound Immortal Aslla piscu,3
46263076,Earthbound Immortal Ccapac Apu,3
79798060,Earthbound Immortal Ccarayhua,3
69931927,Earthbound Immortal Chacu Challhua,3
33537328,Earthbound Immortal Cusillu,3
64187086,Earthbound Immortal Revival,3
15187079,Earthbound Immortal Uru,3
41181774,Earthbound Immortal Wiraqocha Rasca,3
67987302,Earthbound Linewalker,3
67105242,Earthbound Spirit,3
29934351,Earthbound Wave,3
96907086,Earthbound Whirlwind,3
82828051,Earthquake,3
60866277,Earthshaker,3
42578427,Eatgaboon,3
88341502,Ebon Arrow,3
46128076,Ebon Magician Curran,3
16825874,Eccentric Boy,3
97342942,Ectoplasmer,3
84361420,Edge Hammer,3
44178886,"Ehren, Lightsworn Monk",3
69954399,Ekibyo Drakmord,3
55875323,Electric Lizard,3
11324436,Electric Snake,3
24725825,Electric Virus,3
37820550,Electro-Whip,3
90219263,Elegant Egotist,3
23118924,Element Doom,3
30314994,Element Dragon,3
65260293,Element Magician,3
92755808,Element Saurus,3
66712593,Element Soldier,3
97623219,Element Valkyrie,3
94253609,Elemental Absorber,3
61411502,Elemental Burst,3
40854197,Elemental HERO Absolute Zero,3
11502550,Elemental HERO Air Neos,3
55171412,Elemental HERO Aqua Neos,3
21844576,Elemental HERO Avian,3
59793705,Elemental HERO Bladedge,3
79979666,Elemental HERO Bubbleman,3
58932615,Elemental HERO Burstinatrix,3
80908502,Elemental HERO Captain Gold,3
17032740,Elemental HERO Chaos Neos,3
84327329,Elemental HERO Clayman,3
28677304,Elemental HERO Dark Neos,3
41517968,Elemental HERO Darkbright,3
31111109,Elemental HERO Divine Neos,3
29343734,Elemental HERO Electrum,3
35809262,Elemental HERO Flame Wingman,3
81566151,Elemental HERO Flare Neos,3
16304628,Elemental HERO Gaia,3
85507811,Elemental HERO Glow Neos,3
48996569,Elemental HERO Grand Neos,3
98266377,Elemental HERO Heat,3
68745629,Elemental HERO Inferno,3
62107981,Elemental HERO Knospe,3
95362816,Elemental HERO Lady Heat,3
78512663,Elemental HERO Magma Neos,3
5128859,Elemental HERO Marine Neos,3
14225239,Elemental HERO Mariner,3
52031567,Elemental HERO Mudballman,3
81003500,Elemental HERO Necroid Shaman,3
89252153,Elemental HERO Necroshade,3
5285665,Elemental HERO Neo Bubbleman,3
89943723,Elemental HERO Neos,3
69884162,Elemental HERO Neos Alius,3
37195861,Elemental HERO Ocean,3
41436536,Elemental HERO Phoenix Enforcer,3
60493189,Elemental HERO Plasma Vice,3
51085303,Elemental HERO Poison Rose,3
89312388,Elemental HERO Prisma,3
47737087,Elemental HERO Rampart Blaster,3
25366484,Elemental HERO Shining Flare Wingman,3
88820235,Elemental HERO Shining Phoenix Enforcer,3
20721928,Elemental HERO Sparkman,3
81197327,Elemental HERO Steam Healer,3
49352945,Elemental HERO Storm Neos,3
40044918,Elemental HERO Stratos,1
83121692,Elemental HERO Tempest,3
74711057,Elemental HERO Terra Firma,3
61204971,Elemental HERO Thunder Giant,3
9327502,Elemental HERO Voltic,3
55615891,Elemental HERO Wild Wingman,3
10526791,Elemental HERO Wildedge,3
86188410,Elemental HERO Wildheart,3
75434695,Elemental HERO Woodsman,3
99414168,Elemental Mistress Doriado,3
36586443,Elemental Recharge,3
85166216,Elephant Statue of Blessing,3
12160911,Elephant Statue of Disaster,3
39897277,Elf's Light,3
73872164,Eliminating the League,3
6390406,Emblem of Dragon Destroyer,3
9845733,Emblem of the Awakening,3
28649820,Embodiment of Apophis,3
24019261,Emergency Assistance,3
53046408,Emergency Provisions,3
67723438,Emergency Teleport,1
43580269,Emes the Infinity,3
42685062,Emissary from Pandemonium,3
75043725,Emissary of the Afterlife,3
6103294,Emissary of the Oasis,3
21672573,Emperor Sem,3
15237615,Empress Judge,3
58818411,Empress Mantis,3
96355986,Enchanted Javelin,3
30531525,Enchanting Fitting Room,3
75376965,Enchanting Mermaid,3
8198712,End of the World,3
40732515,"Endymion, the Master Magician",3
98045062,Enemy Controller,3
72631243,Energy Bravery,3
56916805,Energy Drain,3
57006589,Energy-Absorbing Monolith,3
26022485,Enervating Mist,3
38280762,"Enishi, Shien's Chancellor",3
57274196,Enlightenment,3
76909279,Enraged Battle Ox,3
91862578,Enraged Muka Muka,3
62878208,Equip Shot,3
54974237,Eradicator Epidemic Virus,3
74364659,Eria the Water Charmer,3
31550470,Escape from the Dark Dimension,3
35787450,Eternal Dread,3
95051344,Eternal Rest,3
11460577,Etoile Cyber,3
31467372,Everliving Underworld Cannon,3
15684835,Evil Blast,3
8400623,Evil Dragon Ananta,3
58332301,Evil HERO Dark Gaia,3
95943058,Evil HERO Infernal Gainer,3
50304345,Evil HERO Infernal Prodigy,3
50282757,Evil HERO Infernal Sniper,3
22160245,Evil HERO Inferno Wing,3
21947653,Evil HERO Lightning Golem,3
58554959,Evil HERO Malicious Edge,3
86676862,Evil HERO Malicious Fiend,3
13293158,Evil HERO Wild Cyclone,3
85431040,Evil Thorn,3
96872283,Evocator Chevalier,3
52875873,Evolution Burst,3
63749102,Exarion Universe,3
5556668,Exchange,3
17484499,Exchange of the Spirit,0
95451366,Exhausting Spell,3
26725158,Exile of the Wicked,3
74131780,Exiled Force,3
12600382,Exodia Necross,3
33396948,Exodia the Forbidden One,1
13893596,Exodius the Ultimate Forbidden Lord,3
20586572,Exploder Dragon,3
40529384,Exploder Dragonwing,3
33413279,Explosive Magician,3
984114,Expressroid,3
55737443,"Exxod, Master of The Guard",3
7030340,Factory of 100 Machines,3
21598948,Fairy Box,3
20315854,Fairy Dragon,3
22419772,Fairy Guardian,3
45425051,Fairy King Truesdale,3
97687912,Fairy Meteor Crush,3
73507661,Fairy Wind,3
20188127,Fairy of the Spring,3
68401546,Fairy's Gift,3
17653779,Fairy's Hand Mirror,3
75582395,Faith Bird,3
41234315,Fake Explosion,3
22628574,Fake Feather,3
78387742,Fake Hero,3
3027001,Fake Trap,3
86170989,Falchion Beta,3
32919136,Falling Down,3
89731911,Familiar Knight,3
31887905,Familiar-Possessed - Aussa,3
68881649,Familiar-Possessed - Eria,3
4376658,Familiar-Possessed - Hiita,3
31764353,Familiar-Possessed - Wynn,3
77910045,Fatal Abacus,3
68396778,Faustian Bargain,3
34193084,Fear from the Dark,3
19394153,Feather Shot,3
71060915,Feather Wind,3
32271987,Featherizer,3
3954901,Felgrand Dragon,3
37406863,Fengsheng Mirror,3
218704,Fenrir,3
41392891,Feral Imp,3
78706415,Fiber Jar,0
7153114,Field Barrier,3
89529919,Field-Commander Rahz,3
81172176,Fiend Comedian,3
2863439,Fiend Reflection 2,3
26566878,Fiend Scorpion,3
66235877,Fiend Skull Dragon (Archfiend),3
58607704,Fiend's Hand Mirror,3
24874630,Fiend's Sanctuary,3
50078509,Fiendish Chain,3
82556058,Fiendish Engine Omega,3
55428811,Fifth Hope,3
6178850,Fighting Spirit,3
52503575,Final Attack Orders,3
95308449,Final Countdown,3
18591904,Final Destiny,3
73134082,Final Flame,3
60369732,Final Ritual of the Ancients,3
92595643,Fine,3
78275321,Fire Ant Ascator,3
43061293,Fire Darts,3
46534755,Fire Kraken,3
64752646,Fire Princess,3
27132350,Fire Sorcerer,3
53927679,Fire Trooper,3
87473172,Firebird,3
53293545,Firegrass,3
46173679,Fires of Doomsday,3
13846680,Firestorm Prominence,3
94804055,Firewall,3
71407486,Fireyarou,3
58873391,Fish Depth Charge,3
93369354,Fishborg Blaster,3
66788016,Fissure,3
99267150,Five-Headed Dragon,3
60862676,Flame Cerebrus,3
42599677,Flame Champion,3
12883044,Flame Dancer,3
58528964,Flame Ghost,3
34460851,Flame Manipulator,3
58098303,Flame Ogre,3
41089128,Flame Ruler,3
79444933,Flame Spirit Ignis,3
45231177,Flame Swordsman,3
2830619,Flame Viper,3
40189917,Flamvell Commando,3
60718396,Flamvell Counter,3
68226653,Flamvell Dragnov,3
23297235,Flamvell Firedog,3
21615956,Flamvell Guard,3
95621257,Flamvell Magician,3
53714009,Flamvell Uruquizas,3
96890582,Flash Assailant,3
39956951,Flash of the Forbidden Spell,3
9267769,Flashbang,3
75560629,Flint,3
83812099,Flint Lock,3
16437822,Flint Missile,3
81278754,Flip Flop Frog,3
95952802,Flower Wolf,3
31987274,Flying Fish,3
16898077,Flying Fortress SKY FIRE,3
84834865,Flying Kamakiri 1,3
3134241,Flying Kamakiri 2,3
5628232,Flying Penguin,3
97697678,Flying Saucer Muusik'i,3
63741331,Fog Control,3
6614221,Fog King,3
98252586,Follow Wind,3
81439173,Foolish Burial,1
83778600,Foolish Revival,3
25789292,Forbidden Chalice,3
43340443,Forced Back,3
97806240,Forced Ceasefire,3
74923978,Forced Requisition,3
87430998,Forest,3
43889633,Forgotten Temple of the Deep,3
26931058,Formation Union,3
66288028,Fortress Warrior,3
62337487,Fortress Whale,3
77454922,Fortress Whale's Oath,3
55586621,Fortune Lady Dark,3
82971335,Fortune Lady Earth,3
71870152,Fortune Lady Fire,3
34471458,Fortune Lady Light,3
29088922,Fortune Lady Water,3
82693917,Fortune Lady Wind,3
68663748,Fortune's Future,3
47325505,Fossil Dig,3
42009836,Fossil Dyna Pachycephalo,3
23869735,Fossil Excavation,3
17706537,Fossil Tusker,3
88753985,Fox Fire,3
69584564,Fragrance Storm,3
16556849,Freed the Brave Wanderer,3
49681811,Freed the Matchless General,3
85359414,Freezing Beast,3
98818516,Frenzied Panda,3
62154416,Frequency Magician,3
12398280,"Freya, Spirit of Victory",3
34351849,Froggy Forcefield,3
38742075,Frontier Wiseman,3
46181000,Frontline Base,3
55589254,Frost and Flame Dragon,3
6631034,Frostosaurus,3
57069605,Frozen Soul,3
49998907,Fruits of Kozaky's Studies,3
1781310,Fuh-Rin-Ka-Zan,3
9373534,Fuhma Shuriken,3
48206762,Fulfillment of the Contract,3
70865988,Full Salvo,3
38538445,Fushi No Tori,3
39711336,Fushioh Richie,3
51632798,"Fusilier Dragon, the Dual-Mode Beast",3
98336111,Fusion Devourer,3
33550694,Fusion Gate,3
73026394,Fusion Guard,3
18511384,Fusion Recovery,3
26902560,Fusion Sage,3
37684215,Fusion Sword Murasame Blade,3
27967615,Fusion Weapon,3
1641882,Fusionist,3
77565204,Future Fusion,1
90642597,Future Samurai,3
87902575,Future Visions,3
4130270,G.B. Hunter,3
37955049,Gaap the Divine Soldier,3
47985614,Gadget Arms,3
54497620,Gadget Driver,3
28002611,Gadget Hauler,3
86281779,Gadget Soldier,3
49003308,Gagagigo,3
97204936,"Gaia Knight, the Force of Earth",3
14258627,Gaia Plate the Earth Giant,3
56594520,Gaia Power,3
51355346,Gaia Soul the Combustible Collective,3
6368038,Gaia The Fierce Knight,3
66889139,Gaia the Dragon Champion,3
16229315,Gale Dogra,3
77491079,Gale Lizard,3
30915572,Gallis the Star Beast,3
37313786,Gamble,3
2196767,Gambler of Legend,3
11549357,Gamma the Magnet Warrior,3
64681432,Gandora the Dragon of Destruction,3
30646525,"Garlandolf, King of Destruction",3
90844184,Garma Sword,3
78577570,Garma Sword Oath,3
49888191,Garnecia Elefantis,3
14977074,Garoozis,3
59019082,"Garoth, Lightsworn Warrior",3
12800777,Garuda the Wind Spirit,3
25833572,Gate Guardian,3
19737320,Gatekeeper,3
27970830,Gateway of the Six,3
93431518,Gateway to Dark World,3
7512044,Gather Your Mind,3
87751584,Gatling Dragon,3
79337169,Gauntlet Warrior,3
5818798,Gazelle the King of Mythical Beasts,3
30190809,Gear Golem the Moving Fortress,3
423705,Gearfried the Iron Knight,3
57046845,Gearfried the Swordmaster,3
37694547,Geartown,3
11662742,Gellenduo,3
57753602,Gem Flash Energy,3
18096222,Gemini Booster,3
81601517,Gemini Counter,3
69140098,Gemini Elf,3
67688478,Gemini Imps,3
26254876,Gemini Lancer,3
91798373,Gemini Scorpion,3
68366996,Gemini Soldier,3
33846209,Gemini Spark,3
19041767,Gemini Summoner,3
67045174,Gemini Trap Hole,3
69247929,Gene-Warped Warwolf,3
34460239,Generation Shift,3
31038159,Genesis Dragon,3
98147766,Genetic Woman,3
24668830,Germ Infection,3
77936940,Gernia,3
21887179,Getsu Fuhma,3
59965151,Ghost Gardna,3
13386503,Ghost Knight of Jackal,3
78266168,Giant Axe Mummy,3
41762634,Giant Flea,3
95178994,Giant Germ,3
58185394,Giant Kozaky,3
73698349,Giant Orc,3
97017120,Giant Rat,3
58831685,Giant Red Seasnake,3
13039848,Giant Soldier of Stone,3
80723580,Giant Trap Hole,3
42703248,Giant Trunade,1
96981563,Giant Turtle Who Feeds on Flames,3
39526584,Gift Card,3
98299011,Gift of The Mystical Elf,3
98792570,Gift of the Martyr,3
43793530,Giga Gagagigo,3
8471389,Giga-Tech Wolf,3
47606319,Gigantes,3
82116191,Gigantic Cephalotus,3
53257892,Gigaplant,3
79080761,Gigastone Omega,3
53776525,Gigobyte,3
38445524,Gil Garth,3
45894482,Gilasaurus,3
69933858,Gilford the Legend,3
36354007,Gilford the Lightning,3
51828629,Giltia the D. Knight,3
84620194,Girochin Kuwagata,3
55465441,Give and Take,3
42592719,Gladiator Beast Alexander,3
90582719,Gladiator Beast Andal,3
41470137,Gladiator Beast Bestiari,1
25924653,Gladiator Beast Darius,3
31247589,Gladiator Beast Dimacari,3
57731460,Gladiator Beast Equeste,3
90957527,Gladiator Beast Gaiodiaz,3
48156348,Gladiator Beast Gyzarus,3
27346636,Gladiator Beast Heraklinos,3
4253484,Gladiator Beast Hoplomus,3
78868776,Gladiator Beast Laquari,3
5975022,Gladiator Beast Murmillo,3
29590752,Gladiator Beast Octavius,3
612115,Gladiator Beast Retiari,3
2619149,Gladiator Beast Samnite,3
77642288,Gladiator Beast Secutor,3
79580323,Gladiator Beast Spartacus,3
65984457,Gladiator Beast Torax,3
96216229,Gladiator Beast War Chariot,3
8730435,Gladiator Beast's Battle Archfiend Shield,3
25407406,Gladiator Beast's Battle Gladius,3
99013397,Gladiator Beast's Battle Halberd,3
52496105,Gladiator Beast's Battle Manica,3
98891840,Gladiator Beast's Respite,3
97234686,Gladiator Lash,3
35224440,Gladiator Proving Ground,3
24285858,Gladiator's Return,3
61962135,Glorious Illusion,3
78658564,Goblin Attack Force,3
66707058,Goblin Black Ops,3
12057781,Goblin Calligrapher,3
18960169,Goblin Decoy Squad,3
85306040,Goblin Elite Attack Force,3
4149689,Goblin Fan,3
18590133,Goblin King,3
69632396,Goblin Out of the Frying Pan,3
82324312,Goblin Recon Squad,3
45311864,Goblin Thief,3
63665875,Goblin Zombie,2
425934,Goblin of Greed,3
11868825,Goblin's Secret Remedy,3
67959180,Goddess of Whim,3
53493204,Goddess with the Third Eye,3
10236520,Goe Goe the Gallant Ninja,3
21155323,Goggle Golem,3
39674352,Gogiga Gagagigo,3
23116808,"Goka, the Pyre of Malice",3
15367030,Gokibore,3
14472500,Gokipon,3
75500286,Gold Sarcophagus,2
78004197,"Goldd, Wu-Lord of Dark World",3
74029853,Golden Bamboo Sword,3
76203291,Golden Flying Fish,3
27408609,Golden Homunculus,3
87102774,Golden Ladybug,3
52323207,Golem Sentry,3
59797187,Gonogo,3
9744376,Good Goblin Housekeeping,3
80233946,Gora Turtle,3
42868711,Gora Turtle of Illusion,3
52648457,Gorgon's Eye,3
44330098,Gorz the Emissary of Darkness,1
13504844,Gottoms' Emergency Call,3
7391448,Goyo Guardian,1
53334471,Gozen Match,3
79571449,Graceful Charity,0
74137509,Graceful Dice,3
98273947,Graceful Revival,3
10992251,Gradius,3
14291024,Gradius' Option,3
21785144,"Gragonith, Lightsworn Dragon",3
13944422,Granadora,3
38430673,Grand Convergence,3
13676474,Grand Tiki Elder,3
83039729,Grandmaster of the Six Samurai,3
60229110,Granmarg the Rock Monarch,3
32907538,Grapple Blocker,3
41249545,Grass Phantom,3
95166228,Grasschopper,3
57270476,Grave Lure,3
40937767,Grave Ohja,3
11448373,Grave Protector,3
48343627,Grave Squirmer,3
83266092,Grave of the Super Ancient Organism,3
82542267,Gravedigger Ghoul,3
25262697,Gravekeeper's Assailant,3
99877698,Gravekeeper's Cannonholder,3
62473983,Gravekeeper's Chief,3
17393207,Gravekeeper's Commandant,3
50712728,Gravekeeper's Curse,3
30213599,Gravekeeper's Descendant,3
37101832,Gravekeeper's Guard,3
3381441,Gravekeeper's Priestess,3
16762927,Gravekeeper's Servant,3
63695531,Gravekeeper's Spear Soldier,3
24317029,Gravekeeper's Spy,3
99523325,Gravekeeper's Stele,3
99690140,Gravekeeper's Vassal,3
3825890,Gravekeeper's Visionary,3
26084285,Gravekeeper's Watcher,3
61705417,Graverobber,3
33737664,Graverobber's Retribution,3
9391354,Gravi-Crush Dragon,3
29216198,Gravitic Orb,3
32022366,Gravity Axe - Grarl,3
56931015,Gravity Behemoth,3
85742772,Gravity Bind,1
29618570,Gray Wing,3
11813953,Great Angus,3
88989706,Great Dezard,3
2356994,Great Long Nose,3
47942531,Great Maju Garzett,3
14141448,Great Moth,3
10809984,Great Phantom Thief,3
63176202,Great Shogun Shien,3
92736188,Great Spirit,3
13429800,Great White,3
89405199,Greed,3
3972721,Greed Grado,3
50263751,Greed Quasar,3
46668237,"Green Baboon, Defender of the Forest",3
41172955,Green Gadget,3
22910685,Green Phantom King,3
61831093,Greenkappa,3
36584821,Gren Maju Da Eiza,3
51232472,"Gren, Tactician of Dark World",3
95744531,Griggle,3
75732622,Grinder Golem,3
58314394,Ground Attacker Bugroth,3
90502999,Ground Collapse,3
17243896,Ground Spider,3
55608151,Gryphon Wing,3
34370473,Gryphon's Feather Duster,3
57346400,Guard Dog,3
48653261,Guard Penalty,3
68007326,Guardian Angel Joan,3
73544866,Guardian Baou,3
10755153,Guardian Ceal,3
34022290,Guardian Eatos,3
74367458,Guardian Elma,3
47150851,Guardian Grarl,3
9633505,Guardian Kay'est,3
40659562,Guardian Sphinx,3
75209824,Guardian Statue,3
46037213,Guardian Tryce,3
71799173,Guardian of Order,3
89272878,Guardian of the Labyrinth,3
47879985,Guardian of the Throne Room,3
38975369,Gundari,3
73079365,Gust,3
55321970,Gust Fan,3
9817927,Gyaku-Gire Panda,3
31122090,Gyakutenno Megami,3
18325492,Gyroid,3
74825788,H - Heated Heart,3
76442616,HERO's Bond,3
28357177,Hade-Hane,3
15552258,Half or Nothing,3
88789641,Hallowed Life Barrier,3
80811661,Hamburger Recipe,3
26412047,Hammer Shot,3
32491822,"Hamon, Lord of Striking Thunder",3
74519184,Hand Destruction,3
98446407,Hand of Nephthys,3
78792195,Hand of the Six Samurai,3
97904474,Handcuffs Dragon,3
7089711,Hane-Hane,3
20450925,Hanewata,3
84285623,Haniwa,3
5640330,Hannibal Necromancer,3
99030164,Happy Lover,3
20060230,Hard Armor,3
68875140,Hard-sellin' Goblin,3
94374859,Hard-sellin' Zombie,3
68473226,Hardened Armed Dragon,3
34100324,Harpie Girl,3
76812113,Harpie Lady,3
91932350,Harpie Lady 1,3
27927359,Harpie Lady 2,3
54415063,Harpie Lady 3,3
12206212,Harpie Lady Sisters,3
75064463,Harpie Queen,3
18144507,Harpie's Feather Duster,0
6924874,Harpie's Pet Baby Dragon,3
52040216,Harpie's Pet Dragon,3
75782277,Harpies' Hunting Ground,3
85399281,Harvest Angel of Wisdom,3
93895605,Hate Buster,3
21015833,Hayabusa Knight,3
5434080,Headless Knight,3
31281980,Healing Wave Generator,3
64801562,Heart of Clear Water,3
35762283,Heart of the Underdog,3
23265594,Heavy Mech Support Platform,3
52417194,Heavy Slump,3
19613556,Heavy Storm,1
74968065,Hecatrice,3
59042331,Hedge Guard,3
54493213,Helios - The Primordial Sun,3
80887952,Helios Duo Megistus,3
17286057,Helios Trice Megistus,3
47025270,Helping Robo for Combat,3
76052811,Helpoemer,3
66337215,Herald of Creation,3
21074344,Herald of Green Light,3
17266660,Herald of Orange Light,3
94689635,Herald of Purple Light,3
57441100,Herculean Power,3
52584282,Hercules Beetle,3
44676200,Hero Barrier,3
37412656,Hero Blast,3
19024706,Hero Counterattack,3
191749,Hero Flash!!,3
67951831,Hero Heart,3
32679370,Hero Kid,3
75141056,Hero Mask,3
10489311,Hero Medal,3
26647858,Hero Ring,3
22020907,Hero Signal,3
81167171,Hero Spirit,3
85854214,Hero's Rule 2,3
64501875,Hibikime,3
52105192,Hidden Armory,3
2047519,Hidden Soldiers,3
21840375,Hidden Spellbook,3
82260502,Hieracosphinx,3
10248192,Hieroglyph Lithograph,3
54579801,High Tide Gyojin,3
759393,Hiita the Fire Charmer,3
75745607,Hino-Kagu-Tsuchi,3
46130346,Hinotama,3
96851799,Hinotama Soul,3
81863068,Hiro's Shadow Scout,3
76184692,Hitotsu-Me Giant,3
40410110,Homunculus the Alchemic Being,3
37742478,Honest,2
98069388,Horn of Heaven,3
38552107,Horn of Light,3
64047146,Horn of the Unicorn,3
82994509,Horseytail,3
75830094,Horus the Black Flame Dragon LV4,3
11224103,Horus the Black Flame Dragon LV6,3
48229808,Horus the Black Flame Dragon LV8,3
9264485,Horus' Servant,3
67629977,Hoshiningen,3
15083728,House of Adhesive Tape,3
93107608,Howling Insect,3
65396880,Huge Revolution,3
30353551,Human-Wave Tactics,3
46821314,Humanoid Slime,3
5600127,Humanoid Worm Drake,3
30243636,Hungry Burger,3
96005454,Hunter Dragon,3
51962254,Hunter Owl,3
80141480,Hunter Spider,3
11925569,Hunting Instinct,3
37869028,Hydra Viper,3
12174035,Hydro Pressure Cannon,3
22587018,Hydrogeddon,3
22873798,Hyena,3
2118022,Hyosube,3
62397231,Hyozanryu,3
2671330,Hyper Hammerhead,3
95526884,Hyper Psychic Blaster,3
37169670,Hyper Psychic Blaster Assault Mode,3
40348946,Hyper Synchron,3
21297224,Hysteric Fairy,3
77778835,Hysteric Party,3
53567095,Icarus Attack,3
32750510,Ice Master,3
14462257,Ice Queen,3
35984222,Ido the Supreme Magical Force,3
70595331,Il Blud,3
28546905,Illusionist Faceless Mage,3
32485518,Immortal Ruler,3
96631852,Impenetrable Formation,3
9995766,Imperial Custom,3
30459350,Imperial Iron Wall,3
61740673,Imperial Order,0
52248570,Imprisoned Queen Archfiend,3
77084837,Inaba White Rabbit,3
33031674,Incandescent Ordeal,3
84173492,Indomitable Fighter Lei Lei,3
55136228,Indomitable Gladiator Beast,3
47754278,Infernal Dragon,3
19847532,Infernal Flame Emperor,3
23309606,Infernal Incinerator,3
8581705,Infernalqueen Archfiend,3
99177923,Infernity Archfiend,3
7264861,Infernity Beast,3
25171661,Infernity Dwarf,3
18712704,Infernity Force,3
51566770,Infernity Guardian,3
56209279,Infernity Necromancer,3
74823665,Inferno,3
52684508,Inferno Fire Blast,3
17185260,Inferno Hammer,3
12247206,Inferno Reckless Summon,3
14391920,Inferno Tempest,3
94163677,Infinite Cards,3
54109233,Infinite Dismissal,3
76520646,Infinity Dark,3
4941482,Informer Spider,3
20057949,Inherited Fortune,3
79575620,Injection Fairy Lily,3
39703254,Inmato,3
97923414,Inpachi,3
23615409,Insect Barrier,3
96965364,Insect Imitation,3
35052053,Insect Knight,3
22991179,Insect Neglect,3
37957847,Insect Princess,3
91512835,Insect Queen,3
7019529,Insect Soldiers of the Sky,3
16227556,Inspection,3
1845204,Instant Fusion,3
11913700,Instant Neo Space,3
59695933,Intercept,3
36261276,Interdimensional Matter Transporter,3
57384901,Interdimensional Warp,3
14729426,Interplanetary Invader A,3
69091732,Introduction to Gallantry,3
56647086,Invader of Darkness,3
3056267,Invader of the Throne,3
26082229,Invasion of Flames,3
79161790,Inverse Universe,3
98374133,Invigoration,3
52675689,Invitation to a Dark Sleep,3
9628664,"Iris, the Earth Mother",3
73431236,Iron Blacksmith Kotetsu,3
26157485,Iron Chain Blaster,3
53152590,Iron Chain Coil,3
19974580,Iron Chain Dragon,3
53274132,Iron Chain Repairman,3
80769747,Iron Chain Snake,3
20457551,Iron Core Armor,3
63018036,Iron Core Immediate Disposal,3
34545235,Iron Core Luster,3
53039326,Iron Core Specimen Lab,3
36623431,Iron Core of Koa'ki Meiru,3
4042268,Island Turtle,3
14730606,Ivy Shackles,3
6544078,Izanagi,3
43543777,Izanami,3
90876561,Jack's Knight,3
95214051,Jade Insect Whistle,3
44364207,Jade Knight,3
96235275,"Jain, Lightsworn Paladin",3
21770260,Jam Breeding Machine,3
21558682,Jam Defender,3
33784505,Jar Robber,3
83968380,Jar of Greed,3
26932788,Javelin Beetle,3
41182875,Javelin Beetle Pact,3
14851496,Jellyfish,3
83725008,"Jenis, Lightsworn Mender",3
23635815,Jerry Beans Man,3
8487449,Jester Confit,3
72992744,Jester Lord,3
43697559,Jetroid,3
90020065,Jigen Bakudan,3
77585513,Jinzo,3
35803249,Jinzo - Lord,3
9418534,Jinzo - Returner,3
32809211,Jinzo 7,3
94773007,Jirai Gumo,3
41855169,Jowgen the Spiritualist,3
5257687,Jowls of Dark Demise,3
30113682,Judge Man,3
57774843,Judgment Dragon,2
55256016,Judgment of Anubis,3
85080048,Judgment of Thunder,3
4869446,Judgment of the Desert,3
55948544,Judgment of the Pharaoh,3
42810973,Junk Archer,3
79068663,Junk Barrage,3
37745919,Junk Box,3
63977008,Junk Synchron,3
60800381,Junk Warrior,3
10080320,Jurassic World,3
24068492,Just Desserts,3
62271284,Justi-Break,3
60410769,Jutte Fighter,3
52768103,KA-2 Des Scissors,3
51934376,Kabazauls,3
15401633,Kagemusha of the Blue Flame,3
25847467,"Kahkki, Guerilla of Dark World",3
34627841,Kaibaman,3
35059553,Kaiser Colosseum,3
94566432,Kaiser Dragon,3
52824910,Kaiser Glider,3
17444133,Kaiser Sea Horse,3
9653271,Kaminari Attack,3
97570038,Kaminote Blow,3
95789089,Kangaroo Champ,3
23289281,Karate Man,3
54541900,Karbonala Warrior,3
71587526,Karma Cut,3
52512994,Kasha,3
62340868,Kazejin,3
54878498,Kelbek,3
80441106,Keldo,3
10759529,Kid Guard,3
88979991,Killer Needle,3
79853073,Kinetic Soldier (Cipher Soldier),3
13756293,King Dragun,3
84686841,King Fog,3
20438745,King Pyron,3
83986578,King Tiger Wanghu,3
69455834,King of Yamimakai,3
67757079,King of the Beasts,3
36021814,King of the Skull Servants,3
79109599,King of the Swamp,3
64788463,King's Knight,3
45452224,Kinka-byo,3
84814897,Kiryu,3
4266839,Kiseitai,3
60519422,Kishido Spirit,3
46237548,Knight of the Red Lotus,3
87210505,Knight's Title,3
39037517,Koa'ki Meiru Beetle,3
6320631,Koa'ki Meiru Boulder,3
32314730,Koa'ki Meiru Crusader,3
80925836,Koa'ki Meiru Doom,3
12435193,Koa'ki Meiru Drago,3
5817857,Koa'ki Meiru Ghoulungulate,3
41201555,Koa'ki Meiru Gravirose,3
45041488,Koa'ki Meiru Guardian,3
31692182,Koa'ki Meiru Hydro Barrier,3
54520292,Koa'ki Meiru Ice,3
65026212,Koa'ki Meiru Maximus,3
19642889,Koa'ki Meiru Powerhand,3
10060427,Koa'ki Meiru Rooklord,3
74576482,Koa'ki Meiru Sea Panther,3
68809475,Koa'ki Meiru Speeder,3
95204084,Koa'ki Meiru Tornado,3
30936186,Koa'ki Meiru Urnight,3
72258771,Koa'ki Meiru Valafar,3
95090813,Koa'ki Meiru War Arms,3
69456283,Koitsu,3
1184620,Kojikocy,3
19406822,Kotodama,3
67724379,Koumori Dragon,3
99171160,Kozaky,3
21908319,Kozaky's Self-Destruct Button,3
59575539,Krebons,3
82642348,Kryuel,3
56283725,Kumootoko,3
37390589,Kunai with Chain,3
56514812,Kunoichi,3
85705804,Kurama,3
57666212,Kuraz the Light Monarch,3
40640057,Kuriboh,3
47432275,Kuribon,3
60802233,Kuwagata α,3
95144193,Kwagar Hercules,3
88240808,Kycoo the Ghost Destroyer,3
97590747,La Jinn the Mystical Genie of the Lamp,3
99551425,Labyrinth Tank,3
67284908,Labyrinth Wall,3
66526672,Labyrinth of Nightmare,3
90147755,Lady Assailant of Flames,3
82005435,Lady Ninja Yae,3
38480590,Lady Panther,3
17358176,Lady of Faith,3
81128478,Lair Wire,3
87756343,Larvae Moth,3
94675535,Larvas,3
77007920,Laser Cannon Armor,3
90330453,Last Day of Witch,3
97970833,Last Resort,3
28566710,Last Turn,0
85602018,Last Will,0
87322377,Launcher Spider,3
20394040,Lava Battleguard,3
41741922,Lava Dragon,3
102380,Lava Golem,3
67468948,Layard the Liberator,3
7902349,Left Arm of the Forbidden One,1
44519536,Left Leg of the Forbidden One,1
87010442,Legacy Hunter,3
30461781,Legacy of Yata-Garasu,3
96458440,Legendary Black Belt,3
12324546,Legendary Ebon Steed,3
99747800,Legendary Fiend,3
60258960,Legendary Flame Lord,3
25773409,Legendary Jujitsu Master,3
61854111,Legendary Sword,3
12472242,Leghul,3
62543393,Lekunga,3
10538007,Leogun,3
55444629,Lesser Dragon,3
16475472,Lesser Fiend (Archfiend),3
84397023,Level Conversion Lab,3
90500169,Level Down,3
57421866,Level Eater,3
54976796,Level Limit - Area A,3
3136426,Level Limit - Area B,1
61850482,Level Modulation,3
86223870,Level Retuner,3
74741494,Level Tuning,3
25290459,Level Up!,3
97385276,Level Warrior,3
37721209,Levia-Dragon - Daedalus,3
55818463,"Lich Lord, King of the Underworld",3
14318794,Life Absorbing Machine,3
17178486,Life Equalizer,3
76214441,Lifeforce Harmonizer,3
73206827,Light Barrier,3
54766667,Light Effigy,3
25132288,Light End Dragon,3
11471117,Light Laser,3
35577420,Light Spiral,3
47297616,Light and Darkness Dragon,3
62867251,Light of Intervention,3
44595286,Light of Judgment,3
2362787,Light of Redemption,3
53341729,Light-Imprisoning Mirror,3
37231841,Lighten the Load,3
49587034,Lightforce Sword,3
55226821,Lightning Blade,3
27671321,Lightning Conger,3
45023678,Lightning Punisher,3
69162969,Lightning Vortex,3
22201234,Lightsworn Barrier,3
30502181,Lightsworn Sabre,3
78845026,Lightwave Tuning,3
82324105,Limit Impulse,3
27551,Limit Reverse,3
92450185,Limiter Overload,3
23171610,Limiter Removal,1
29307554,Lineage of Destruction,3
64238008,Linear Accelerator Cannon,3
93108297,Liquid Beast,3
68658728,Little Chimera,3
90790253,Little-Winguard,3
20831168,Lizard Soldier,3
82452993,Lone Wolf,3
48686504,Lonefire Blossom,2
35514096,Lord British Space Fighter,3
40320754,Lord Poison,3
17985575,Lord of D.,3
99510761,Lord of the Lamp,3
45871897,Lost Guardian,3
96012004,Lucky Chance,3
82760689,Lucky Cloud,3
34664411,Lucky Iron Axe,3
68762510,Lucky Pied Piper,3
95503687,"Lumina, Lightsworn Summoner",1
57482479,Luminous Soldier,3
81777047,Luminous Spark,3
11091375,Luster Dragon,3
17658803,Luster Dragon 2,3
84385264,Lycanthrope,3
22624373,"Lyla, Lightsworn Sorceress",3
56342351,M-Warrior 1,3
92731455,M-Warrior 2,3
31828916,Machina Armored Unit,3
96384007,Machina Defender,3
58054262,Machina Force,3
5556499,Machina Fortress,3
42940404,Machina Gearframe,3
78349103,Machina Peacekeeper,3
23782705,Machina Sniper,3
60999392,Machina Soldier,3
25518020,Machine Assembly Line,3
25769732,Machine Conversion Factory,3
63995093,Machine Duplication,3
46700124,Machine King,3
70406920,Machine King - 3000 B.C.,3
89222931,Machine King Prototype,3
96938777,Machine Lord Ur,3
30241314,Macro Cosmos,3
94664694,Mad Archfiend,3
79182538,Mad Dog of Darkness,3
97240270,Mad Lobster,3
31034919,Mad Reloader,3
79870141,Mad Sword Beast,3
83746708,Mage Power,3
62279055,Magic Cylinder,1
59344077,Magic Drain,3
67227834,Magic Formula,3
82458280,Magic Hole Golem,3
77414722,Magic Jammer,3
1073952,Magic Planter,3
61844784,Magic Reflector,3
43385557,Magical Android,3
96008713,Magical Arm Shield,3
91819979,Magical Blast,3
39910367,Magical Citadel of Endymion,3
28553439,Magical Dimension,3
6061630,Magical Exemplar,3
32723153,Magical Explosion,1
46474915,Magical Ghost,3
81210420,Magical Hats,3
64389297,Magical Labyrinth,3
85852291,Magical Mallet,3
8034697,Magical Marionette,3
32362575,Magical Merchant,3
7802006,Magical Plant Mandragola,3
3918345,Magical Reflect Slime,3
34206604,Magical Scientist,0
98494543,Magical Stone Excavation,2
53119267,Magical Thorn,3
25531465,Magicat,3
30208479,Magician of Black Chaos,3
31560081,Magician of Faith,0
50755,Magician's Circle,3
80304126,Magician's Valkyria,3
36045450,Magicians Unite,3
36750412,Magna Drago,3
72903645,Magna-Slash Dragon,3
94940436,Magnet Circle LV2,3
50074522,Magnetic Mosquito,3
93013676,Maha Vailo,3
40695128,Maharaghi,3
84055227,Maiden of Macabre,3
17214465,Maiden of the Aqua,3
79629370,Maiden of the Moonlight,3
21159309,Majestic Dragon,3
95701283,Majestic Mech - Goryu,3
69303178,Majestic Mech - Ohka,3
32918479,Majestic Mech - Senku,3
67030233,Majestic Red Dragon,3
7841112,Majestic Star Dragon,3
60102563,Maji-Gire Panda,3
9074847,Major Riot,3
8794435,Maju Garzett,3
27827272,"Makiu, the Magical Mist",3
21593977,Makyura the Destructor,0
9433350,Malefic Blue-Eyes White Dragon,3
1224927,Malevolent Catastrophe,3
31571902,Malevolent Mech - Goku En,3
99597615,Malevolent Nuzzler,3
6137095,Malfunction,3
14255590,Malice Ascendant,3
13626450,Malice Dispersion,3
72657739,Malice Doll of Demise,3
40374923,Mammoth Graveyard,3
71395725,Man Beast of Ares,3
93553943,Man Eater,3
54652250,Man-Eater Bug,3
13723605,Man-Eating Treasure Chest,3
43714890,Man-Thro' Tro',3
38369349,Manga Ryu-Ran,3
33455338,Maniacal Servant,3
95492061,Manju of the Ten Thousand Hands,3
77121851,Manticore of Darkness,3
2460565,Marauding Captain,3
87514539,Marionette Mite,3
45247637,Mark of the Rose,3
31305911,Marshmallon,1
66865880,Marshmallon Glasses,3
71466592,Maryokutai,3
44287299,Masaki the Legendary Swordsman,3
82432018,Mask of Brutality,3
28933734,Mask of Darkness,3
20765952,Mask of Dispel,3
29549364,Mask of Restrict,3
57882509,Mask of Weakness,3
56948373,Mask of the Accursed,3
48948935,Masked Beast Des Gardius,3
87350908,Masked Chopper,3
39191307,Masked Dragon,3
10189126,Masked Sorcerer,3
34906152,Mass Driver,3
21768554,Mass Hypnosis,3
75499502,Master & Expert,3
16191953,Master Gig,3
24530661,Master Kyonshee,3
49814180,Master Monk,3
27134689,Master of Oz,3
22609617,Mataza the Zapper,3
80921533,Mausoleum of the Emperor,3
94538053,Max Warrior,3
30707994,Maximum Six,3
6133894,Mazera DeVille,3
10110717,Mecha Bunny,3
94667532,Mecha-Dog Marron,3
22512237,Mechanical Hound,3
34442949,Mechanical Snail,3
7359741,Mechanicalchaser,3
76211194,Meda Bat,3
58843503,Medium Piece Golem,3
2694423,Medusa Worm,3
46820049,Mefist the Infernal General,3
21817254,Mega Thunderball,3
32062913,Mega Ton Magical Cannon,3
22046459,Megamorph,1
71544954,Megarock Dragon,3
7562372,Megasonic Eye,3
47731128,"Mei-Kou, Master of Barriers",3
86569121,Melchid the Four-Face Beast,3
49905576,"Meltiel, Sage of the Sky",3
48700891,Memory Crusher,3
4252828,Mermaid Archer,3
24435369,Mermaid Knight,3
48642904,Mesmeric Control,3
44656491,Messenger of Peace,3
49808196,Metabo Globster,3
37792478,Metabo-Shark,3
65957473,Metal Armored Bug,3
75646520,Metal Detector,3
9293977,Metal Dragon,3
55998462,Metal Fish,3
68339286,Metal Guardian,3
26905245,Metal Reflect Slime,3
7200041,Metal Shooter,3
7369217,Metallizing Parasite - Lunatite,3
68540059,Metalmorph,3
33114323,Metalsilver Armor,3
50705071,Metalzoa,3
46411259,Metamorphosis,0
64271667,Meteor Dragon,3
56856951,Meteor Flare,3
33767325,Meteor of Destruction,3
64274292,Meteorain,3
92826944,Mezuki,1
37580756,Michizure,3
18190572,Micro Ray,3
75487237,Mid Shield Gardna,3
62327910,Mighty Guard,3
38277918,Mikazukinoyaiba,3
47986555,Millennium Golem,3
82482194,Millennium Scorpion,3
32012841,Millennium Shield,3
7489323,Milus Radiant,3
32539892,Minar,3
37520316,Mind Control,1
15800838,Mind Crush,1
75392615,Mind Haxorz,3
96782886,Mind Master,1
59718521,Mind Over Matter,3
85060248,Mind Protector,3
38680149,Mind Trust,3
52817046,Mind Wipe,3
66690411,Mind on Air,3
76321376,Mine Golem,3
85519211,Minefield Eruption,3
24419823,Minefieldriller,3
34815282,Miniaturize,3
43708640,Minoan Centaur,3
1918087,Minor Goblin Official,3
6343408,Miracle Dig,3
44887817,Miracle Fertilizer,3
131182,Miracle Flipper,3
45906428,Miracle Fusion,3
63259351,Miracle Jurassic Egg,3
55985014,Miracle Kids,3
97168905,Miracle Locus,3
68334074,Miracle Restoring,3
80551130,Miraculous Descent,3
37011715,Miraculous Rebirth,3
15960641,Mirage Dragon,3
49217579,Mirage Knight,3
48017809,Mirage Tube,3
41482598,Mirage of Nightmare,0
44095762,Mirror Force,1
43452193,Mirror Gate,3
22359980,Mirror Wall,3
46656406,Mirror of Oaths,3
1200843,Mirror of Yata,3
33178416,Misairuzame,3
1036974,Misfortune,3
58392024,Mispolymerization,3
28601770,Mist Archfiend,3
47529357,Mist Body,3
95443805,Mist Valley Shaman,3
22837504,Mist Valley Soldier,3
69448290,Mist Valley Thunderbird,3
27315304,Mist Wurm,3
45159319,Moai Interceptor Cannons,3
4929256,Mobius the Frost Monarch,3
75285069,Moisture Creature,3
94878265,Moja,3
27288416,Mokey Mokey,3
13803864,Mokey Mokey King,3
1965724,Mokey Mokey Smackdown,3
17192817,Molten Behemoth,3
19384334,Molten Destruction,3
4732017,Molten Zombie,3
95784434,Molting Escape,3
3810071,Monk Fighter,3
36121917,Monster Egg,3
43040603,Monster Gate,1
83764719,Monster Reborn,0
93108433,Monster Recovery,3
74848038,Monster Reincarnation,3
23303072,Montage Dragon,3
66818682,Moon Dragon Quilla,3
45909477,Moon Envoy,3
93671934,Morale Boost,3
22123627,Moray of Greed,3
55784832,Morinphen,3
71717923,Mormolith,3
33508719,Morphing Jar,1
79106360,Morphing Jar 2,3
92890308,Morphtransition,3
44424095,Morphtronic Accelerator,3
85101228,Morphtronic Bind,3
48381268,Morphtronic Boarden,3
92720564,Morphtronic Boomboxen,3
28124263,Morphtronic Cameran,3
93542102,Morphtronic Celfon,3
91607976,Morphtronic Clocken,3
70423794,Morphtronic Cord,3
66331855,Morphtronic Datatron,3
7817703,Morphtronic Engine,3
77229910,Morphtronic Forcefield,3
29947751,Morphtronic Magnen,3
45593005,Morphtronic Magnen Bar,3
56074358,Morphtronic Map,3
14613029,Morphtronic Mix-up,3
28284902,Morphtronic Monitron,3
55119278,Morphtronic Radion,3
57108202,Morphtronic Remoten,3
90239723,Morphtronic Repair Unit,3
20686759,Morphtronic Rusty Engine,3
10591919,Morphtronic Scopen,3
75775867,Morphtronic Slingen,3
84592800,Morphtronic Videon,3
8483333,Mosaic Manticore,3
57839750,Mother Grizzly,3
17021204,Mother Spider,3
50913601,Mountain,3
31477025,Mr. Volcano,3
70307656,Mucus Yolk,3
82108372,Mudora,3
46657337,Muka Muka,3
80863132,Muko,3
71628381,Multiple Piece Golem,3
22493811,Multiplication of Ants,3
40703222,Multiply,3
14181608,Mushroom Man,3
93900406,Mushroom Man 2,3
56907389,Musician King,3
68191243,Mustering of the Dark Scorpions,3
11508758,Mutant Mindmaster,3
69279219,My Body as a Shield,3
1347977,Mysterious Guard,3
54098121,Mysterious Puppeteer,3
53291093,Mysterious Triangle,3
25774450,Mystic Box,3
47060154,Mystic Clown,3
68516705,Mystic Horseman,3
98049915,Mystic Lamp,3
18161786,Mystic Plasma Zone,3
49251811,Mystic Probe,3
47507260,Mystic Swordsman LV2,3
74591968,Mystic Swordsman LV4,3
60482781,Mystic Swordsman LV6,3
83011278,Mystic Tomato,3
48356796,Mystical Cards of Light,3
15025844,Mystical Elf,3
98745000,Mystical Knight of Jackal,3
36607978,Mystical Moon,3
30451366,Mystical Sheep 1,3
83464209,Mystical Sheep 2,3
39552864,Mystical Shine Ball,3
5318639,Mystical Space Typhoon,1
63516460,Mystical Wind Typhoon,3
80161395,Mystik Wok,3
55424270,Mythical Beast Cerberus,3
81913510,NEX,3
70948327,Nanobreaker,3
40172183,Narrow Pass,3
18158397,Natural Disaster,3
62896588,Natural Tune,3
83467607,Nature's Reflection,3
48576971,Necklace of Command,3
4906301,Necro Gardna,1
28297833,Necroface,1
61454890,Necrolancer the Time-lord,3
47355498,Necrovalley,3
98162242,Needle Burrower,3
38411870,Needle Ceiling,3
38299233,Needle Wall,3
81843628,Needle Worm,3
84968490,Needlebug Nest,3
55117418,Nega-Ton Corepanel,3
14315573,Negate Attack,3
11021521,Neko Mane King,3
1761063,Nekogal 1,3
43352213,Nekogal 2,3
90963488,Nemuriko,3
49563947,Neo Aqua Madoor,3
16587243,Neo Bug,3
42015635,Neo Space,3
19594506,Neo Space Pathfinder,3
50930991,Neo the Magic Swordsman,3
12510878,"Neo-Parshath, the Sky Paladin",3
54959865,Neo-Spacian Air Hummingbird,3
17955766,Neo-Spacian Aqua Dolphin,3
43237273,Neo-Spacian Dark Panther,3
89621922,Neo-Spacian Flare Scarab,3
17732278,Neo-Spacian Glow Moss,3
80344569,Neo-Spacian Grand Mole,1
78734254,Neo-Spacian Marine Dolphin,3
13857930,Neo-Spacian Twinkle Moss,3
47274077,Neos Force,3
5126490,Neos Wiseman,3
19505896,Nettles,3
4335645,Newdoria,3
7076131,Next to be Lost,3
16226786,Night Assailant,1
49826746,Night Wing Sorceress,3
36107810,Night's End Sorcerer,3
42956963,Nightmare Archfiends,3
59290628,Nightmare Horse,3
81306586,Nightmare Penguin,3
54704216,Nightmare Wheel,3
58775978,Nightmare's Steelcage,3
22567609,Nimble Momonga,3
57844634,Nimble Musasabi,3
11987744,Nin-Ken Dog,3
4041838,Ninja Grandmaster Sasuke,3
89628781,Ninjitsu Art of Decoy,3
70861343,Ninjitsu Art of Transformation,3
96182448,Nitro Synchron,3
23842445,Nitro Unit,3
18013090,Nitro Warrior,3
7805359,Niwatori,3
60306104,No Entry!!,3
71044499,Nobleman of Crossout,3
17449108,Nobleman of Extermination,3
65878864,Nobleman-Eater Bug,3
45620686,Noisy Gnat,3
76848240,Non Aggression Area,3
27581098,Non-Fusion Area,3
20065549,Non-Spellcasting Area,3
48783998,Nova Summoner,3
43694075,Novox's Prayer,3
51616747,Nubian Guard,3
2130625,Numinous Healer,3
29389368,Nutrient Z,3
12953226,Nuvia the Wicked,3
63703130,O - Oversoul,3
10000000,Obelisk the Tormentor,3
52077741,Obnoxious Celtic Guard,3
90464188,Obsidian Dragon,3
10485110,Ocean Dragon Lord - Neo-Daedalus,3
45045866,Ocean's Keeper,3
74637266,Octoberser,3
86088138,Ocubeam,3
82340056,Offering to the Immortals,3
93217231,Offering to the Snake Deity,3
19230408,Offerings to the Doomed,3
45121025,Ogre of the Black Shadow,3
82670878,Ogre of the Scarlet Sorrow,3
31768112,Oilman,3
79335209,Ojama Black,3
64627453,Ojama Blue,3
90011152,Ojama Country,3
8251996,Ojama Delta Hurricane!!,3
12482652,Ojama Green,3
90140980,Ojama King,3
40391316,Ojama Knight,3
37132349,Ojama Red,3
29843091,Ojama Trio,1
42941100,Ojama Yellow,3
24643836,Ojamagic,3
98259197,Ojamuscle,3
45141844,Old Vindictive Magician,3
4857085,Omega Goggles,3
56995655,Ominous Fortunetelling,3
2295440,One for One,1
33064647,One-Eyed Shield Dragon,3
66927994,Oni Tank T-34,3
58861941,Ooguchi,3
19523799,Ookazi,3
58538870,Oppressed People,3
44762290,Opti-Camouflage Armor,3
14531242,Opticlops,3
33248692,Option Hunter,3
42280216,Oracle of the Sun,3
74115234,Orb of Yasaka,3
96875080,Orbital Bombardment,3
63120904,Orca Mega-Fortress of Darkness,3
39537362,Ordeal of a Traveler,3
78986941,Order to Charge,3
39019325,Order to Smash,3
,Orichalcos Shunoros,3
82065276,Oscillo Hero,3
71519605,Oshaleon,3
60946968,Otherworld - The A Zone,3
39751094,Otohime,3
11548522,Outstanding Dog Marron,3
72204747,Over Destiny,3
23282832,Over Limit,3
87046457,Overdoom Line,3
2311603,Overdrive,3
1834753,Overdrive Teleporter,3
3659803,Overload Fusion,1
20140382,Overwhelm,3
71272951,Overworked,3
9720537,Owner's Seal,3
58071123,Oxygeddon,3
83239739,Oyster Meister,3
74191942,Painful Choice,0
73398797,Paladin of White Dragon,3
68670547,Paladin of the Cursed Dragon,3
21263083,Pale Beast,3
39091951,Pandaborg,3
94585852,Pandemonium,3
75375465,Pandemonium Watchbear,3
42035044,Panther Warrior,3
79707116,Paralyzing Chain,3
50152549,Paralyzing Potion,3
27911549,Parasite Paracide,3
87978805,Parasitic Ticky,3
62762898,Parrot Dragon,3
52228131,Parry,3
19153634,Patrician of Darkness,3
71930383,Patroid,3
76775123,Patrol Robo,3
20624263,Peacock,3
967928,Penalty Game!,3
36039163,Penguin Knight,3
93920745,Penguin Soldier,3
64751286,Penumbral Soldier Lady,3
12143771,People Running About,3
18891691,Perfect Machine King,3
48579379,Perfectly Ultimate Great Moth,3
4849037,Performance of Sword,3
52624755,Peten the Dark Clown,3
38142739,Petit Angel,3
75356564,Petit Dragon,3
58192742,Petit Moth,3
42709949,Phalanx Pike,3
93224848,Phantasmal Martyrs,3
71181155,Phantom Beast Cross-Wing,3
70969517,Phantom Beast Rock-Lizard,3
34961968,Phantom Beast Thunder-Pegasus,3
7576264,Phantom Beast Wild-Horn,3
56605802,Phantom Cricket,3
49879995,Phantom Dragon,3
43191636,Phantom Dragonray Bronto,3
12958919,Phantom Skyblaster,3
30312361,Phantom of Chaos,3
52550973,Pharaoh's Servant,3
63571750,Pharaoh's Treasure,3
89959682,Pharaonic Protector,3
69488544,Phoenix Gearfried,3
63356631,Phoenix Wing Wind Blast,3
23558733,Phoenixian Cluster Amaryllis,3
96553688,Phoenixian Seed,3
66607691,Photon Generator Unit,3
63442604,Physical Double,3
74270067,Pikeru's Circle of Enchantment,3
58015506,Pikeru's Second Sight,3
26185991,Pinch Hopper,3
90669991,Pineapple Blast,3
50823978,Piranha Army,3
34029630,Pitch-Black Power Stone,3
88975532,Pitch-Black Warwolf,3
47415292,Pitch-Dark Dragon,3
35429292,Pixie Knight,3
46502013,Pixie Ring,3
55696885,Plague Wolf,3
33420078,Plaguespreader Zombie,1
39163598,Planet Pollutant Virus,3
54451023,Plant Food Chain,3
33302407,Poison Chain,3
56840658,Poison Draw Frog,3
76539047,Poison Fangs,3
43716289,Poison Mummy,3
8842266,Poison of the Old Man,3
73578229,Pole Position,3
91078716,Pollinosis,3
24094653,Polymerization,3
61840587,Portable Battery Pack,3
52860176,Possessed Dark Soul,3
67169062,Pot of Avarice,3
51790181,Pot of Benevolence,3
70278545,Pot of Generosity,3
55144522,Pot of Greed,0
37630732,Power Bond,3
54289683,Power Capsule,3
19844995,Power Filter,3
89547299,Power Injector,3
18842395,Power Invader,3
90246973,Power Pickaxe,3
55063681,Power Supplier,3
2403771,Power Tool Dragon,3
77027445,Power of Kaishin,3
50621530,Powered Tuner,3
33691040,Pragtical,3
68304813,Precious Cards from Beyond,3
70828912,Premature Burial,0
96729612,Preparation of Rites,3
4483989,Prepare to Strike Back,3
549481,Prevent Rat,3
94303232,Prevention Star,3
91559748,Prickle Fairy,3
86016245,Pride of the Weak,3
66518841,Prideful Roar,3
23701465,Primal Seed,3
12298909,Prime Material Dragon,3
1287123,Prime Material Falcon,3
2316186,Princess Curran,3
75917088,Princess Pikeru,3
51371017,Princess of Tsurugi,3
80234301,Prisman,3
43711255,Prohibition,3
82213171,"Prometheus, King of the Shadows",3
11373345,Proof of Powerlessness,3
11678191,Protective Soul Ailin,3
24221739,Protector of the Sanctuary,3
10071456,Protector of the Throne,3
26439287,Proto-Cyber Dragon,3
77584012,Pseudo Space,3
16678947,Psi-Curse,3
31328739,Psi-Impulse,3
4230620,Psi-Station,3
21454943,Psychic Commander,3
77600660,Psychic Emperor,3
52430902,Psychic Jumper,3
7892180,Psychic Kappa,3
45379225,Psychic Lifetrancer,3
82633308,Psychic Overload,3
25401880,Psychic Path,3
21488686,Psychic Rejuvenation,3
58453942,Psychic Snail,3
33323657,Psychic Soul,3
92346415,Psychic Sword,3
55673611,Psychic Trigger,3
3891471,Psychic Tuning,3
32180819,Psychokinesis,3
34717238,Pulling the Rug,3
29155212,Pumpking the King of Ghosts,3
74703140,Punished Eagle,3
3167573,Puppet King,3
41442341,Puppet Master,3
51119924,Puppet Plant,3
27870033,Pursuit Chaser,3
76754619,Pyramid Energy,3
77044671,Pyramid Turtle,3
53569894,Pyramid of Light,3
1082946,Pyro Clock of Destiny,3
73081602,Queen Bird,3
4179849,Queen of Autumn Leaves,3
45500495,Queen of Thorns,3
71411377,Queen's Bodyguard,3
5901497,Queen's Double,3
25652259,Queen's Knight,3
38723936,Question,3
49479374,Quick Charger,3
20932152,Quickdraw Synchron,3
23571046,Quillbolt Hedgehog,3
37318031,R - Righteous Justice,3
94905343,Rabid Horseman,3
84177693,Radiant Jeral,3
21481146,Radiant Mirror Force,3
12624008,Radiant Spirit,3
31440542,Rafflesia Seduction,3
23639291,Raging Cloudian,3
50957346,Raging Earth,3
56524813,Raging Eria,3
90810762,Raging Flame Sprite,3
95507060,Raging Mad Plants,3
37829468,Rai-Jin,3
63223467,Rai-Mei,3
12580477,Raigeki,0
4178474,Raigeki Break,3
56260110,Raimei,3
45653036,Rain Storm,3
66719324,Rain of Mercy,3
79407975,Rainbow Dark Dragon,3
79856792,Rainbow Dragon,3
21347810,Rainbow Flower,3
63806265,Rainbow Gravity,3
34002992,Rainbow Life,3
86346643,Rainbow Neos,3
7617253,Rainbow Path,3
12735388,Rainbow Veil,3
51267887,Raise Body Heat,3
73125233,Raiza the Storm Monarch,3
41382147,Rallis the Star Bird,3
3784434,Rampaging Rhynos,3
6337436,Rapid-Fire Magician,3
94681654,Raptor Wing Strike,3
25236056,Rare Metal Dragon,3
12503902,Rare Metalmorph,3
60876124,Rare Value,3
7625614,Raregold Armor,3
69890967,"Raviel, Lord of Phantasms",3
85309439,Ray & Temperature,3
82529174,Ray of Hope,3
18372968,Razor Lizard,3
74694807,Re-Fusion,3
31785398,Ready for Intercepting,3
28121403,Really Eternal Rest,3
36099620,Realm of Light,3
33066139,Reaper of the Cards,3
85684223,Reaper on the Nightmare,3
58577036,Reasoning,1
23421244,Reborn Zombie,3
37576645,Reckless Greed,3
11596936,Reckoned Power,3
81191584,Recurring Nightmare,3
96316857,Recycle,3
99995595,Recycling Batteries,3
65570596,Red Archery Girl,3
70902743,Red Dragon Archfiend,3
77336644,Red Dragon Archfiend Assault Mode,3
86445415,Red Gadget,3
38199696,Red Medicine,3
68722455,Red Ogre,3
74677422,Red-Eyes Black Dragon,3
64335805,Red-Eyes Black Metal Dragon,3
96561011,Red-Eyes Darkness Dragon,3
88264978,Red-Eyes Darkness Metal Dragon,3
67300516,Red-Eyes Wyvern,3
5186893,Red-Eyes Zombie Dragon,3
2851070,Reflect Bounder,3
70821187,Regenerating Mummy,3
31986288,Regenerating Rose,3
79544790,Regretful Rebirth,3
20210570,Regulus,3
99458769,"Reign-Beaux, Overlord of Dark World",3
10118318,Reinforce Truth,3
80102359,Reinforced Human Psychic Borg,3
32807846,Reinforcement of the Army,1
17814387,Reinforcements,3
74845897,Rekindling,3
75417459,Release Restraint,3
98847704,Release Restraint Wave,3
26956670,Release from Stone,3
37507488,Relieve Monster,3
64631466,Relinquished,3
54248491,Relinquished Spider,3
22589918,Reload,3
61656650,Remote Revenge,3
94739788,Remove Brainwashing,3
51482758,Remove Trap,3
60606759,"Renge, Gatekeeper of Dark World",3
43002864,Reptilianne Gardna,3
43426903,Reptilianne Gorgon,3
60634565,Reptilianne Hydra,3
89810518,Reptilianne Medusa,3
79491903,Reptilianne Naga,3
90576781,Reptilianne Poison,3
91580102,Reptilianne Rage,3
16909657,Reptilianne Scylla,3
16008155,Reptilianne Servant,3
21179143,Reptilianne Spawn,3
16886617,Reptilianne Vaskii,3
42303365,Reptilianne Viper,3
14878871,Rescue Cat,1
24311595,Rescueroid,3
62420419,Reshef the Dark Being,3
8951260,Respect Play,3
99518961,Restructer Revolution,3
10537981,Return Soul,3
3072077,Return Zombie,3
27174286,Return from the Different Dimension,1
19827717,Return of the Doomed,3
46874015,Return of the Six Samurai,3
5990062,Reversal Quiz,3
36690018,Reversal of Fate,3
77622396,Reverse Trap,3
18302224,Reverse of Neos,3
93912845,Revival Gift,3
31709826,Revival Jam,3
31066283,Revival of Dokurorider,3
39967326,Revival of the Immortals,3
5309481,Revived King Ha Des,3
49469105,Revoke Fusion,3
37534148,Ribbon of Rebirth,3
70903634,Right Arm of the Forbidden One,1
8124921,Right Leg of the Forbidden One,1
39180960,Rigorous Reaver,3
58641905,Ring of Defense,3
83555666,Ring of Destruction,0
20436034,Ring of Magnetism,3
38815069,"Rinyan, Lightsworn Rogue",3
34016756,Riryoku,3
70344351,Riryoku Field,3
16067089,Rise of the Snake Deity,3
45778932,Rising Air Current,3
78211862,Rising Energy,3
30450531,Rite of Spirit,3
54094821,Ritual Buster,3
25796442,Ritual Cage,3
65450690,Ritual Foregone,3
34334692,Ritual Raven,3
9145181,Ritual Sealing,3
54351224,Ritual Weapon,3
52913738,Ritual of Destruction,3
60234913,Ritual of Grace,3
90846359,Rivalry of Warlords,3
71971554,Road Synchron,3
2322421,Road Warrior,3
56339050,Roar of the Earthbound Immortal,3
19066538,Roaring Ocean Snake,3
88279736,Robbin' Goblin,3
83258273,Robbin' Zombie,3
92421852,Robolady,3
44203504,Robotic Knight,3
38916461,Roboyarou,3
28143906,Roc from the Valley of Haze,3
20781762,Rock Bombardment,3
68846917,Rock Ogre Grotto 1,3
53890795,Rocket Jumper,3
27863269,Rocket Pilder,3
30860696,Rocket Warrior,3
51987571,Rockstone Warrior,3
95515060,Rod of Silence - Kay'est,3
94793422,Rod of the Mind's Eye,3
91939608,Rogue Doll,3
91597389,Roll Out!,3
39004808,Root Water,3
93382620,Rope of Life,3
25090294,Rose Bud,3
44125452,Rose Fairy,3
41160533,Rose Tentacles,3
1557341,"Rose, Warrior of Revenge",3
46303688,Roulette Barrel,3
33950246,Royal Command,3
51452091,Royal Decree,2
54040221,Royal Firestorm Guards,3
16509093,Royal Keeper,3
68280530,Royal Knight,3
70791313,Royal Magical Library,3
93016201,Royal Oppression,2
56058888,Royal Surrender,3
37953640,Royal Swamp Eel,3
72405967,Royal Tribute,3
86742443,Royal Writ of Taxation,3
26378150,Rude Kaiser,3
46427957,"Ruin, Queen of Oblivion",3
70046172,Rush Recklessly,3
73148972,Ruthless Denial,3
21502796,"Ryko, Lightsworn Hunter",3
57281778,Ryu Kokki,3
49868263,Ryu Senshi,3
15303296,Ryu-Kishin,3
42647539,Ryu-Kishin Clown,3
24611934,Ryu-Kishin Powered,3
2964201,Ryu-Ran,3
49645921,Saber Beetle,3
44901281,Saber Hole,3
11052544,Saber Slash,3
37265642,Sabersaurus,3
30914564,Sacred Crane,3
61441708,Sacred Phoenix of Nephthys,3
26669055,Sage of Silence,3
62054060,Sage of Stillness,3
13604200,Sage's Stone,3
66602787,Saggi the Dark Clown,3
56120475,Sakuretsu Armor,3
32268901,Salamandra,3
96947648,Salvage,3
44182827,Samsara,3
72237166,Samsara Kaiser,3
5592689,Samsara Lotus,3
14344682,Samurai Sword Baron,3
50593156,Sand Gambler,3
73648243,Sand Moth,3
73051941,Sand Stone,3
25955164,Sanga of the Thunder,3
26202165,Sangan,1
60627999,Sanguine Swamp,3
53539634,Sanwitch,3
16222645,Sasuke Samurai,3
11760174,Sasuke Samurai 2,3
77379481,Sasuke Samurai 3,3
64538655,Sasuke Samurai 4,3
50400231,Satellite Cannon,3
41753322,Sauropod Brachion,3
32391631,Savage Colosseum,3
75198893,Scanner,3
73915051,Scapegoat,1
5498296,"Scarr, Scout of Dark World",3
68087897,Scary Moth,3
67532912,Science Soldier,3
4334811,Scrap Recycler,3
98427577,Scrap-Iron Scarecrow,3
10352095,Scroll of Bewitchment,3
79205581,Scrubbed Raid,3
76891401,Sea Dragon Lord Gishilnodon,3
87685879,Sea Koala,3
42071342,Sea Serpent Warrior of Darkness,3
17874674,Seal of Wickedness,3
97809599,Seal of the Ancients,3
2468169,Sealmaster Meisei,3
80885324,Search Striker,3
67646312,Searchlightman,3
22537443,Sebek's Blessing,3
36562627,Second Coin Toss,3
19086954,Second Goblin,3
27053506,Secret Barrel,3
77876207,Secret Pass to the Treasures,3
68462976,Secret Village of the Spellcasters,3
95096437,Secrets of the Gallant,3
15507080,Sectarian of Secrets,3
26533075,Security Orb,3
81524977,Seed Cannon,3
18752938,Seed of Deception,3
38041940,Seed of Flame,3
114932,Seismic Crasher,3
79569173,Seismic Shockwave,3
6740720,Seiyaryu,3
57585212,Self-Destruct Button,3
63394872,Senet Switch,3
76232340,Sengenjin,3
23401839,Senju of the Thousand Hands,3
60391791,Senri Eye,3
85448931,Sentinel of the Seas,3
49398568,Serial Spell,3
66516792,Serpent Night Dragon,3
19451302,Serpent Suppression,3
71829750,Serpentine Princess,3
2792265,Servant of Catabolism,3
3819470,Seven Tools of the Bandit,3
57827484,Shadow Delver,3
30778711,Shadow Ghoul,3
29267084,Shadow Spell,3
37620434,Shadow Tamer (Archfiend),3
58621589,Shadow of Eyes,3
99735427,Shadow-Imprisoning Mirror,3
9603356,Shadowknight Archfiend,3
27869883,Shadowpriestess of Ohm,3
20939559,Shadowslayer,3
4035199,Shapesnatch,3
56830749,Share the Pain,3
20358953,Shark Cruiser,3
12117532,Shattered Axe,3
27416701,Shiba-Warrior Taro,3
52097679,Shield & Sword,3
30683373,Shield Crush,3
3244563,Shield Spear,3
95360850,Shield Warrior,3
28859794,Shield Wing,3
15939448,Shield Worm,3
11102908,Shien's Castle of Mist,3
99675356,Shien's Footsoldier,3
7672244,Shien's Spy,3
59560625,Shift,3
59237154,Shifting Shadows,3
60365591,Shinato's Ark,3
86327225,"Shinato, King of a Higher Plane",3
82878489,Shine Palace,3
87303357,Shining Abyss,3
95956346,Shining Angel,3
82085619,Shining Friendship,3
89563150,Shining Silver Force,3
94081496,Shiny Black C,3
2420921,"Shire, Lightsworn Spirit",3
95638658,Shooting Star Bow - Ceal,3
75967082,Short Circuit,3
71950093,Shovel Crusher,3
3603242,Shreddder,3
55713623,Shrink,3
65422840,Shutendoji,3
86442081,Silent Abyss,3
42534368,Silent Doom,3
40867519,Silent Insect,3
73665146,Silent Magician LV4,3
72443568,Silent Magician LV8,3
18235577,Silent Strider,3
1995985,Silent Swordsman LV3,3
74388798,Silent Swordsman LV5,3
37267041,Silent Swordsman LV7,3
32619583,"Sillva, Warlord of Dark World",3
73001017,Silpheed,3
1557499,Silver Bow and Arrow,3
90357090,Silver Fang,3
25231813,Silver Wing,3
86489182,"Simorgh, Bird of Ancestry",3
14989021,"Simorgh, Bird of Divinity",3
92219931,Simultaneous Loss,3
60406591,Sinister Seeds,3
8131171,Sinister Serpent,0
61632317,Sinister Sprocket,3
72345736,Six Samurai United,3
54913680,Six Scrolls of the Samurai,3
60694662,Skelengel,3
82732705,Skill Drain,2
73729209,Skill Successor,3
73752131,Skilled Dark Magician,3
46363422,Skilled White Magician,3
27655513,Skreech,3
61370518,Skull Archfiend of Lightning,3
62782218,Skull Conductor,3
126218,Skull Dice,3
86652646,Skull Dog Marron,3
99899504,Skull Flame,3
3627449,Skull Guardian,3
98139712,Skull Invitation,3
2504891,Skull Knight,3
15653824,Skull Knight 2,3
6733059,Skull Lair,3
5265750,Skull Mariner,3
10202894,Skull Red Bird,3
32274490,Skull Servant,3
64306248,Skull-Mark Ladybug,3
95288024,Sky Dragon,3
11458071,Sky Scourge Enrise,3
74841885,Sky Scourge Invicil,3
48453776,Sky Scourge Norleras,3
30532390,Sky Scout,3
63035430,Skyscraper,3
47596607,Skyscraper 2 - Hero City,3
78636495,Slate Warrior,3
40200834,Sleeping Lion,3
68638985,Slime Toad,3
94484482,Slip Summon,3
72885174,Slip of Fortune,3
3797883,Slot Machine,3
22754505,Small Piece Golem,3
97169186,Smashing Ground,3
63789924,Smoke Grenade of the Thief,3
80678380,Snake Deity's Command,3
596051,Snake Fang,3
17189677,Snake Rain,3
81791932,Snake Whistle,3
45986603,Snatch Steal,0
84290642,Snipe Hunter,1
91133740,Snowman Eater,3
86318356,Sogen,3
60246171,Soitsu,3
45985838,Solar Flare Dragon,3
44472639,Solar Ray,3
691925,Solar Recharge,3
41420027,Solemn Judgment,1
35346968,Solemn Wishes,3
86780027,Solidarity,3
28966434,Solitaire Magician,3
23471572,Solomon's Lawbook,3
57617178,Sonic Bird,3
36472900,Sonic Chick,3
84696266,Sonic Duck,3
84550200,Sonic Jammer,3
38942059,Sonic Maid,3
40384720,Sonic Shooter,3
88619463,Sorcerer of Dark Magic,3
49218300,Sorcerer of the Doomed,3
68073522,Soul Absorption,3
76297408,Soul Demolition,3
51670553,Soul Devouring Bamboo Sword,3
68005187,Soul Exchange,3
5758500,Soul Release,3
92924317,Soul Resurrection,3
78864369,Soul Reversal,3
37383714,Soul Rope,3
81510157,Soul Taker,3
15734813,Soul Tiger,3
95026693,Soul of Fire,3
77527210,Soul of Purity and Light,3
47852924,Soul of the Pure,3
63012333,Soul-Absorbing Bone Tower,3
31242786,Souleater,3
4920010,Souls of the Forgotten,3
1539051,Space Gift,3
36119641,Space Mambo,3
97151365,Spacegate,3
97362768,Spark Blaster,3
76103675,Sparks,3
20644748,Spatial Collapse,3
58551308,Spear Cretin,3
31553716,Spear Dragon,3
42598242,Special Hurricane,3
9365703,Speed Warrior,3
51481927,Spell Absorption,3
41160595,Spell Calling,3
84636823,Spell Canceller,3
74402414,Spell Chronicle,3
4259068,Spell Economics,3
313513,Spell Gear,3
75014062,Spell Power Grasp,3
1669772,Spell Purification,3
15175429,Spell Reactor RE,3
76137276,Spell Reclamation,3
29228529,Spell Reproduction,3
93260132,Spell Shattering Arrow,3
38275183,Spell Shield Type-8,3
93187568,Spell Striker,3
29735721,Spell Vanishing,3
76714458,Spell of Pain,3
10069180,Spell-Stopping Statute,3
18807109,Spellbinding Circle,3
96677818,Spellbook Organization,3
82693042,Sphere of Chaos,3
52121290,Spherous Lady,3
51402177,Sphinx Teleia,3
56051648,Spider Egg,3
69408987,Spider Web,3
26640671,Spiders' Lair,3
85326399,Spike Seadra,3
87511987,Spikebot,3
42463414,Spined Gillman,3
32626733,Spiral Serpent,3
49328340,Spiral Spear Strike,3
53239672,Spirit Barrier,3
50418970,Spirit Burner,3
48659020,Spirit Caller,3
69832741,Spirit Elimination,3
16674846,Spirit Force,3
94772232,Spirit Message A,3
31893528,Spirit Message I,3
30170981,Spirit Message L,3
67287533,Spirit Message N,3
23205979,Spirit Reaper,1
67957315,Spirit Ryu,3
13522325,Spirit of Flames,3
14037717,Spirit of the Books,3
53530069,Spirit of the Breeze,3
80770678,Spirit of the Harp,3
25343280,Spirit of the Pharaoh,3
4896788,Spirit of the Pot of Greed,3
65685470,Spirit of the Six Samurai,3
92394653,Spirit's Invitation,3
70156997,Spiritual Earth Art - Kurogane,3
99173029,Spiritual Energy Settle Machine,3
42945701,Spiritual Fire Art - Kurenai,3
69112325,Spiritual Forest,3
6540606,Spiritual Water Art - Aoi,3
79333300,Spiritual Wind Art - Miyabi,3
15866454,Spiritualism,3
5645210,Splendid Venus,3
94425169,Spring of Rebirth,3
80637190,Spyder Spider,3
21175632,St. Joan,3
81385346,Stamping Destruction,3
67196946,Star Blast,3
8201910,Star Boy,3
44508094,Stardust Dragon,3
61257789,Stardust Dragon Assault Mode,3
68543408,Stardust Xiaolong,3
58120309,Starlight Road,3
65810489,Statue of the Wicked,3
92854392,Staunch Defender,3
3510565,Stealth Bird,3
98049038,Stealthroid,3
5368615,Steam Gyroid,3
44729197,Steamroid,3
29172562,Steel Ogre Grotto 1,3
90908427,Steel Ogre Grotto 2,3
13599884,Steel Scorpion,3
2370081,Steel Shell,3
83225447,Stim-Pack,3
68171737,Stone Dragon,3
15023985,Stone Ogre Grotto,3
31812496,Stone Statue of the Aztecs,3
63102017,Stop Defense,3
15935204,Storm Caller,3
39188539,Storm Shooter,3
29013526,Storming Wynn,3
25173686,Straight Flush,3
86209650,Stray Asmodian,3
60764581,Stray Lambs,3
41006930,Strike Ninja,3
30643162,Strike Slash,3
23770284,Strong Wind Dragon,3
13955608,Stronghold the Moving Fortress,3
71068263,Stuffed Animal,3
34646691,Stumbling,3
81489939,Stygian Dirge,3
50732780,Stygian Security,3
86137485,Stygian Sergeants,3
63948258,Submarine Frog,3
99861526,Submarineroid,3
20663556,Substitoad,3
6859683,Success Probability 0%,3
55291359,Succubus Knight,3
98434877,Suijin,3
55375684,Summon Cloud,3
23516703,Summon Limit,3
89493368,Summon Reactor SK,3
70781052,Summoned Skull (Archfiend),3
423585,Summoner Monk,1
14644902,Summoner of Illusions,3
79816536,Summoner's Art,3
39823987,Sun Dragon Inti,3
10321588,Sunlight Unicorn,3
73837870,Sunny Pixie,3
78552773,Supay,3
85520851,Super Conductor Tyranno,3
26120084,Super Double Summon,3
29590905,Super Junior Confrontation,3
48130397,Super Polymerization,3
27770341,Super Rejuvenation,3
75923050,Super Robolady,3
1412158,Super Roboyarou,3
28529976,Super Solar Nutrient,3
3897065,Super Vehicroid - Stealth Union,3
36256625,Super Vehicroid Jumbo Drill,3
33951077,Super War-Lion,3
6849042,Super-Ancient Dinobeast,3
20529766,Super-Electromagnetic Voltech Dragon,3
5220687,Super-Nimble Mega Hamster,3
64463828,Superalloy Beast Raptinus,3
88307361,Superancient Deepsea King Coelacanth,3
97705809,Supercharge,3
49980185,Supernatural Regeneration,3
63804806,Supersonic Skull Flame,3
95750695,Supervise,3
44072894,Supply,3
98380593,Supremacy Berry,3
58419204,Survival Instinct,3
40473581,Susa Soldier,3
10651797,Swallow Flip,3
94145683,Swallow's Nest,3
40453765,Swamp Battleguard,3
9126351,Swap Frog,3
41872150,Swarm of Locusts,3
15383415,Swarm of Scarabs,3
81896370,Swift Birdman Joe,3
16589042,Swift Gaia the Fierce Knight,3
71934924,Swift Samurai Storm!,3
84613836,Swiftstrike Armor,3
96765646,Swing of Memories,3
51345461,Sword Hunter,3
81336148,Sword Master,3
37120512,Sword of Dark Destruction,3
17589298,Sword of Dark Rites,3
98495314,Sword of Deep-Seated,3
61405855,Sword of Dragon's Soul,3
48716139,Sword of Kusanagi,3
48447192,Sword of Sparkles,3
5371656,Sword of the Soul-Eater,3
12923641,Swords of Concealing Light,3
72302403,Swords of Revealing Light,1
3573512,Swordsman of Landstar,3
50005633,Swordstalker,3
45305419,Symbol of Heritage,3
78794994,Symbols of Duty,3
21879581,Synchro Barrier,3
35537860,Synchro Blast Wave,3
98143165,Synchro Boost,3
36737092,Synchro Change,3
88289295,Synchro Control,3
24545464,Synchro Deflector,3
30123142,Synchro Strike,3
61032879,Synchronized Realm,3
72446038,Synthesis Spell,3
16946849,Synthetic Seraphim,3
18895832,System Down,3
10456559,T.A.D.P.O.L.E.,3
89698120,Tactical Espionage Expert,3
83682725,Tail Swipe,3
43641473,Tailor of the Fickle,3
28725004,Tainted Wisdom,3
44073668,Takriminos,3
3170832,Takuhee,3
71983925,Talisman of Spell Sealing,3
19312169,Talisman of Trap Sealing,3
90740329,Taunt,3
68392533,Telekinetic Charging Cell,3
28741524,Telekinetic Power Well,3
84847656,Telekinetic Shocker,3
23323812,Telepathic Power,3
6795211,Teleport,3
63101919,Tempest Magician,3
732302,Temple of Skulls,3
91468551,Temple of the Sun,3
41589166,Tenkabito Shien,3
26509612,Terra Firma Gravity,3
63308047,Terra the Terrible,3
73628505,Terraforming,3
69724380,Terrible Deal,3
35975813,Terrorking Archfiend,3
78060096,Terrorking Salmon,3
3030892,Test Ape,3
92373006,Test Tiger,3
87148330,"Tethys, Goddess of Light",3
16469012,Teva,3
32864,The 13th Grave,3
403847,The A. Forces,3
64734921,The Agent of Creation - Venus,3
91123920,The Agent of Force - Mars,3
91345518,The Agent of Judgment - Saturn,3
38730226,The Agent of Wisdom - Mercury,3
32269855,The All-Seeing White Tiger,3
73680966,The Beginning of the End,3
1689516,The Big March of Animals,3
34004470,The Big Saturn,3
71107816,The Bistro Butcher,3
51196174,The Calculator,3
41142615,The Cheerful Coffin,3
61505339,The Creator,3
97093037,The Creator Incarnate,3
52101615,The Dark - Hex-Sealed Fusion,3
92719314,The Dark Creator,3
30606547,The Dark Door,3
93346024,The Dragon Dwelling in the Cave,3
4404099,The Dragon Dwelling in the Deep,3
92408984,The Dragon's Bead,3
66989694,The Earl of Demise,3
88696724,The Earth - Hex-Sealed Fusion,3
68400115,The Emperor's Holiday,3
65403020,The End of Anubis,3
34694160,The Eye of Truth,3
66362965,The Fiend Megacyber,3
31076103,The First Sarcophagus,3
43973174,The Flute of Summoning Dragon,3
20065322,The Flute of Summoning Kuriboh,3
42829885,The Forceful Sentry,0
29826127,The Forces of Darkness,3
84080939,The Forgiving Maiden,3
18710707,The Furious Sea King,3
5915629,The Gift of Greed,3
84136000,The Grave of Enkindling,3
88089103,The Graveyard in the Fourth Dimension,3
68049471,The Gross Ghost of Fled Dreams,3
1525329,The Hunter with 7 Weapons,3
83764996,The Illusory Gentleman,3
52035300,The Immortal Bushi,3
84926738,The Immortal of Thunder,3
81820689,The Inexperienced Spy,3
28003512,The Judgement Hand,3
90407382,The Kick Man,3
40991587,The Lady in Wight,3
86099788,The Last Warrior from Another Planet,3
66926224,The Law of the Normal,3
55008284,The League of Uniform Nomenclature,3
3643300,The Legendary Fisherman,3
15717011,The Light - Hex-Sealed Fusion,3
25109950,The Little Swordsman of Aile,3
22610082,The Mask of Remnants,3
49064413,The Masked Beast,3
50470982,The Paths of Destiny,3
32541773,The Portrait's Secret,3
40703393,The Puppet Magic of Dark Ruler,3
296499,The Regulation of Tribe,3
16430187,The Reliable Guardian,3
76305638,The Rock Spirit,3
56433456,The Sanctuary in the Sky,3
4081094,The Second Sarcophagus,3
99351431,The Secret of the Bandit,3
30888983,The Selection,3
43434803,The Shallow Grave,3
27782503,The Six Samurai - Irou,3
90397998,The Six Samurai - Kamon,3
31904181,The Six Samurai - Nisashi,3
64398890,The Six Samurai - Yaichi,3
69025477,The Six Samurai - Yariza,3
95519486,The Six Samurai - Zanji,3
99517131,The Spell Absorbing Life,3
10262698,The Statue of Easter Island,3
87557188,The Stern Mystic,3
78243409,The Thing in the Crater,3
78697395,The Third Sarcophagus,3
46652477,The Transmigration Prophecy,1
14778250,The Tricky,3
38479725,The Trojan Horse,3
65475294,The Unfriendly Amazon,3
27618634,The Unhappy Girl,3
51275027,The Unhappy Maiden,3
95281259,The Warrior Returning Alive,3
79814787,The White Stone of Legend,3
21208154,The Wicked Avatar,3
62180201,The Wicked Dreadroot,3
57793869,The Wicked Eraser,3
6285791,The Wicked Worm Beast,3
5973663,The World Tree,3
51838385,Theban Nightmare,3
87997872,Theinen the Great Sphinx,3
26205777,Thestalos the Firestorm Monarch,3
65079854,Thorn of Malice,3
70780151,Thought Ruler Archfiend,3
41462083,Thousand Dragon,3
5703682,Thousand Energy,3
63391643,Thousand Knives,3
33977496,Thousand Needles,3
27125110,Thousand-Eyes Idol,3
81434470,Thousand-Eyes Jellyfish,3
63519819,Thousand-Eyes Restrict,0
36361633,Threatening Roar,3
78423643,Three-Headed Geedo,3
33734439,Three-Legged Zombies,3
76075810,Throwstone Unit,3
69196160,Thunder Crash,3
31786629,Thunder Dragon,3
15510988,Thunder Kid,3
71564252,Thunder King Rai-Oh,3
70797118,Thunder Nyan Nyan,3
91781589,Thunder of Ruler,3
49791927,Tiger Axe,3
10097168,Tiger Dragon,3
80987696,Time Machine,3
94068856,Time Passage,3
35316708,Time Seal,0
71625222,Time Wizard,3
44913552,Timeater,3
40350910,Timidity,3
83675475,Token Feastevil,3
57182235,Token Thanksgiving,3
82003859,Toll,3
91250514,Tongue Twister,3
69572024,Tongyo,3
59383041,Toon Alligator,3
79875176,Toon Cannon Soldier,3
90960358,Toon Dark Magician Girl,3
43509019,Toon Defense,3
42386471,Toon Gemini Elf,3
15270885,Toon Goblin Attack Force,3
16392422,Toon Masked Sorcerer,3
65458948,Toon Mermaid,3
91842653,Toon Summoned Skull (Archfiend),3
89997728,Toon Table of Contents,3
15259703,Toon World,3
83370323,Torapart,3
61068510,Tornado,3
71283180,Tornado Bird,3
18605135,Tornado Wall,3
90337190,Torpedo Fish,3
53582587,Torrential Tribute,1
75372290,Total Defense Shogun,3
564541,Totem Dragon,3
62784717,Tour of Doom,3
94256039,Tower of Babel,3
58132856,Toy Magician,3
38120068,Trade-In,3
35686188,Tragedy,3
98777036,Tragoedia,1
42348802,Trakodon,3
25573054,Transcendent Wings,3
66100045,Transmigration Break,3
64697231,Trap Dustshoot,1
13821299,Trap Eater,3
4206964,Trap Hole,3
19252988,Trap Jammer,3
46461247,Trap Master,3
52286175,Trap Reactor Y FI,3
2122975,Trap Reclamation,3
59616123,Trap Stun,3
3055837,Trap of Board Eraser,3
79766336,Trap of Darkness,3
80955168,Trap of the Imperial Tomb,3
99590524,Treacherous Trap Hole,3
54762426,Treasure Map,3
71759912,Tree Otter,3
12538374,Treeborn Frog,2
46918794,Tremendous Fire,3
78780140,Trent,3
21420702,Tri-Blaze Accelerator,3
39111158,Tri-Horned Dragon,3
77827521,Trial of Nightmare,3
72709014,Trial of the Princesses,3
12181376,Triangle Ecstasy Spark,3
32298781,Triangle Power,3
33184167,Tribe-Infecting Virus,0
2903036,Tribute Doll,3
79759861,Tribute to the Doomed,3
75622824,Tricky Spell 4,3
20797524,Tricular,3
39402797,Trident Dragion,3
96148285,Triggered Summon,3
45042329,Tripwire Beast,3
63323539,Trojan Blast,3
76384284,Trojan Gladiator Beast,3
55013285,Troop Dragon,3
61538782,Truckroid,3
34853266,Tsukuyomi,0
27769400,Tualatin,3
74093656,Tune Warrior,3
47459126,Tuned Magician,3
50951359,Tuner Capture,3
5609226,Tuner's Barrier,3
70284332,Tuner's Scheme,3
92676637,Tuningware,3
60187739,Turbo Booster,3
13574687,Turbo Cannon,3
6142213,Turbo Rocket,3
67270095,Turbo Synchron,3
46195773,Turbo Warrior,3
88559132,Turret Warrior,3
72929454,Turtle Bird,3
76806714,Turtle Oath,3
37313348,Turtle Tiger,3
59053232,Turu-Purun,3
3149764,Tutan Mask,3
2986553,Twilight Rose Knight,3
29692206,Twin Long Rods 2,3
21900719,Twin Swords of Flashing Light - Tryce,3
70050374,Twin-Barrel Dragon,3
43586926,Twin-Headed Behemoth,3
78984772,Twin-Headed Fire Dragon,3
54752875,Twin-Headed Thunder Dragon,3
88132637,Twin-Headed Wolf,3
24025620,Twin-Shield Defender,3
40225398,Twin-Sword Marauder,3
82035781,Twinheaded Beast,3
45939841,Twister,3
83228073,Two Thousand Needles,3
94119974,Two-Headed King Rex,3
25578802,Two-Man Cell Battle,3
57305373,Two-Mouth Darkruler,3
83887306,Two-Pronged Attack,3
72842870,Tyhone,3
56789759,Tyhone 2,3
68811206,Tyler the Great Warrior,3
21237481,Type Zero Magic Crusher,3
83235263,Tyranno Infinity,3
94568601,Tyrant Dragon,3
11819616,"Tytannial, Princess of Camellias",3
60806437,UFO Turtle,3
7602840,UFOroid,3
32752319,UFOroid Fighter,3
12652643,Ultimate Ancient Gear Golem,3
67934141,Ultimate Baseball Kid,3
49441499,Ultimate Insect LV1,3
34088136,Ultimate Insect LV3,3
34830502,Ultimate Insect LV5,3
19877898,Ultimate Insect LV7,3
32240937,Ultimate Obedient Fiend,3
80604091,Ultimate Offering,2
15894048,Ultimate Tyranno,3
22431243,Ultra Evolution Pill,3
86229493,Umbral Soul,3
22702055,Umi,3
82999629,Umiiruka,3
63465535,Underground Arachnid,3
57308711,Unicycular,3
56052205,Unifrog,3
60399954,Union Attack,3
11743119,Union Rider,3
85936485,United Resistance,3
56747793,United We Stand,2
14731897,Unity,3
97360116,Unknown Warrior of Fiend,3
73567374,Unleash Your Power!,3
92084010,Unshaven Angler,3
62991886,Unstable Evolution,3
90557975,Updraft,3
70368879,Upstart Goblin,3
1784619,Uraby,3
99002135,Urgent Synthesis,3
94634433,Urgent Tuning,3
6007213,"Uria, Lord of Searing Flames",3
48649353,Ushi Oni,3
51638941,V-Tiger Jet,3
58859575,VW-Tiger Catapult,3
84243274,VWXYZ-Dragon Catapult Cannon,3
1353770,"Valhalla, Hall of the Fallen",3
75347539,Valkyrion the Magna Warrior,3
56387350,Vampire Baby,3
22056710,Vampire Genesis,3
26495087,Vampire Lady,3
53839837,Vampire Lord,3
34294855,Vampire's Curse,3
46571052,Vampiric Orchis,3
24857466,Van'Dalgyon the Dark Dragon Lord,3
77135531,Vanguard of the Dragon,3
24838456,Vanity's Call,3
47084486,Vanity's Fiend,3
72634965,Vanity's Ruler,3
32233746,Vanquishing Light,3
65196094,Variety Comes Out,3
23299957,Vehicroid Connection Zone,3
90434926,Veil of Darkness,3
95220856,Vengeful Bog Spirit,3
21702241,Vengeful Servant,3
26046205,Vengeful Shinobi,3
8062132,Vennominaga the Deity of Poisonous Snakes,3
72677437,Vennominon the King of Poisonous Snakes,3
9284723,Venom Boa,3
4466015,Venom Burn,3
22499463,Venom Cobra,3
36278828,Venom Serpent,3
60728397,Venom Shot,3
73899015,Venom Snake,3
54306223,Venom Swamp,3
80402389,Verdant Sanctuary,3
50259460,Versago the Destroyer,3
75524092,Vicious Claw,3
75162696,Victoria,3
44910027,Victory Dragon,0
93130021,Victory Viper XX03,3
39774685,Vile Germs,3
73219648,Vilepawn Archfiend,3
94042337,Violent Rain,3
15052462,Violet Crystal,3
62379337,Violet Witch,3
64973456,Viper's Rebirth,3
54591086,Virus Cannon,3
56043447,Viser Des,3
81020140,Volcanic Blaster,3
66436257,Volcanic Counter,3
32543380,Volcanic Doomfire,3
42175079,Volcanic Eruption,3
54514594,Volcanic Hammerer,3
63014935,Volcanic Queen,3
33112041,Volcanic Rat,3
33725271,Volcanic Recharge,3
76459806,Volcanic Rocket,3
69750546,Volcanic Scattershot,3
33365932,Volcanic Shell,3
17415895,Volcanic Slicer,3
20951752,Voltanis the Adjudicator,3
93151201,Voltic Kong,3
14898066,Vorse Raider,3
7736719,Vortex Trooper,3
96300057,W-Wing Catapult,3
12607053,Waboku,3
63162310,Wall Shadow,3
13945283,Wall of Illusion,3
30069398,Wall of Ivy,3
17078030,Wall of Revealing Light,1
2779999,Wall of Thorns,3
42994702,Wandering Mummy,3
54539105,War-Lion Ritual,3
16751086,Warm Worm,3
75953262,Warrior Dai Grepher,3
90873992,Warrior Elimination,3
5438492,Warrior Lady of the Wasteland,3
43797906,Warrior of Atlantis,3
56413937,Warrior of Tradition,3
66073051,Warrior of Zera,3
23424603,Wasteland,3
87774234,Watapon,3
85066822,Water Dragon,3
49669730,Water Hazard,3
93343894,Water Magician,3
2483611,Water Omotics,3
487395,Water Spirit,3
27324313,Wattkid,3
38992735,Wave-Motion Cannon,3
10035717,Weapon Change,3
72053645,Weather Report,3
28604635,Weed Out,3
5763020,Weeping Idol,3
2084239,Wetlands,3
91996584,Whiptail Crow,3
15090429,Whirlwind Prodigy,3
93730409,Whirlwind Weasel,3
9786492,White Dragon Ritual,3
43487744,White Hole,3
15150365,White Magical Hat,3
81383947,White Magician Pikeru,3
79473793,White Night Dragon,3
1571945,White Ninja,3
98024118,White Potan,3
73891874,White-Horned Dragon,3
23440062,Wicked Rebirth,3
68427465,Wicked-Breaking Flamberge - Baou,3
42167046,Widespread Dud,3
77754944,Widespread Ruin,3
68815401,Wild Fire,3
61166988,Wild Nature's Release,3
99865167,Wind Effigy,3
59744639,Windstorm of Etaqua,3
87796900,"Winged Dragon, Guardian of the Fortress 1",3
57405307,"Winged Dragon, Guardian of the Fortress 2",3
57116033,Winged Kuriboh,3
98585345,Winged Kuriboh LV10,3
33776734,Winged Kuriboh LV9,3
89258225,Winged Minion,3
18430390,Winged Rhynos,3
87523462,Winged Sage Falcos,3
31447217,Wingweaver,3
75946257,Witch Doctor of Chaos,3
30525991,Witch Doctor of Sparta,3
78010363,Witch of the Black Forest,0
17720747,Witch of the Black Rose,3
80741828,Witch's Apprentice,3
36304921,Witty Phantom,3
42883273,Wodan the Resident of the Forest,3
56369281,Wolf Axwielder,3
83546647,Wolf in Sheep's Clothing,3
38568567,Wonder Clover,3
50684552,Wonder Garage,3
35322812,Woodborg Inpachi,3
9848939,Woodland Archer,3
6979239,Woodland Sprite,3
12253117,World Suppression,3
88650530,Worm Apocalypse,3
43140791,Worm Bait,3
15658249,Worm Barses,3
51043243,Worm Cartaros,3
88438982,Worm Dimikles,3
73216412,Worm Drake,3
14936691,Worm Erokin,3
69750536,Wow Warrior,3
52098461,Wrath of Neos,3
17238333,Wretched Ghost of the Attic,3
6480253,Wroughtweiler,3
58996430,"Wulf, Lightsworn Beast",3
37744402,Wynn the Wind Charmer,3
62651957,X-Head Cannon,3
90508760,X-Saber Airbellum,3
23115241,X-Saber Anu Piranha,3
53100061,X-Saber Axel,3
50604950,X-Saber Galahad,3
80108118,X-Saber Urbellum,3
26993374,X-Saber Uruz,3
42737833,XX-Saber Emmersblade,3
51808422,XX-Saber Faultroll,3
78422252,XX-Saber Fulhelmknight,3
42024143,XX-Saber Gardestrike,3
77330185,XX-Saber Garsem,3
52352005,XX-Saber Gottoms,3
2203790,XX-Saber Hyunlei,3
87292536,XX-Saber Ragigura,3
2111707,XY-Dragon Cannon,3
91998119,XYZ-Dragon Cannon,3
99724761,XZ-Tank Cannon,3
76515293,Xing Zhen Hu,3
65622692,Y-Dragon Head,3
25119460,YZ-Tank Dragon,3
29380133,Yado Karu,3
70345785,Yamadron,3
76862289,Yamata Dragon,3
82841979,Yamato-no-Kami,3
59197169,Yami,3
71280811,Yaranzo,3
3078576,Yata-Garasu,0
65303664,"Yellow Baboon, Archer of the Forest",3
13839120,Yellow Gadget,3
4542651,Yellow Luster Shield,3
51534754,Yomi Ship,3
81332143,Yu-Jo Friendship,3
78371393,Yubel,3
4779091,Yubel - Terror Incarnate,3
31764700,Yubel - The Ultimate Nightmare,3
64500000,Z-Metal Tank,3
51945556,Zaborg the Thunder Monarch,3
22858242,Zeman the Ape King,3
81756897,Zera Ritual,3
69123138,Zera the Mant,3
12171659,"Zeradias, Herald of Heaven",3
93816465,Zero Gardna,3
83133491,Zero Gravity,3
64382839,Zeta Reticulant,3
24311372,Zoa,3
16268841,Zolga,3
79852326,Zoma the Spirit,3
43642620,Zombie Mammoth,3
17259470,Zombie Master,3
47693640,Zombie Tiger,3
4064256,Zombie World,3
88472456,Zombyra the Dark,3
86100785,Zone Eater,3
7459013,"Zure, Knight of Dark World",3
